source_test_row,home_team_name,away_team_name,home_score,away_score,B365A,B365D,B365H,lambda_home_unshared,lambda_away_unshared,lambda_shared,joint_expected_home_goals,joint_expected_away_goals,vector_expected_home_goals,vector_expected_away_goals,independent_expected_home_goals,independent_expected_away_goals,calibrated_expected_home_goals,calibrated_expected_away_goals,RF_independent_Away,RF_independent_Draw,RF_independent_Home,RF_independent_calibrated_Away,RF_independent_calibrated_Draw,RF_independent_calibrated_Home,RF_bivariate_exact_Away,RF_bivariate_exact_Draw,RF_bivariate_exact_Home,RF_bivariate_simulated_Away,RF_bivariate_simulated_Draw,RF_bivariate_simulated_Home,RF_vector_Away,RF_vector_Draw,RF_vector_Home,Market_Away,Market_Draw,Market_Home
0,Osasuna,Sevilla,2,1,2.4,3.1,3.2,1.0558601765561109,1.462737150926249,0.019998109246634324,1.0758582858027452,1.4827352601728834,1.11251766200316,1.434429699423023,1.0725441956925776,1.4841190005663463,1.0707047986011087,1.4886804828657532,0.46654513151341664,0.25977041159590397,0.27368445689067933,0.46816089364827473,0.2594038873435133,0.2724352190082121,0.4648868674702592,0.26215263713623316,0.2729604953935072,0.46334,0.26408,0.27258,0.4442842657265392,0.26295261221108396,0.2927631220623771,0.39616613418530355,0.30670926517571884,0.2971246006389776
1,Celta Vigo,Espanyol,2,2,4.75,3.75,1.8,1.7041299473075304,1.0108904733051887,0.02156538958603022,1.7256953368935606,1.0324558628912188,1.746809605166352,0.97921791545525,1.7310575057884654,1.0256673647577172,1.7280887683190906,1.0288197828102024,0.22351526083034096,0.23733482454028543,0.5391499146293735,0.22468872923262523,0.23762591758615623,0.5376853531812185,0.2238475417863198,0.23985619296096425,0.536296265252716,0.22564,0.24214,0.53222,0.2103278233135779,0.23552188257094422,0.5541502941154779,0.20385050962627407,0.2582106455266138,0.5379388448471122
2,Valladolid,Villarreal,0,3,1.9,3.6,3.9,1.0122410199573972,1.6448231644790925,0.01676791566075604,1.0290089356181533,1.6615910801398486,1.0629403042918022,1.6404437276841577,1.0282357974124672,1.6688666924397864,1.0264723885546312,1.6739960020670661,0.5235877350821583,0.24322418497570658,0.2331880799421352,0.5252590071608875,0.24274112837656622,0.23199986446254672,0.5215746575476712,0.24557056376121475,0.23285477869111404,0.51866,0.24884,0.2325,0.5083293992605855,0.2456973709864614,0.24597322975295277,0.49628844114528103,0.26193001060445387,0.24178154825026515
3,Barcelona,Rayo Vallecano,0,0,12.0,7.0,1.22,2.4906163099879706,0.7114595703769282,0.025729849885239627,2.51634615987321,0.7371894202621678,2.513507962396868,0.7447293125183307,2.5299714169425394,0.7218594713770325,2.5256325541856355,0.7240781271587381,0.08479874373909227,0.1490119280681131,0.7661893281927947,0.08540200707829336,0.1495427825452544,0.7650552103764523,0.08571215110325933,0.15172308129058074,0.7625647676061599,0.0877,0.15124,0.76106,0.08929267512158134,0.15201941185373075,0.758687913024688,0.07967904459787273,0.13659264788206754,0.7837283075200596
4,Cádiz,Real Sociedad,0,1,2.2,3.2,3.6,1.0178649787966134,1.4707127173412213,0.020812613963021493,1.038677592759635,1.491525331304243,1.076730646698541,1.4473890681229609,1.033948622409324,1.4922111514009948,1.0321754161429286,1.496797505158002,0.47777341581421073,0.25992575850354604,0.2623008256822431,0.4793874741415043,0.2595282677175608,0.26108425814093483,0.4760013028350028,0.26234172560663394,0.261656971558363,0.47668,0.26574,0.25758,0.4559661367818524,0.26295778010603765,0.28107608311210985,0.4350453172205438,0.2990936555891239,0.26586102719033233
5,Valencia,Girona,1,0,4.5,3.4,1.85,1.596553687407691,1.0007929697340425,0.0240840215850909,1.620637708992782,1.0248769913191333,1.664872031282947,0.9600064582335227,1.62178139545516,1.0154222589307853,1.6190000648640486,1.0185431883567742,0.23710008823017364,0.24777879797115654,0.5151211137986698,0.23829554573985257,0.24802691251708092,0.5136775417430662,0.2372860619450099,0.2503311619650074,0.5123827760899825,0.23738,0.25062,0.512,0.21715870126463852,0.24360238167624954,0.539238917059112,0.21026241016212607,0.2782884840381081,0.5114491057997661
6,Almería,Real Madrid,1,2,1.4,5.0,7.5,0.825422773442001,2.1269208690145587,0.013305457739311945,0.8387282311813129,2.140226326753871,0.874178804302288,2.1506669833735192,0.8384655698780782,2.1580115555325405,0.8370276140933893,2.164644265920805,0.6762398379334513,0.19048306640030058,0.13327709566624812,0.6778452815613317,0.18976676033760936,0.13238795810105886,0.6734188270153278,0.1928989710364449,0.13368220194822744,0.67256,0.19368,0.13376,0.666289977946751,0.19288855961228626,0.14082146244096272,0.6818181818181818,0.19090909090909092,0.12727272727272726
7,Athletic Club,Mallorca,0,0,6.5,3.75,1.6,1.7868779226718863,0.9220749673427177,0.02427119367343442,1.8111491163453206,0.9463461610161521,1.8218508922488188,0.9285444497113903,1.8151130111034117,0.9355535805687063,1.8120001197123439,0.9384290313218349,0.19118471789847769,0.22810490501307965,0.5807103770884428,0.19223761419066587,0.22847147456918077,0.5792909112401534,0.19169348095259084,0.23074056341476867,0.5775659556326407,0.19378,0.2302,0.57602,0.18873660559615893,0.22728929870229816,0.5839740957015427,0.14714898835070508,0.2550582464745555,0.5977927651747393
8,Getafe,Atlético Madrid,0,3,1.9,3.1,5.0,0.9233660409806644,1.5994479849476653,0.02014163985778708,0.9435076808384515,1.6195896248054524,1.017168580212948,1.6236758293293219,0.9379564735395785,1.62282823224613,0.9363478923582322,1.6278160413460363,0.5343610816314848,0.24789537188289987,0.21774354648561567,0.5359957133330882,0.24737329887695675,0.21663098778995526,0.5321679840907259,0.25036187885188754,0.21747013705738683,0.53392,0.24942,0.21666,0.5151682632655653,0.24758587132850768,0.23724586540592718,0.5017805114923923,0.30754289414049857,0.19067659436710913
9,Betis,Elche,3,0,7.0,4.5,1.44,2.066176375796062,0.853792196323394,0.02314713158070066,2.0893235073767626,0.8769393279040947,2.0624757381500114,0.841875884090461,2.0988247576164034,0.8662726726373476,2.0952253048664216,0.8689351865335967,0.1443747003498186,0.19755793526043294,0.6580673643897483,0.14526075596237437,0.19802644119687482,0.6567128028407507,0.14515947073356528,0.20024264703194974,0.6545978822344849,0.14726,0.19904,0.6537,0.14314446060033617,0.20009534682774477,0.6567601925719191,0.1348314606741573,0.2097378277153558,0.6554307116104868
10,Espanyol,Rayo Vallecano,0,2,3.1,3.1,2.45,1.2152542571140286,1.1305531370752173,0.02754900562460369,1.2428032627386323,1.158102142699821,1.2710310609741675,1.137285923355836,1.2344569183484877,1.1470792211852539,1.2323398433838633,1.1506048020594677,0.33996607827040803,0.2775543532005767,0.3824795685290152,0.3413705889865659,0.2774991431006009,0.3811302679128332,0.33922572619589114,0.28006889560732506,0.38070537819678374,0.3387,0.28164,0.37966,0.3299916941799065,0.2752843406386441,0.3947239651814495,0.30625,0.30625,0.3875
11,Sevilla,Valladolid,1,1,6.5,4.2,1.5,2.064627500658821,0.8690259825279973,0.022365954437855485,2.0869934550966764,0.8913919369658528,2.067513187137538,0.8600626346474862,2.097251408156706,0.8817291417251129,2.093654653677277,0.8844391615222555,0.147592598052112,0.19837725376049087,0.6540301481873971,0.14849579782934938,0.19884091421977504,0.6526632879508756,0.14837299781602967,0.20104139912587232,0.6505856030580981,0.1529,0.20218,0.64492,0.1462807587281911,0.2003780230307217,0.6533412182410872,0.1453287197231834,0.22491349480968856,0.629757785467128
12,Osasuna,Cádiz,2,0,4.5,3.25,1.9,1.607492920891245,1.0016106620688379,0.023818215116125876,1.6313111360073709,1.0254288771849638,1.6382005089364997,0.9589437638337182,1.632893483626134,1.016251904045028,1.6300930959716922,1.0193753834090622,0.2356282691555728,0.2467038226037137,0.5176679082407134,0.23682134302213784,0.24695663944305604,0.5162220175348062,0.2358301365316777,0.24925312068564248,0.5149167427826796,0.23642,0.2439,0.51968,0.22071741798259706,0.24631513886271117,0.5329674431546916,0.21039182282793867,0.29131175468483816,0.49829642248722317
13,Mallorca,Betis,1,2,2.4,3.2,3.1,1.1168198321878289,1.4105760127411369,0.019894866961718143,1.136714699149547,1.430470879702855,1.1463719373913877,1.3754286042088264,1.1344670963483,1.4311953866260896,1.132521502417746,1.4355942066806786,0.43842669443626375,0.26246517501636624,0.29910813054737007,0.4400226501205141,0.2621699449007498,0.2978074049787359,0.4370058485337867,0.26482190239421444,0.2981722490719988,0.44126,0.26458,0.29416,0.42099189216410143,0.26653438864826867,0.3124737191876298,0.39616613418530355,0.2971246006389776,0.30670926517571884
14,Celta Vigo,Real Madrid,1,4,1.66,4.2,4.5,1.0673281373086678,1.7577757594262584,0.013642432920334738,1.0809705702290027,1.7714181923465933,1.0884119671850272,1.7844280503847774,1.0841933657386567,1.783470394286158,1.0823339904965559,1.7889519416768647,0.5374928957252316,0.232749655000047,0.22975744927472153,0.5392072971103286,0.23225410432024882,0.22853859856942293,0.5354841498180326,0.23499971527696337,0.229516134905004,0.5373,0.23456,0.22814,0.5367185120902516,0.23268015826952762,0.23060132964022062,0.5668526183192371,0.2240417491452222,0.20910563253554074
15,Athletic Club,Valencia,1,0,4.5,3.75,1.8,1.707184837305374,1.0044235933668115,0.021789816840991627,1.7289746541463655,1.026213410207803,1.7528653272053856,0.9825796888469979,1.73416066718087,1.019105953922661,1.7311866078365903,1.0222382052908225,0.22151721670951685,0.23701363954581844,0.5414691437446648,0.22268302766445164,0.23730936315903398,0.5400076091765145,0.22185975110830036,0.23954341445605462,0.538596834435645,0.2217,0.24,0.5383,0.21028942274463988,0.23495693554760944,0.5547536417077508,0.21276595744680848,0.2553191489361702,0.5319148936170213
16,Atlético Madrid,Villarreal,0,2,4.33,3.5,1.85,1.755950854242054,1.0497302199477643,0.019185715896650638,1.7751365701387047,1.068915935844415,1.8025651848706212,1.0246347914924336,1.7836972531548583,1.0650748590795291,1.7806382393140388,1.0683483971956644,0.2252761750677906,0.23264262945307643,0.5420811954791325,0.22647363629676437,0.2329357444761862,0.5405906192270494,0.22564191626430855,0.23510560822275928,0.539252475512932,0.22386,0.23408,0.54206,0.21327785767203916,0.23059352302656458,0.5561286193013963,0.21845110575057775,0.2702552251142862,0.511293669135136
17,Real Sociedad,Barcelona,1,4,2.1,3.6,3.3,1.1839001501499185,1.591834843048308,0.014408756124639054,1.1983089062745576,1.6062435991729471,1.1817493699850405,1.5627303958247796,1.2026073740791254,1.6151038037391428,1.2005449206017358,1.6200678715865657,0.469697050638927,0.24588770409295319,0.2844152452681197,0.4713830946118514,0.24554211895584066,0.28307478643230777,0.4681871934960708,0.24809584073272523,0.2837169657712042,0.46784,0.24786,0.2843,0.4614201347420384,0.2504481873726796,0.2881316778852824,0.45051194539249145,0.2627986348122867,0.2866894197952219
18,Elche,Almería,1,1,3.0,3.2,2.5,1.2385011274382351,1.1131511066363167,0.02768046806508041,1.2661815955033155,1.140831574701397,1.2934025675270442,1.1342116218954963,1.2580711206717257,1.1294228131242074,1.2559135477068835,1.132894126522019,0.33037136875406425,0.276755582547411,0.39287304869852513,0.33175789577027787,0.2767275483942127,0.39151455583550954,0.32971302419735776,0.279276684415278,0.3910102913873642,0.32782,0.27916,0.39302,0.32478302978660173,0.2736752630968883,0.4015417071165104,0.31872509960159356,0.298804780876494,0.38247011952191234
19,Girona,Getafe,3,1,2.9,2.9,2.8,1.178495171537663,1.2357783451421607,0.024060010268063134,1.202555181805726,1.2598383554102237,1.2292089872162684,1.1963276678950345,1.1971169894930476,1.2538425795451673,1.1950639519422734,1.2576963006623119,0.37709467733559265,0.27307664813076576,0.3498286745336414,0.3785829765888308,0.27292874569281267,0.34848827771835644,0.37610010532957877,0.27551324255198556,0.3483866521184358,0.37952,0.27474,0.34574,0.35463528129617955,0.2748518297670395,0.3705128889367807,0.32941176470588235,0.32941176470588235,0.34117647058823525
20,Girona,Celta Vigo,0,1,2.75,3.1,2.8,1.131386181794856,1.3148059818978244,0.022491079584214712,1.1538772613790709,1.3372970614820392,1.1984645071418176,1.2913547092210018,1.1492636139841894,1.334025418413153,1.1472926442494378,1.33812558378448,0.4092471060658928,0.2696935140326322,0.3210593799014748,0.4107894396124587,0.2694638424400796,0.3197467179474617,0.4080089629638599,0.27210136716118233,0.3198896698749576,0.40988,0.2681,0.32202,0.38699965433781536,0.27033669063395044,0.34266365502823437,0.34852439269223046,0.3091748644850431,0.3423007428227263
21,Betis,Osasuna,1,0,4.75,3.6,1.8,1.6823261319224572,0.9628718474464462,0.024198034014074644,1.7065241659365318,0.9870698814605208,1.7193284161401903,0.9682778713856456,1.7089091606245352,0.9769468171371699,1.7059784072324964,0.9799494911896769,0.21503785279079868,0.2392531870180213,0.54570896019118,0.21616778702096398,0.23955984396379396,0.5442723690152418,0.21538504740400363,0.2418451325133474,0.542769820082649,0.21706,0.23926,0.54368,0.21151903240770653,0.23815945576905811,0.5503215118232354,0.20168067226890757,0.26610644257703087,0.5322128851540617
22,Elche,Real Sociedad,0,1,2.15,3.2,3.6,1.0326709721103384,1.5013863855287648,0.01957511457141799,1.0522460866817565,1.5209615001001828,1.0978737137165746,1.4458345649814364,1.0489885704466624,1.5233331980006684,1.0471895708966086,1.5280152062601997,0.4822334048339646,0.25669645522606804,0.2610701399399672,0.48386195233062024,0.25629390035664995,0.25984414731272965,0.4804591419582418,0.2590822452252151,0.2604586128165435,0.4794,0.2571,0.2635,0.45065080549758685,0.26244754457808717,0.286901649924326,0.4407039020657996,0.2960979342004591,0.26319816373374144
23,Rayo Vallecano,Mallorca,0,2,4.0,3.25,2.05,1.38365913485242,1.0553433737898756,0.026410671800926114,1.4100698066533461,1.0817540455908017,1.4104976784645975,1.0691328660144679,1.4055228209699522,1.0707700643082365,1.403112370566819,1.0740611068009294,0.2868324641356191,0.2669055905199099,0.44626194534447094,0.28813836527104264,0.2670071982723405,0.44485443645661715,0.2865744459247067,0.2694362668923243,0.44398928718296893,0.28848,0.27016,0.44136,0.2855167724142459,0.2665137516279004,0.44796947595785375,0.23912068192014357,0.294302377747869,0.4665769403319875
24,Almería,Sevilla,2,1,2.15,3.25,3.6,1.0009325522865586,1.4771809758813985,0.021116057251559184,1.0220486095381178,1.4982970331329577,1.057819179320127,1.4724580780446843,1.0167486406545567,1.4987739609898356,1.0150049320970111,1.5033804857302764,0.48359283506904677,0.2596511273933507,0.25675603753760234,0.48520682984208074,0.25923839107458185,0.25555477908333757,0.48176559234406946,0.2620816492561504,0.25615275839978047,0.47662,0.26616,0.25722,0.46696911362097043,0.2612069370706846,0.27182394930834475,0.4427206508371961,0.29287673824614513,0.2644026109166588
25,Getafe,Villarreal,0,0,1.85,3.4,4.33,0.966673964114056,1.6178222250056327,0.018474915610524046,0.9851488797245801,1.6362971406161566,1.0317412047896308,1.6630318972998175,0.9819487204445843,1.6414710613926575,0.9802646932244368,1.646516169762454,0.528123163573965,0.24597213114775524,0.22590470527827977,0.5297749246566207,0.24547090070437083,0.22475417463900838,0.5260237676194572,0.2483796658334127,0.22559656654713034,0.52176,0.25074,0.2275,0.5213230585466104,0.24376682163254876,0.23491011982084076,0.5072616073735894,0.2760099922473943,0.21672840037901628
26,Barcelona,Valladolid,4,0,15.0,8.5,1.14,2.8471734147574708,0.6786024483942125,0.023494551015787502,2.8706679657732583,0.7020969994099999,2.843186113898759,0.6614908590025709,2.892162606310836,0.6885220539144379,2.8872025911361994,0.6906382461877553,0.06088973702491706,0.11787788368508771,0.8212323792899952,0.061367587241140276,0.1183933594100366,0.8202390533488231,0.061785376070965514,0.1204193853855814,0.817795238543453,0.0623,0.1194,0.8183,0.059916789586724514,0.119422700168443,0.8206605102448326,0.06280381100524984,0.11083025471514679,0.8263659342796034
27,Espanyol,Real Madrid,1,3,1.45,4.75,6.5,0.8890197154324495,2.15079924927138,0.011739599435965215,0.9007593148684148,2.1625388487073454,0.9075007768369353,2.1260623870747346,0.903067429584668,2.1822389827360245,0.901518682586596,2.1889461568164235,0.6654935982634016,0.19121188682064302,0.14329451491595502,0.6671393975724043,0.19051541378862635,0.1423451886389694,0.6627771599337491,0.19354675556423265,0.1436760845020183,0.66192,0.1941,0.14398,0.6535459295303847,0.1966954038817554,0.14975866658786008,0.6543046357615894,0.1997350993377483,0.14596026490066225
28,Cádiz,Athletic Club,0,4,2.15,3.2,3.6,1.0156926135913427,1.4643713285332145,0.02105552048599612,1.0367481340773388,1.4854268490192106,1.0966408003914585,1.4287625659142031,1.031741930895077,1.4857770660877296,1.0299725090712895,1.490343644499055,0.47662492676283635,0.26058468900239373,0.26279038423476964,0.47823607959821146,0.26018888969580517,0.2615750307059833,0.4748556773468427,0.2630060931863725,0.26213822946678467,0.47272,0.26412,0.26316,0.44644188062407,0.26397253178982666,0.28958558758610353,0.4407039020657996,0.2960979342004591,0.26319816373374144
29,Valencia,Atlético Madrid,0,1,2.0,3.3,4.0,0.9767518620119204,1.59509455333264,0.018733895014065468,0.9954857570259859,1.6138284483467054,1.0334589515085844,1.629745850446653,0.9921858627624169,1.6184111634833422,0.9904842789978585,1.6233853965957643,0.5199253658016927,0.24823048328063188,0.2318441509176754,0.5215737294845786,0.2477457262722288,0.23068054424319262,0.517880027122324,0.2506354161485605,0.2314845567291156,0.51562,0.25248,0.2319,0.5127437425993094,0.24690455650304985,0.2403517008976408,0.47482014388489213,0.2877697841726619,0.23741007194244607
30,Celta Vigo,Cádiz,3,0,5.5,3.6,1.66,1.6849938141070604,0.9358878059825413,0.025557343511883077,1.7105511576189434,0.9614451494944244,1.7464453227556829,0.9368971240991112,1.7116189957964434,0.9495683311095934,1.7086835950780253,0.9524868566003262,0.20811827826620888,0.23879221550699153,0.5530895062267996,0.20921863773068478,0.2391137371026063,0.5516676251667089,0.20849282303338218,0.24142329556982106,0.550083881396797,0.20964,0.2423,0.54806,0.2004177514844429,0.23510725142479552,0.5644749970907614,0.17120265856872743,0.261559617257778,0.5672377241734945
31,Mallorca,Girona,1,1,3.6,3.2,2.15,1.2660698944300053,1.0752212268590078,0.02877620690649058,1.2948461013364958,1.1039974337654983,1.3247790665586292,1.1027662690337716,1.2860755114764515,1.0909384858265414,1.2838699114044734,1.0942915165410196,0.3142883616649605,0.2765317543651579,0.40917988396988114,0.31563746521351216,0.2765468166122032,0.40781571817428475,0.3137508582966345,0.2790828077881794,0.407166333915186,0.31502,0.27772,0.40726,0.3102020287142797,0.27265795325124054,0.41714001803447964,0.2631981637337414,0.29609793420045905,0.4407039020657995
32,Real Madrid,Betis,2,1,6.5,5.25,1.4,2.2591481293886098,0.8765459894569441,0.019404594833786582,2.278552724222396,0.8959505842907306,2.3213956427972144,0.827105540043651,2.294845725964106,0.889359073842837,2.2909101002149193,0.8920925444551012,0.13020534923967733,0.18018747808077876,0.6896071726795439,0.13105217481590117,0.18068299049721742,0.6882648346868814,0.13109558168970684,0.18279941686031803,0.6861050014499752,0.13004,0.18312,0.68684,0.116882529420036,0.17440386673511965,0.7087136038448443,0.1453287197231834,0.17993079584775085,0.6747404844290658
33,Real Sociedad,Atlético Madrid,1,1,2.55,3.2,2.9,1.1605273300760846,1.4174349292171462,0.018681815556186643,1.1792091456322713,1.436116744773333,1.1980605268089892,1.3728575991253997,1.1788652318298336,1.4381545646704135,1.1768434957677019,1.4425747739582482,0.43025407215442696,0.2602954067707488,0.3094505210748245,0.4318553697555278,0.2600270090291018,0.3081176212153707,0.42893627113347077,0.26261315986878314,0.30845056899774603,0.4303,0.26076,0.30894,0.40888120724169247,0.2644368688301388,0.32668192392816875,0.37366619689953695,0.29776525065431847,0.3285685524461445
34,Sevilla,Barcelona,0,3,1.8,3.6,4.5,1.0952766103733333,1.6815521307044565,0.014382634015629635,1.109659244388963,1.6959347647200862,1.1347947053851009,1.6168307123926084,1.1125834624858886,1.7061325515941155,1.1106753986567877,1.7113763989079553,0.5125409705626761,0.23952725512624368,0.24793177431108004,0.5142432088862527,0.2390814537099747,0.24667533740377234,0.5106925620560389,0.24177614454748764,0.24753129339647373,0.51156,0.2435,0.24494,0.48563878450815945,0.24694365960359804,0.2674175558882427,0.5263157894736842,0.2631578947368421,0.21052631578947367
35,Osasuna,Rayo Vallecano,2,1,4.33,3.1,2.0,1.4691382628032692,1.0386355349341758,0.025093237240277625,1.4942315000435469,1.0637287721744535,1.4847451644177567,1.029983240415581,1.4923526347769078,1.0538179953131726,1.4897932725549323,1.0570569351357766,0.2674374051369027,0.2594696229887016,0.4730929718743955,0.2687061593301948,0.2596305175817657,0.47166332308803915,0.26736498077094534,0.2619976119979481,0.4706374072311066,0.26866,0.26132,0.47002,0.2625027735199126,0.26072186173793377,0.47677536474215354,0.21921295477848884,0.3061909981260828,0.47459604709542835
36,Athletic Club,Espanyol,0,1,6.5,4.0,1.53,1.8616061125646903,0.9087043302625963,0.02361111096245233,1.8852172235271427,0.9323154412250487,1.8699388068789395,0.9093825228700367,1.8910220074873476,0.9219874955562901,1.887778933314325,0.9248212505581799,0.17877407343876903,0.22016118349080355,0.6010647430704275,0.17978799475859072,0.2205582391835382,0.5996537660578711,0.17937028040216274,0.2228049274007426,0.5978247921970947,0.1814,0.22204,0.59656,0.17851746568892957,0.221972302953199,0.5995102313578716,0.1454891239748009,0.23641982645905146,0.6180910495661476
37,Villarreal,Elche,4,0,10.0,5.0,1.33,2.1954642176734387,0.7470951255420999,0.027791674476981457,2.22325589215042,0.7748868000190814,2.230512839963103,0.7832294767707699,2.2301555222934923,0.758015936318715,2.2263308392662524,0.7603457200320606,0.11212958066992042,0.17906451019239122,0.7088059091376884,0.11285784626038624,0.1795772014986059,0.7075649522410079,0.11298278339587778,0.18185761969551364,0.7051595969086085,0.11396,0.1802,0.70584,0.11663319399195705,0.18049361377140072,0.7028731922366422,0.09506790564689065,0.1901358112937813,0.7147962830593281
38,Valencia,Getafe,5,1,4.5,3.2,1.9,1.5470987173886543,1.057378573956567,0.022537079862870263,1.5696357972515247,1.0799156538194374,1.602496904557224,0.974694707094729,1.5715449700081117,1.0728350144159369,1.5688497941276631,1.07613240359199,0.2593014480917301,0.2518569859226059,0.4888415659856641,0.2605677066452851,0.25204835443821855,0.48738393891649634,0.25934311355287104,0.2543429455031111,0.4863139409440176,0.2576,0.25216,0.49024,0.22986289431551402,0.24990049388322144,0.5202366118012645,0.20943851188425766,0.29452290733723735,0.496038580778505
39,Valladolid,Almería,1,0,3.1,3.3,2.3,1.245906831045883,1.1106241493222293,0.02757774340876488,1.273484574454648,1.1382018927309943,1.300766708430186,1.1436252264733968,1.2655938444146646,1.1268589175117372,1.2634233700922577,1.1303223507028741,0.3281831580880875,0.27629965597894496,0.3955171859329679,0.32956632259302143,0.27627826214325707,0.39415541526372144,0.32754599856998945,0.27881987517390033,0.3936341262561103,0.3307,0.27646,0.39284,0.32592694578029163,0.27259780495763924,0.4014752492620697,0.30420841683366734,0.28577154308617236,0.41002004008016035
40,Girona,Valladolid,2,1,3.4,3.25,2.25,1.2186864353525773,1.0855181139415293,0.02976569714409233,1.2484521324966695,1.1152838110856216,1.2902250435631146,1.1191305220727576,1.2379433296461886,1.1013858896927653,1.2358202755388619,1.1047710308025638,0.326533060279316,0.28001490615995833,0.39345203356072544,0.32789966957758393,0.27999144744450766,0.3921088829779086,0.32587015662135393,0.28257667310261214,0.3915531702760342,0.32322,0.27762,0.39916,0.3212622691046733,0.27472343652069003,0.40401429437463676,0.2811148486304661,0.2940893801057184,0.4247957712638154
41,Rayo Vallecano,Valencia,2,1,2.87,3.1,2.62,1.2315602163154162,1.1978154793265914,0.024092665796714614,1.2556528821121309,1.221908145123306,1.271439133507543,1.1741551827477517,1.2510205337636382,1.2153247840293018,1.2488750524488221,1.2190601195975848,0.3553665304618277,0.2721540911873446,0.3724793783508277,0.3568215758673275,0.2720670534603793,0.3711113706722933,0.3545618082542895,0.2745929908032009,0.3708452009425094,0.35178,0.27512,0.3731,0.3400216148861973,0.27316443826353465,0.38681394685026815,0.33099142568382617,0.30643399732663906,0.36257457698953477
42,Espanyol,Sevilla,2,3,2.5,3.25,2.87,1.19391779122178,1.351040807177098,0.01977031127489609,1.2136881024966761,1.3708111184519942,1.2069970807122252,1.3172250537972927,1.2127833074315901,1.3707899134183688,1.2107034023822403,1.375003075519169,0.4051293887647681,0.26390375677483036,0.33096685446040164,0.40669250148294794,0.26369686948027393,0.3296106290367784,0.4039962905669216,0.26624077509529864,0.3297629343377796,0.40358,0.26548,0.33094,0.3921324315794871,0.26802637446459027,0.3398411939559225,0.37874327479443715,0.2913409806111055,0.3299157445944574
43,Cádiz,Barcelona,0,4,1.22,6.5,13.0,0.7812485759191863,2.38232533245948,0.011445621135845784,0.7926941970550321,2.3937709535953258,0.7828245330182851,2.4138166854890066,0.7935933602764174,2.4171494442420975,0.7922323596532599,2.424578622361052,0.7325675192254528,0.16371065046033004,0.10372183031421678,0.7340884197619644,0.1629617301665678,0.10294985007146784,0.7296311041014211,0.1660854571495082,0.10428343874907087,0.73048,0.16754,0.10198,0.7344594476631254,0.1633335694014108,0.10220698293546415,0.78031212484994,0.14645858343337334,0.07322929171668667
44,Atlético Madrid,Celta Vigo,4,1,6.0,3.8,1.61,1.897699432636549,1.0036583259723721,0.018846496756851256,1.9165459293934004,1.0225048227292235,1.907170749494119,0.9480718028590899,1.9276856508426752,1.01832950008071,1.9243796990752173,1.0214593649957266,0.19540797967817797,0.21883484721948113,0.585757173102341,0.19651199613899933,0.21920315218980607,0.5842848516711947,0.1959810428226052,0.22134204451700593,0.5826769126603889,0.1987,0.2228,0.5785,0.18255827923653692,0.21921423072510268,0.5982274900383604,0.15858779615324795,0.2504017833998652,0.5910104204468868
45,Real Madrid,Mallorca,4,1,11.0,6.0,1.25,2.395801340232914,0.6721186025726993,0.03042350690265999,2.426224847135574,0.7025421094753592,2.406937354511521,0.7445361154220262,2.4336582424015263,0.6819434291940929,2.4294845552838478,0.6840394018757165,0.08479826763058795,0.15475511034380426,0.7604466220256079,0.08538830692298086,0.15528608040061592,0.7593256126764033,0.08567763082416577,0.15755301813916758,0.7567693510366666,0.08594,0.15762,0.75644,0.09648278890651024,0.16148720342131656,0.7420300076721732,0.08595988538681948,0.15759312320916904,0.7564469914040115
46,Elche,Athletic Club,1,4,1.9,3.6,4.0,1.0389149369306556,1.6509178492565508,0.016054974071300403,1.054969911001956,1.6669728233278511,1.0775902609879753,1.6217177207485278,1.0553311983578533,1.675050467477537,1.053521321296757,1.6801987831146903,0.518591717161977,0.2425628713278307,0.23884541151019212,0.5202715493932947,0.2420944294907827,0.2376340211159228,0.5166395490654059,0.24487882040758277,0.23848163052701166,0.51666,0.24496,0.23838,0.5002382024837918,0.2472625016419898,0.2524992958742187,0.49930651872399445,0.2635228848821082,0.23717059639389737
47,Getafe,Real Sociedad,2,1,2.15,3.0,3.75,1.0692747419634434,1.4014719311101707,0.02140686675339831,1.0906816087168416,1.4228787978635689,1.1330986644812473,1.398221414881764,1.0861707293803062,1.4219582242810516,1.0843079629894343,1.4263286536523345,0.4470611596696025,0.2649184415588298,0.28802039877156727,0.4486496128900033,0.2645943747353636,0.286756012374633,0.4455273518023815,0.2673219842244785,0.28715066397313993,0.44464,0.27042,0.28494,0.4300365200687864,0.26523055194564776,0.3047329279855655,0.43668122270742354,0.31295487627365354,0.25036390101892286
48,Betis,Villarreal,1,0,2.5,3.4,2.8,1.297360088836281,1.4192644762728395,0.01596637740319281,1.313326466239474,1.4352308536760323,1.3027586663760167,1.404187258239676,1.3178601332831061,1.4400108554920867,1.3156000230649358,1.4444367701429837,0.4006277362427624,0.25448345270650724,0.34488881105073044,0.4022291635977903,0.2543071130237486,0.3434637233784612,0.39964376667529866,0.2567095929020775,0.3436466404226236,0.39852,0.25368,0.3478,0.39463133588917215,0.2574108945859579,0.3479577695248701,0.38049560351718625,0.2797761790567546,0.33972821742605913
49,Almería,Osasuna,0,1,2.75,3.25,2.6,1.2088564771785357,1.1995285504572801,0.024651543493872975,1.2335080206724087,1.2241800939511531,1.2595167934871707,1.1989101517942842,1.2279580448352232,1.217062896316097,1.2258521153404882,1.2208035740223269,0.3605790620020406,0.27359875874625494,0.36582217925170435,0.3620381128629621,0.27349493449787887,0.36446695263915907,0.35971643137264836,0.27604892557591393,0.3642346430514376,0.36226,0.27716,0.36058,0.34916931333212664,0.2725687025387027,0.3782619841291708,0.34437086092715236,0.29139072847682124,0.3642384105960265
50,Valladolid,Cádiz,0,1,4.0,3.25,2.0,1.3883976213237381,1.0372452794323885,0.02721110307980004,1.4156087244035382,1.0644563825121887,1.412927579738737,1.0641017466600655,1.4103361819376483,1.0524074174765887,1.4079174766931764,1.0556420218477693,0.2810827690500176,0.2670852330923961,0.45183199785758643,0.2823704713625592,0.26720101496625287,0.4504285136711881,0.2808588301768567,0.26963753699711224,0.4495036328260311,0.2827,0.27004,0.44726,0.28374831033724485,0.2664625316351262,0.4497891580276293,0.23636363636363636,0.2909090909090909,0.4727272727272727
51,Mallorca,Almería,1,0,4.0,3.3,2.0,1.4368968944589655,1.0660324217795334,0.024564036517363066,1.4614609309763287,1.0905964582968966,1.4489773123053695,1.0882382893309936,1.4596018091972751,1.081615361571228,1.4570986141463647,1.0849397373960044,0.2802441728127512,0.2617242708157912,0.45803155637145765,0.2815473544277487,0.2618503687437532,0.4566022768284975,0.28007605366101596,0.2642256120327356,0.4556983343062484,0.28136,0.2633,0.45534,0.2838231765213377,0.2624700369295603,0.4537067865491017,0.23741007194244607,0.2877697841726619,0.47482014388489213
52,Barcelona,Elche,3,0,26.0,11.0,1.08,3.279721960226443,0.6091945839164874,0.023963488040743542,3.3036854482671867,0.633158071957231,3.263439589074861,0.5972544512469756,3.331546003941383,0.6180996062485008,3.3258324528780743,0.6199993531098353,0.03756033907128163,0.08467037034260762,0.8777692905861108,0.0378889665935453,0.08512599974169643,0.8769850336647582,0.038325301471966076,0.08693649236323336,0.8747382061648005,0.03914,0.0853,0.87556,0.03777024664778048,0.08698542019373054,0.875244333158489,0.03644618971652964,0.08614553932997915,0.8774082709534912
53,Valencia,Celta Vigo,3,0,3.3,3.2,2.3,1.2718196007471854,1.201780515723217,0.02289029360905685,1.2947098943562423,1.224670809332274,1.295265052386184,1.2002733517800765,1.2919160709315327,1.2193477801297583,1.289700454388329,1.2230954804918994,0.34818442760139795,0.26911809454762453,0.3826974778509775,0.3496372034926949,0.2690558979166597,0.3813068985906455,0.34746924666191664,0.27153211600683086,0.3809986373312523,0.34534,0.27284,0.38182,0.34237510414908284,0.26995655380565303,0.38766834204526424,0.28851430811446493,0.29753038024304196,0.4139553116424932
54,Athletic Club,Rayo Vallecano,3,2,6.5,4.0,1.53,1.862587744895951,0.8785244489124083,0.025242745140190512,1.8878304900361413,0.9037671940525989,1.8899797943175287,0.9016831651583224,1.892019150937375,0.8913664538207403,1.8887743666784003,0.8941060941729202,0.17192858068563258,0.21923379077887667,0.6088376285354908,0.17290911032938042,0.2196435165646553,0.607447373105964,0.17254221049203888,0.2219219787416451,0.605535810766316,0.1716,0.2222,0.6062,0.17443203793079207,0.21972940735026136,0.6058385547189462,0.1454891239748009,0.23641982645905146,0.6180910495661476
55,Osasuna,Getafe,0,2,5.0,3.4,1.8,1.6202483606703653,1.0057222962712027,0.023366478491154502,1.6436148391615197,1.0290887747623572,1.6506698582478898,0.9602410582568611,1.6458504766090725,1.020423640873647,1.643027867907421,1.0235599421904316,0.23471022583659681,0.2454414339215954,0.5198483402418079,0.2359037441350659,0.24569793763931147,0.5183983182256227,0.23492708859190117,0.247982852525729,0.5170900588823698,0.23332,0.24766,0.51902,0.21924277628307712,0.24504604430983296,0.5357111794070901,0.19053549190535493,0.28019925280199254,0.5292652552926526
56,Villarreal,Sevilla,1,1,5.0,3.8,1.7,1.8267307356027915,1.0278757686969695,0.01894368238538655,1.845674417988178,1.046819451082356,1.8634604975228295,0.9977290798170866,1.8555955523907266,1.0429009460646606,1.8524132340529669,1.0461063320233965,0.21026164374416256,0.22588554107954342,0.5638528151762943,0.21141418003730936,0.2262175006443184,0.5623683193183722,0.21073619538670688,0.22836879593034173,0.5608950086829515,0.21206,0.22666,0.56128,0.19905248197796166,0.22447293364469376,0.5764745843773447,0.19022379269729095,0.2502944640753828,0.5594817432273262
57,Betis,Girona,2,1,5.0,3.6,1.75,1.702478961933519,0.954566958267439,0.02421788361047428,1.7266968455439933,0.9787848418779133,1.7374904759135499,0.9606481200904308,1.729380432612124,0.9685205295978416,1.7264145712979093,0.9714973052140065,0.21019123927379427,0.23715785540729775,0.5526509053189079,0.21130605383131676,0.2374770126714678,0.5512169334972152,0.21057243540829476,0.23975871346210498,0.5496688511296003,0.21106,0.2392,0.54974,0.20721917648010754,0.2362764011452933,0.5565044223745992,0.19062027231467474,0.264750378214826,0.5446293494704992
58,Real Sociedad,Espanyol,2,1,5.0,3.6,1.7,1.6772305677333545,0.9506366442456047,0.024929523642514915,1.7021600913758694,0.9755661678881196,1.7142779020175065,0.9514260017400017,1.7037330796280659,0.9645327634333581,1.700811203136735,0.9674972825358832,0.21278752518021068,0.23969706545650782,0.5475154093632814,0.2139060656989781,0.24000789118673174,0.54608604311429,0.21313889197516353,0.242307611832686,0.5445534961921503,0.20962,0.24762,0.54276,0.20819739936502332,0.2385371200038339,0.5532654806311426,0.187614960147149,0.26057633353770693,0.5518087063151441
59,Atlético Madrid,Real Madrid,1,2,2.3,3.4,3.1,1.1822758655406553,1.4640271960809572,0.01706674318490524,1.1993426087255605,1.4810939392658624,1.2027720422166164,1.4855292005881937,1.2009574235757356,1.4854279032112805,1.1988977997385315,1.4899934084604942,0.4375306442442694,0.25589400504244314,0.3065753507132877,0.43915725404642897,0.25561471938496216,0.30522802656860926,0.43619922920911214,0.2581679867650959,0.3056327840257923,0.43768,0.25756,0.30476,0.43715265300823886,0.2558259505277589,0.3070213964640024,0.41349548842683415,0.2797175362887407,0.3067869752844253
60,Athletic Club,Almería,4,0,9.5,5.0,1.33,2.1205820507948245,0.7533300112014789,0.028680428079266837,2.1492624788740913,0.7820104392807458,2.1595463200810165,0.801203425036203,2.1540901158790735,0.7643419616525103,2.1503958838746278,0.7666911885860928,0.11963541481513397,0.18699998920033584,0.6933645959845304,0.12039384807654213,0.18750281073350075,0.6921033411899571,0.12045720437572015,0.1898100574324292,0.6897327381918505,0.121,0.19034,0.68866,0.1260769370200126,0.18844011107643108,0.6854829519035565,0.09957325746799431,0.1891891891891892,0.7112375533428165
61,Cádiz,Villarreal,0,0,1.57,4.0,6.0,0.9216532193196756,1.8953170033060807,0.01438099724143146,0.9360342165611071,1.9096980005475122,0.9509453760168393,1.9462212063812117,0.9362165869792746,1.9230221745047122,0.9346109896770928,1.9289326382930088,0.6045796557881129,0.21735225147881115,0.17806809273307567,0.6062543141534747,0.21672665894228818,0.17701902690423688,0.6020915318802579,0.21972181125097698,0.17818665686876511,0.6032,0.22022,0.17658,0.6060159822922506,0.2154819014895048,0.17850211621824463,0.6045340050377834,0.23727959697732998,0.15818639798488665
62,Getafe,Valladolid,2,3,3.5,3.0,2.3,1.2848971242715066,1.0840566760762995,0.02773573455508696,1.3126328588265936,1.1117924106313866,1.3114317503696211,1.123089448133876,1.3052002370185547,1.099903088970461,1.3029618383312107,1.1032836726497262,0.3131168637611506,0.2744532990918652,0.4124298371469841,0.31447008301374213,0.2744749487850935,0.4110549682011644,0.3126085664663064,0.2769857817059628,0.4104056518277306,0.31,0.27516,0.41484,0.3182744987511879,0.2727876930051757,0.4089378082436361,0.2711198428290766,0.3163064833005893,0.41257367387033395
63,Sevilla,Atlético Madrid,0,2,2.5,3.2,3.0,1.2152842892904434,1.5275645165365506,0.015089466575359476,1.2303737558658028,1.54265398311191,1.16916495970723,1.436597634655763,1.2344874250739168,1.5498939930166207,1.2323702977907192,1.554657636641158,0.44638751714835556,0.25004864461557463,0.3035638382360697,0.4480475728234611,0.24975726381836208,0.3021951633581771,0.4450458933312125,0.252263989344356,0.30269011732443185,0.44198,0.25416,0.30386,0.43201637081669564,0.26077617169152867,0.30720745749177536,0.38247011952191234,0.298804780876494,0.31872509960159356
64,Mallorca,Barcelona,0,1,1.36,5.0,9.0,0.7781071359058055,2.189431409414814,0.013627123543247934,0.7917342594490534,2.203058532958062,0.8402754633252315,2.2014701999056516,0.7904022812611469,2.221435856121982,0.7890467532902893,2.228263502916546,0.6995242883088333,0.18178071499423118,0.11869499669693573,0.7010850392676119,0.18104181852091655,0.11787314221147127,0.6966046558853322,0.18423158865563027,0.11916375545903757,0.69594,0.18498,0.11908,0.683996770134594,0.18637711479632618,0.12962611506907973,0.7026858213616489,0.19113054341036853,0.10618363522798249
65,Espanyol,Valencia,2,2,2.7,3.3,2.62,1.27236133911599,1.2707222306795671,0.020461811188395206,1.2928231503043852,1.2911840418679623,1.2782625362424747,1.2419140464453555,1.2924663694994174,1.289297264241485,1.2902498092024839,1.2932599563485647,0.36675475872196395,0.26500097841849674,0.3682442628595388,0.3682590273412326,0.26489632077554937,0.36684465188321813,0.3659359377220154,0.26735264881870896,0.3667114134592758,0.36272,0.2694,0.36788,0.35700778404378786,0.2687209032740074,0.3742713126822049,0.3510353227771011,0.28721071863581,0.36175395858708886
66,Celta Vigo,Betis,1,0,2.87,3.4,2.45,1.3445676847036523,1.2546194155206567,0.019444397533036537,1.3640120822366888,1.2740638130536932,1.364736919993368,1.257210729794209,1.365813673026689,1.272959062996775,1.3634713232123472,1.2768715391738967,0.34773757244544395,0.2613128138107501,0.390949613743806,0.3492208193167674,0.26126573428791017,0.38951344639532237,0.3471091339151898,0.2636437687507611,0.38924709733404905,0.35086,0.26112,0.38802,0.3438266905750048,0.26217283426277643,0.3940004751622185,0.3316148808694441,0.27992197296920723,0.38846314616134875
67,Girona,Real Sociedad,3,5,2.3,3.2,3.25,1.1167822174367052,1.4276791157387805,0.01942196150249511,1.1362041789392003,1.4471010772412756,1.1449673173640176,1.3690404131193572,1.1344288872332242,1.448548497614877,1.1324833588307253,1.453000652953621,0.44297754599548006,0.2610326836852828,0.2959897703192371,0.4445822383119592,0.2607279501005647,0.294689811587476,0.4415313833892319,0.26337939662693466,0.29508921998383353,0.43706,0.26636,0.29658,0.4196015113513372,0.26710681170788125,0.31329167694078164,0.41212601545472566,0.29621557360808404,0.2916584109371904
68,Real Madrid,Osasuna,1,1,9.5,5.5,1.3,2.294974603101398,0.6946052301096449,0.03023477406284419,2.325209377164242,0.7248400041724891,2.2994213916900095,0.7591821072075137,2.3312383064269055,0.7047587594570228,2.327240267952049,0.7069248557103478,0.09529923366386739,0.1659085126687627,0.7387922536673699,0.09594145264657294,0.16643532700267694,0.7376232203507501,0.09616898236672188,0.16872858919108297,0.7351024284421952,0.09694,0.16864,0.73442,0.1068562902405887,0.172440653893715,0.7207030558656963,0.09965156794425088,0.1721254355400697,0.7282229965156795
69,Rayo Vallecano,Elche,2,1,5.25,3.6,1.72,1.6584369395693448,0.9524625004436723,0.025224955102305432,1.6836618946716502,0.9776874555459777,1.702182146572036,0.9366918032074663,1.6846424867154142,0.9663853094455641,1.6817533503025053,0.969355522401372,0.21590792507241008,0.2416264772933668,0.5424655976342234,0.2170342460848608,0.24192847774542622,0.5410372761697131,0.2162321895163407,0.24423738991970112,0.5395304205639581,0.21902,0.24346,0.53752,0.20632839865692817,0.23965277515670877,0.554018826186363,0.18146650254967467,0.26463864955160893,0.5538948478987163
70,Osasuna,Valencia,1,2,3.1,3.2,2.4,1.2569707966634827,1.1358324557788075,0.026046086097310937,1.2830168827607935,1.1618785418761184,1.2850733146376154,1.1476202700284674,1.2768326356561372,1.1524357113742685,1.2746428869765483,1.1559777555746542,0.33301127184584944,0.27398713880490994,0.39300158934924057,0.3344135571463312,0.2739569025874706,0.3916295402661981,0.33236162793859914,0.2764747888291797,0.39116358323222133,0.33294,0.27452,0.39254,0.33007468372559995,0.273614227010488,0.3963110892639121,0.30670926517571884,0.2971246006389776,0.39616613418530355
71,Almería,Rayo Vallecano,3,1,2.55,3.3,2.9,1.1950036157028165,1.3175880319099031,0.02076079352650436,1.215764409229321,1.3383488254364075,1.1942102139412805,1.3116631414193116,1.2138862894083091,1.3368481355915862,1.2118044927615332,1.3409569766650913,0.39589334589794034,0.2662738089807168,0.33783284512134293,0.397435457906938,0.2660875459898571,0.3364769961032048,0.3948140388708709,0.26863428474433554,0.33655167638479355,0.39208,0.27168,0.33624,0.3933923578221678,0.26910653859900285,0.33750110357882945,0.37706855791962174,0.29137115839243494,0.3315602836879432
72,Atlético Madrid,Girona,2,1,7.5,4.33,1.45,2.1613548725121974,0.7140507474086442,0.031090946319739337,2.1924458188319367,0.7451416937283835,2.183397780425213,0.8039722615508582,2.1955072033362524,0.7244885254515568,2.1917419416525523,0.726715261706338,0.10888333779934184,0.18050488303778953,0.7106117791628686,0.10958628331259504,0.18101969601012746,0.7093940206772775,0.10971691835368866,0.18335517311945826,0.7069279085268532,0.11012,0.18118,0.7087,0.12447832866848432,0.18623549652087912,0.6892861748106366,0.12650996907019152,0.21912812194605918,0.6543619089837492
73,Sevilla,Athletic Club,1,1,2.4,3.3,3.0,1.2527655778053801,1.4482022147295244,0.0160964401449495,1.2688620179503296,1.4642986548744739,1.2454140426079359,1.4233465790644428,1.2725609686513395,1.4693715970646857,1.2703785458161267,1.4738877527966074,0.4177435386581338,0.2544615488245254,0.3277949125173404,0.41936304512920886,0.2542389113323609,0.32639804353843005,0.4166097233639289,0.25669605398556045,0.32669422265051073,0.41516,0.25652,0.32832,0.4117947695483614,0.258726952989283,0.3294782774623556,0.3956834532374101,0.2877697841726619,0.31654676258992803
74,Getafe,Real Madrid,0,1,1.5,4.5,6.5,0.8617892883898051,1.9967372175238471,0.014221232755464615,0.8760105211452697,2.0109584502793116,0.8976675544413958,2.060170033618087,0.8754067249579637,2.025924918765212,0.8739054156504248,2.0321516570883174,0.6411729162063696,0.2051420481019645,0.15368503569166547,0.6428142680233068,0.2044627122328298,0.15272301974386338,0.6384842383125544,0.20755452410180122,0.15396123758564417,0.63932,0.20752,0.15316,0.6427509926695524,0.2026326189690982,0.1546163883613496,0.639344262295082,0.21311475409836067,0.1475409836065574
75,Valladolid,Betis,0,0,2.4,3.4,2.8,1.2548580010694566,1.3775049485576967,0.017749958535983594,1.27260795960544,1.3952549070936802,1.2857639344880964,1.3534221669868591,1.2746864550335772,1.3976408996203327,1.2725003870213312,1.401936588997069,0.3988666847080689,0.2591548502111275,0.34197846508080343,0.4004440368747559,0.25897428286223434,0.3405816802630097,0.3978438242442953,0.2614342349083095,0.3407219408473948,0.39762,0.2613,0.34108,0.3850222037100337,0.26144512983971596,0.35353266645025017,0.39016393442622954,0.2754098360655738,0.3344262295081967
76,Cádiz,Espanyol,2,2,2.55,3.2,2.87,1.2009731839876203,1.2625373634942634,0.022455110713944973,1.2234282947015653,1.2849924742082084,1.2099374890102244,1.267163701201604,1.2199501849475274,1.280992753141094,1.217857988811516,1.284929921095208,0.3796262725385331,0.26983276640206433,0.3505409610594029,0.38113137832796146,0.2696841150624185,0.3491845066096201,0.3786466103074357,0.2722325832266108,0.34912080646595334,0.37404,0.2711,0.35486,0.378003119705152,0.2713745255460858,0.35062235474876224,0.3723872275722251,0.29674607197161684,0.3308667004561581
77,Real Sociedad,Villarreal,1,0,2.75,3.4,2.5,1.3052588892565193,1.3119890416108426,0.018527585286264515,1.3237864745427839,1.3305166268971071,1.3360465388591491,1.3399666041771046,1.325883745435326,1.331167300944322,1.3236098748435365,1.3352586818096635,0.3709283934572204,0.260595499615061,0.3684761069277188,0.3724586223861982,0.2604877363443566,0.36705364126944506,0.37012422261063016,0.2628959715950274,0.3669798057943423,0.3659,0.2679,0.3662,0.3711465040546447,0.2595207662030305,0.3693327297423249,0.3437815975733064,0.27805864509605666,0.37815975733063706
78,Barcelona,Celta Vigo,1,0,9.0,6.0,1.28,2.3288847582217977,0.7904077185683591,0.02287974300122244,2.35176450122302,0.8132874615695815,2.3590405707681312,0.7816197174774268,2.3656842878711988,0.8019616597409746,2.36162717505858,0.804426511895226,0.10902224397991356,0.16887323890095773,0.7221045171191289,0.10975519919869853,0.16939156438624323,0.7208532364150583,0.10993109205463819,0.1715665421196278,0.718502365825734,0.11012,0.16994,0.71994,0.1061045215067441,0.16824175758361168,0.7256537209096443,0.10491803278688525,0.15737704918032788,0.7377049180327869
79,Elche,Mallorca,1,1,2.5,3.1,3.0,1.1792132186572355,1.3033772440706453,0.021610760272284278,1.2008239789295199,1.3249880043429296,1.1840133802597255,1.3012056750392544,1.1978463827284693,1.3224296187501259,1.1957920942793163,1.3264941440987255,0.3954992220395386,0.2681343055716417,0.3363664723888199,0.39703293195942585,0.26794549905682635,0.3350215689837479,0.39440188198292636,0.2705160672510663,0.3350820507660074,0.39806,0.26864,0.3333,0.3927747160085767,0.2704181247376047,0.3368071592538182,0.3788187372708758,0.3054989816700611,0.3156822810590631
80,Rayo Vallecano,Getafe,0,0,3.8,3.2,2.05,1.367563379324614,1.1489227844491057,0.022647944700167812,1.3902113240247818,1.1715707291492734,1.3682601007583546,1.1159681893045335,1.3891727307307853,1.1657173905132345,1.3867903204853929,1.1693002563352528,0.3150477105997906,0.26462509021426417,0.4203271991859452,0.31644108236637875,0.26465815855444763,0.41890075907917357,0.3146246097853558,0.2670517608040818,0.41832362941056234,0.31546,0.26514,0.4194,0.30567180765106094,0.2684110070158605,0.425917185333078,0.24745379102225576,0.2938513768389287,0.4586948321388156
81,Girona,Cádiz,1,1,4.5,3.3,1.9,1.5666757023384934,0.9970086334509967,0.024911016512644348,1.5915867188511377,1.021919649963641,1.6478922323160776,0.9602779047236837,1.5914312978035183,1.011582604363562,1.588702017171346,1.0146917325011517,0.24077289521990972,0.2507425170491341,0.5084845877309563,0.24197319246623059,0.2509784035323896,0.5070484040013796,0.24091619188777694,0.2533056824146665,0.5057781256975566,0.2441,0.25178,0.50412,0.21965029904520517,0.24532863936753338,0.5350210615872615,0.211324570273003,0.28816986855409504,0.5005055611729018
82,Valencia,Elche,2,2,7.5,4.75,1.4,1.9859133192820277,0.8195717438355339,0.026538575314542075,2.0124518945965697,0.846110319150076,2.036666835039048,0.8405586251870356,2.017293436231163,0.8315519959162765,2.0138338084655705,0.834107794817147,0.14560119870364016,0.2042414932178223,0.6501573080785377,0.14647600176850337,0.2047038005552428,0.6488201976762537,0.14633888675840065,0.2069929995021643,0.646668113739435,0.14686,0.20688,0.64626,0.14546974892562362,0.20264500797505905,0.6518852430993174,0.12600663192799622,0.19895783988630983,0.6750355281856941
83,Mallorca,Sevilla,0,1,2.7,3.0,2.9,1.1317428960603115,1.335955835018852,0.02177507611893972,1.1535179721792512,1.3577309111377918,1.1712112988659085,1.3229393417457767,1.1496259648175953,1.3554844336957197,1.1476543736566387,1.3596505539657688,0.4149356440709356,0.2679799353409511,0.31708442058811326,0.4164906298702445,0.26773802980645306,0.31577134032330234,0.413666084205657,0.2703726237412289,0.3159612920531141,0.41516,0.26852,0.31632,0.401426755767661,0.26946560428543614,0.3291076399469026,0.3532277710109622,0.317904993909866,0.32886723507917176
84,Athletic Club,Atlético Madrid,0,1,3.0,3.2,2.45,1.2435464786451564,1.205286811900459,0.023477595838596568,1.267024074483753,1.2287644077390556,1.2969107693875568,1.2306236000174993,1.2631961952529682,1.2229053302849333,1.2610298328626495,1.2266639648794748,0.35494290962059866,0.27086523462352624,0.374191855755875,0.3564021292877423,0.27078169365947036,0.372816177052788,0.35415550132235374,0.2732906053023236,0.37255389337532263,0.35586,0.27052,0.37362,0.35021232069664365,0.26813661649302156,0.3816510628103347,0.3162565550625252,0.2964905203711174,0.3872529245663574
85,Celta Vigo,Real Sociedad,1,2,2.8,3.2,2.6,1.2849917945362588,1.2758248054947197,0.020022449886103227,1.305014244422362,1.295847255380823,1.2936133690853449,1.2372976044861357,1.3052964032015582,1.294474426953312,1.3030578395906633,1.2984530312184208,0.3655030244949372,0.2639229682374724,0.37057400726759016,0.36700961051898917,0.26382367054158495,0.369166718939426,0.36470622173641476,0.26626368913149046,0.36903008913209456,0.36996,0.26374,0.3663,0.35266395839826603,0.2679766600154137,0.3793593815863202,0.33876221498371334,0.29641693811074915,0.3648208469055374
86,Real Madrid,Barcelona,3,1,3.1,3.6,2.2,1.3991235252809726,1.1911359091286462,0.020415215627346495,1.419538740908319,1.2115511247559927,1.424878680936827,1.279671710127552,1.421231569687199,1.208547573892737,1.4187941790173457,1.212262079511356,0.32030616122323685,0.2604155440596754,0.4192782947170879,0.3217292647720817,0.26044201199651357,0.41782872323140496,0.3198888825696488,0.26278634952846375,0.41732476790188744,0.32192,0.26128,0.4168,0.3380231022312087,0.2571390669829306,0.40483783078586044,0.30579150579150577,0.2633204633204633,0.43088803088803085
87,Espanyol,Valladolid,1,0,3.5,3.3,2.2,1.3069666784669336,1.0729130320044156,0.027654328374329074,1.3346210068412627,1.1005673603787447,1.341510100040202,1.118136087996375,1.3276185200255284,1.08859655047709,1.325341674321526,1.0919423831861261,0.3058039351891976,0.2730698944596651,0.4211261703511372,0.30714285019650917,0.2731129650352833,0.4197441847682075,0.30536065660241485,0.2756064223611275,0.4190329210364576,0.3069,0.27804,0.41506,0.3112346910450032,0.27054611881206636,0.4182191901429304,0.2738589211618257,0.2904564315352697,0.4356846473029045
88,Betis,Almería,3,1,5.75,4.1,1.57,1.8346876267538852,0.8813156878391908,0.025613347602457853,1.860300974356343,0.9069290354416486,1.8530609670462725,0.9160050328799176,1.8636781731859335,0.8941984942346555,1.8604819932756234,0.896946838944245,0.17589402169877358,0.2222260954061555,0.6018798828950711,0.17688678149247195,0.22262624526892602,0.600486973238602,0.17647902389160205,0.2249149090833844,0.5986060670250135,0.17662,0.22514,0.59824,0.18203838853719978,0.22384996434693924,0.5941116471158611,0.1648842838663405,0.23124015420279465,0.6038755619308649
89,Villarreal,Osasuna,2,0,6.0,4.2,1.57,1.9003235987886584,0.8818610232407289,0.024365218042841204,1.9246888168314997,0.9062262412835701,1.904843323585145,0.9045869349362552,1.9303512823699083,0.8947518011842955,1.9270407590846539,0.8975018464986586,0.1682410569150261,0.21542673573034116,0.6163322073546329,0.16921281842313543,0.21584600411245689,0.6149411774644076,0.16888797097993602,0.21810340033688105,0.6130086286831828,0.17212,0.21546,0.61242,0.17332236969982756,0.21830023088046313,0.6083773994197094,0.15999417673606056,0.22856310962294366,0.6114427136409958
90,Sevilla,Valencia,1,1,3.2,3.4,2.25,1.490958916649887,1.1181016927590433,0.021215120746358247,1.5121740373962451,1.1393168135054015,1.4703670925368089,1.187898689724002,1.5145180844728534,1.1344457654188327,1.511920708839528,1.1379325170045347,0.28444193841046617,0.25554487712780866,0.460013184461725,0.28578056930662504,0.2556700341277497,0.45854939656562554,0.2843073021616661,0.25796869415922197,0.4577240036791118,0.28274,0.25552,0.46174,0.3059378977716083,0.2574850736401991,0.4365770285881927,0.29731830547998445,0.27982899339292655,0.42285270112708895
91,Getafe,Athletic Club,2,2,1.83,3.3,4.75,1.0361463118911811,1.6306497019041133,0.016517544720690544,1.0526638566118716,1.6471672466248037,1.0596164446983931,1.6087607997739686,1.0525188252974136,1.6544860464720383,1.0507137714136263,1.659571156771629,0.5142555461687341,0.24447480285117032,0.24126965098009512,0.5159288960660867,0.24401351154101864,0.24005759239289481,0.5123213898200755,0.24680133149482691,0.24087727868509723,0.5111,0.24438,0.24452,0.5012893533123378,0.2486344575736524,0.2500761891140094,0.5155147748014405,0.28587637511716246,0.1986088500813971
92,Atlético Madrid,Rayo Vallecano,1,1,7.0,3.75,1.55,1.885199614851331,0.8212773574179798,0.028405394080140943,1.913605008931472,0.8496827514981208,1.9060730772418617,0.8906812191999008,1.914988319026943,0.8332825416426424,1.911704142991716,0.8358436594254194,0.156725053078401,0.21498931086824358,0.6282856360533555,0.1576346888090103,0.21542734212833126,0.6269379690626584,0.1573843900059263,0.21776064870659526,0.6248549612874785,0.1566,0.217,0.6264,0.17014738280774758,0.21777461433426845,0.612078002857984,0.13545004369356248,0.25284008156131665,0.6117098747451208
93,Cádiz,Betis,0,0,2.0,3.3,4.0,1.0765561588602461,1.445429369484363,0.01993622502184906,1.0964923838820952,1.465365594506212,1.1145902034757893,1.4876259402236331,1.093567202514236,1.4665582192056712,1.0916917512836863,1.471065727940081,0.4570695470429798,0.2607664312797334,0.2821640216772867,0.458679719217686,0.2604236793290701,0.2808966014532436,0.45549131511862934,0.26313847207454316,0.2813702128068276,0.45608,0.2604,0.28352,0.4576732574825747,0.25834988775807155,0.28397685475935364,0.47482014388489213,0.2877697841726619,0.23741007194244607
94,Valladolid,Celta Vigo,4,1,2.45,3.3,2.9,1.1716645713169676,1.364886750091962,0.019883042777001782,1.1915476140939694,1.3847697928689637,1.1860894385939447,1.3534949912962095,1.1901784565485634,1.3848382521425848,1.1881373184769608,1.3890945922152336,0.41377354027898355,0.26390061019860445,0.32232584952241206,0.41534535061713684,0.2636700676641582,0.3209845817187047,0.4125630854752649,0.26624372433131765,0.3211931901934174,0.4114,0.26702,0.32158,0.40635905188252147,0.2664345170029663,0.3272064311145122,0.3865105008077544,0.28695476575121165,0.32653473344103395
95,Real Sociedad,Mallorca,1,0,6.5,4.0,1.55,1.8481022422032878,0.8844889549353999,0.02517440564658842,1.8732766478498761,0.9096633605819884,1.8601490008889345,0.9086380725731992,1.8773047577064645,0.8974181471903309,1.8740852084095738,0.9001763875955903,0.17498950324562412,0.22090960918318192,0.604100887571194,0.17598135258951436,0.22131255568179128,0.6027060917286945,0.1755859863437869,0.22359135463088498,0.600822659025328,0.17434,0.22438,0.60128,0.17953150770871865,0.2229520698865547,0.5975164224047268,0.1466587817859255,0.23832052040212892,0.6150206978119456
96,Elche,Real Madrid,0,3,1.3,5.75,8.5,0.8033440070147315,2.333600396244048,0.011476254365949108,0.8148202613806806,2.345076650609997,0.8000292061147309,2.3673443791053,0.8160379290735368,2.36771226163351,0.8146384363539878,2.3749894931543034,0.7192244927215191,0.16953024917201887,0.11124525810646202,0.7207754172605171,0.1687880311360028,0.11043655160347998,0.716319854310646,0.17190030983067242,0.11177983585868179,0.71586,0.17078,0.11336,0.7228274120816263,0.16860516793487848,0.10856741998349528,0.7251483679525222,0.16394658753709201,0.11090504451038577
97,Almería,Girona,3,2,2.8,3.25,2.6,1.2363918454712095,1.1795566937906197,0.02470984932870687,1.2611016947999163,1.2042665431193265,1.2729970694313886,1.1749832074377602,1.2559285091962258,1.1967990970840825,1.2537746107776933,1.2004774934223896,0.3493194192571987,0.27294891879132843,0.37773166195147323,0.3507597961696521,0.272876767297736,0.3763634365326124,0.348554386989781,0.2754026663440308,0.3760429466661881,0.34542,0.2789,0.37568,0.33993751791596966,0.2730016729246183,0.38706080915941177,0.3403141361256544,0.2931937172774869,0.3664921465968586
98,Osasuna,Espanyol,1,0,3.5,3.6,2.05,1.376676500123855,1.148267632855084,0.022466025222338714,1.3991425253461938,1.1707336580774228,1.4011571298025418,1.1875251978201664,1.3984298511667048,1.1650526621111952,1.3960315650996225,1.1686334848714113,0.313149034724228,0.2639293438224297,0.42292162145334244,0.3145400380004446,0.2639684876073747,0.4214914743921808,0.3127461322796972,0.26635342300018117,0.4209004447201218,0.31238,0.26872,0.4189,0.3185590568214276,0.26278543204096577,0.4186555111376067,0.2717731541152642,0.2642238998342847,0.46400294605045117
99,Barcelona,Villarreal,3,0,6.0,4.5,1.5,2.1300603027615357,0.904305712713696,0.019780673770179256,2.149840976531715,0.9240863864838752,2.1568729637641844,0.8598649064875542,2.1637181370488516,0.917524580345301,2.160007393133561,0.9203446184493337,0.14790991720118635,0.19357695125581878,0.6585131315429948,0.148829540349328,0.19404351228998407,0.657126947360688,0.14872519164908415,0.19618162373270337,0.6550931846182124,0.14774,0.19704,0.65522,0.13747284195202128,0.19162556661346816,0.6709015914345104,0.15789473684210528,0.2105263157894737,0.6315789473684211
100,Rayo Vallecano,Cádiz,5,1,5.25,3.5,1.72,1.6380749139920203,1.0103189074565333,0.022805819728530574,1.660880733720551,1.0331247271850639,1.6695926830820738,0.9475888349250157,1.6639587135886202,1.0250874439322109,1.6611050495341306,1.028238079581412,0.2331503659024818,0.2436979836588611,0.5231516504386571,0.23434329579867907,0.24396019418247,0.5216965100188509,0.23338907802931524,0.2462301276941621,0.5203807942765225,0.2357,0.24808,0.51622,0.2134702397420263,0.24307638687937416,0.5434533733785996,0.1801047120418848,0.2701570680628272,0.549738219895288
101,Valladolid,Real Sociedad,1,0,2.05,3.4,3.6,1.0847692163388498,1.5291423437088187,0.017626494224612602,1.1023957105634625,1.5467688379334315,1.1030325305595254,1.5576794016478046,1.1019100374114643,1.5514948843896812,1.1000202783451105,1.5562634483997526,0.4769509800330777,0.25312716490140763,0.26992185506551447,0.4785983760601234,0.2527466588472797,0.268654965092597,0.47527642369161915,0.2554491847098606,0.2692743915985202,0.47264,0.25876,0.2686,0.47825274851603955,0.2525651389639438,0.26918211252001667,0.4603234298608499,0.27754795035727714,0.26212861978187285
102,Valencia,Mallorca,1,2,5.0,3.5,1.75,1.6277163731243636,0.9513948443846073,0.02594535900875024,1.6536617321331137,0.9773402033933576,1.6862235547689266,0.9572442032038866,1.6534364937624242,0.9653020467128682,1.6506008751559653,0.9682689302296089,0.22008531231781214,0.24477192624010868,0.535142761442079,0.22121995550369414,0.2450612335263079,0.533718810969998,0.2203676684924136,0.24738957819253848,0.5322427533150478,0.22138,0.24582,0.5328,0.21347799799859896,0.24142424537022272,0.5450977566311783,0.1891891891891892,0.27027027027027023,0.5405405405405405
103,Real Madrid,Sevilla,3,1,8.5,4.75,1.36,2.355398124854352,0.8738185212214341,0.018428784429777575,2.3738269092841295,0.8922473056512117,2.4069945288951016,0.8157455794426256,2.392616601563308,0.8865917363008882,2.3885133002396044,0.8893167014218749,0.12124549052617525,0.17133257649498446,0.7074219329788404,0.12205780595413582,0.17184069861463,0.7061014954312341,0.12217643414729014,0.1739237042320306,0.7038998616206792,0.12206,0.17312,0.70482,0.10814021052185703,0.1659791490185128,0.7258806404596302,0.11062590975254732,0.19796215429403205,0.6914119359534208
104,Espanyol,Elche,2,2,5.25,3.75,1.66,1.7316228486861684,0.9396518571010308,0.024411678412041456,1.7560345270982098,0.9640635355130723,1.7593542743135546,0.9365439139637876,1.7589848322007422,0.9533874039898549,1.7559681997885004,0.9563176675105818,0.2026166270712997,0.23403788890884203,0.5633454840198584,0.203706266828061,0.23437590783374876,0.5619178253381903,0.20304717028889932,0.23665608122709966,0.5602967484840009,0.20462,0.23598,0.5594,0.1986277426234645,0.23378340744835147,0.5675888499281838,0.17977041368854232,0.25167857916395925,0.5685510071474984
105,Betis,Atlético Madrid,1,2,2.3,3.3,3.2,1.1356998271379641,1.499813019060795,0.017193673904902045,1.1528935010428663,1.5170066929656971,1.146938733504923,1.4733098897021686,1.1536454207591331,1.5217368325371337,1.1516669362919634,1.5264139343216434,0.45746062472699417,0.2544463903025199,0.28809298497048597,0.45910141444151154,0.2541159011029011,0.2867826844555874,0.4559589871512127,0.2567379212187017,0.2873030916300856,0.45194,0.25952,0.28854,0.44656528701573417,0.2585923987087471,0.29484231427551877,0.41395531164249316,0.2885143081144649,0.2975303802430419
106,Girona,Osasuna,1,1,2.9,3.2,2.55,1.2248210219373692,1.124949948210021,0.02752335033600486,1.252344372273374,1.1524732985460258,1.27053869535958,1.1415540633511945,1.2441748509977684,1.1413941265984828,1.2420411099254702,1.144902234171487,0.3364430591714966,0.2771488958138172,0.3864080450146862,0.337841545256711,0.27710389109891886,0.3850545636443702,0.3357342660168754,0.2796642776028316,0.3846014563802932,0.33538,0.28038,0.38424,0.33126301328413327,0.2750843169146907,0.39365266980117597,0.3285685524461445,0.29776525065431847,0.37366619689953695
107,Villarreal,Almería,2,1,9.0,4.75,1.36,2.1584317119348158,0.7651977157746852,0.027124356555158793,2.1855560684899746,0.792322072329844,2.181711787029925,0.7954981894925242,2.192537852867354,0.7763831447448044,2.188777683574847,0.7787693805998537,0.11858211425700949,0.18382795812392413,0.6975899276190665,0.11934158048253357,0.184333155251352,0.6963252642661144,0.11942228418533543,0.18660937411884496,0.6939683416958198,0.1198,0.1886,0.6916,0.12304944245433438,0.18594709555005384,0.6910034619956118,0.10512611879576893,0.19918633034987795,0.6956875508543532
108,Barcelona,Athletic Club,4,0,5.5,4.5,1.55,2.0348012343251205,0.9032125973477776,0.02112673907010481,2.0559279733952254,0.9243393364178824,2.059611817983724,0.891797044684411,2.066953846466547,0.9164154861492978,2.063409051847677,0.9192321154205202,0.15769729554205916,0.20269531006830904,0.6396073943896315,0.15864765593754354,0.20314152656195006,0.6382108175005063,0.158446584644743,0.20531852711722795,0.636234888238029,0.15692,0.2081,0.63498,0.15348595266171763,0.2024571380845067,0.6440569092537758,0.17329192546583852,0.21180124223602484,0.6149068322981366
109,Celta Vigo,Getafe,1,1,5.0,3.5,1.75,1.6581381332833556,0.9632659312307266,0.024668471426805144,1.6828066047101606,0.9879344026575317,1.6968387955555166,0.9533784237110786,1.684338958885887,0.9773466615191186,1.68145034301862,0.9803505645047975,0.218599849026493,0.2416976355455132,0.5397025154279937,0.21973769273789467,0.24199385601977,0.5382684512423352,0.21891365968918722,0.24429285502919462,0.5367934852816182,0.21696,0.24368,0.53936,0.211068129113364,0.2403236727503451,0.548608198136291,0.1891891891891892,0.27027027027027023,0.5405405405405405
110,Mallorca,Espanyol,1,1,3.4,3.1,2.25,1.2564640526524238,1.1289568718928549,0.026379043460058205,1.282843096112482,1.155335915352913,1.2942559572582464,1.1326364588439004,1.2763178844041905,1.1454596222808393,1.2741290185152216,1.148980225271385,0.33119968568567987,0.27441502941493184,0.3943852848993884,0.332596372563759,0.2743888778800484,0.3930147495561923,0.3305592917651314,0.2769102443383303,0.39253046389653823,0.32862,0.27722,0.39416,0.3241866218160226,0.27368979955363854,0.4021235786303391,0.27717067355454006,0.3039936419630439,0.41883568448241604
111,Almería,Celta Vigo,3,1,2.25,3.3,3.3,1.1435612549454823,1.3754785656576978,0.020248032108953238,1.1638092870544356,1.395726597766651,1.1617423094056285,1.3877629314660316,1.1616310697607952,1.3955848956674648,1.1596388900262358,1.3998742658571042,0.42293304729580905,0.2642934305383428,0.3127735221658484,0.42451087179965474,0.26403697807525855,0.31145215012508676,0.4216343582521182,0.2666505388364237,0.31171510291145765,0.42154,0.26656,0.3119,0.4208385746191639,0.26490321110010623,0.31425821428072986,0.42307692307692313,0.2884615384615385,0.2884615384615385
112,Cádiz,Atlético Madrid,3,2,1.6,3.6,7.0,0.8423386995256367,1.7776858118716397,0.018518716774664903,0.8608574163003015,1.7962045286463046,0.9237214012755972,1.872154765774558,0.8556487904773674,1.8036714858614638,0.8541813657289572,1.8092151218863124,0.5980307958333174,0.2275808815220812,0.17438832264460147,0.5996607376590093,0.2269460819850686,0.1733931803559221,0.5954517121053646,0.23008890813104416,0.17445937976359116,0.59752,0.22986,0.17262,0.596466155362515,0.2221003074674911,0.18143353716999389,0.5977229601518026,0.2656546489563567,0.13662239089184058
113,Sevilla,Rayo Vallecano,0,1,4.0,3.3,2.0,1.5541910565806616,1.0344895847198738,0.023396622957332764,1.5775876795379944,1.0578862076772066,1.5537215768650445,1.0774341065116428,1.5787493777537296,1.0496114408515242,1.5760418464228425,1.0528374517083843,0.25230404201328605,0.251528895036848,0.4961670629498657,0.2535457208438389,0.2517371420691893,0.4947171370869716,0.25238460047985056,0.254043394186374,0.4935720053337751,0.25338,0.25572,0.4909,0.26335659172118187,0.25338956212421976,0.48325384615459843,0.23741007194244607,0.2877697841726619,0.47482014388489213
114,Valencia,Barcelona,0,1,1.57,4.33,5.0,0.9823444481536515,1.8489476009347217,0.013832954452209882,0.9961774026058614,1.8627805553869314,1.0210258058201784,1.8734081639229123,0.997866819330728,1.8759749582220993,0.9961554928114835,1.8817408210422608,0.5792430512420487,0.22328648779267726,0.19747046096527376,0.5809419112862804,0.22270780101269866,0.19635028770102092,0.5769353990516447,0.2255991302668522,0.19746547068150244,0.57268,0.22724,0.20008,0.5730954620465052,0.2239228896564402,0.20298164829705456,0.5964499519258584,0.21626476316942211,0.18728528490471957
115,Osasuna,Valladolid,2,0,4.33,3.4,1.9,1.5859421657333106,0.9853937171793685,0.025073340150170542,1.6110155058834812,1.0104670573295391,1.6371424811797206,0.9647747374317639,1.6110021973832664,0.9997979047558472,1.6082393529539947,1.0028708122813135,0.23484848081485019,0.24892029502431032,0.5162312241608396,0.23603121831376114,0.24917196683213547,0.5147968148541034,0.23503451729773292,0.2514961945951866,0.5134692881070804,0.23192,0.25284,0.51524,0.22230703057167867,0.24642223721335346,0.531270732214968,0.21966064810092148,0.2797442959638206,0.5005950559352579
116,Real Madrid,Girona,1,1,13.0,6.5,1.2,2.472775614566667,0.6731536218354989,0.029029313320419033,2.5018049278870857,0.7021829351559179,2.514126023235219,0.7424091360984054,2.511848814399037,0.6829935780556983,2.5075410316316966,0.685092778399957,0.08013971430755401,0.1478205803667982,0.7720397053256478,0.08070951445451484,0.14835165110987658,0.7709388344356086,0.08102948820274844,0.15057777403916056,0.7683927377580909,0.08148,0.15474,0.76378,0.0888999570689607,0.15180739180805305,0.7592926511229863,0.07228915662650603,0.14457831325301207,0.783132530120482
117,Athletic Club,Villarreal,1,0,3.4,3.3,2.2,1.3639673857480967,1.106515398302226,0.024506454266763195,1.38847384001486,1.1310218525689892,1.4000079546999329,1.1677766540986199,1.3855199155911697,1.1226901060109682,1.3831437698685545,1.1261407262404337,0.30429290432129924,0.26669419715184634,0.4290128985268543,0.3056499237306482,0.2667516434187688,0.42759843285058285,0.3039229757931372,0.2691696832123063,0.42690734099455663,0.30288,0.2663,0.43082,0.3135746435203205,0.2636941334486947,0.422731223030985,0.2796610169491525,0.288135593220339,0.43220338983050843
118,Real Sociedad,Betis,0,2,3.8,3.5,2.0,1.5207831338555335,1.1802562098880802,0.01852393343007121,1.5393070672856048,1.1987801433181515,1.49638609827282,1.1667246925414974,1.5448135646559638,1.1975088384964654,1.5421642327318326,1.2011894162453525,0.29518243457392707,0.2514503193889732,0.45336724603709966,0.2965703918921835,0.2515551783062007,0.4518744298016163,0.2950214175274955,0.2537966919020167,0.4511818905704875,0.2952,0.2568,0.448,0.2958584295568163,0.256123198722469,0.4480183717207147,0.25089605734767023,0.27240143369175623,0.4767025089605735
119,Elche,Getafe,0,1,2.87,3.0,2.7,1.21198978735369,1.1959888086653576,0.024708867088528222,1.2366986544422183,1.2206976757538859,1.2551313651041212,1.1915346385198557,1.2311408655498253,1.2134714116483531,1.2290294775656512,1.2172010508234854,0.3589394056876703,0.2736175037920781,0.3674430905202515,0.36039543936532503,0.2735180986355182,0.36608646199915695,0.35808994100449115,0.27606914448956693,0.3658409145059418,0.3591,0.2752,0.3657,0.3480427404913198,0.2733237801735839,0.3786334793350965,0.33116644180056426,0.31681589598920645,0.3520176622102294
120,Girona,Athletic Club,2,1,2.0,3.5,3.75,1.0488752004054598,1.5953687037623174,0.016966599965977627,1.0658418003714374,1.612335303728295,1.0829568348851848,1.5955799545016633,1.065448847469608,1.618689321361154,1.063621618793144,1.6236644093997885,0.5023666355419131,0.24766390161155974,0.24996946284652743,0.5040318930214495,0.24722706906194172,0.24874103791660884,0.500510163209828,0.2499915146220044,0.24949832216816792,0.49796,0.24982,0.25222,0.49247809005967574,0.24954432969339052,0.25797758024693374,0.4751131221719457,0.27149321266968324,0.25339366515837103
121,Getafe,Cádiz,0,0,3.75,3.1,2.2,1.3112728450776723,1.038621474203646,0.02937632787404312,1.3406491729517154,1.067997802077689,1.348809327419611,1.0986134496160052,1.3319927298940142,1.053803729047133,1.3297083824861735,1.0570426250219591,0.2954746414072603,0.27422304877919046,0.4303023098135492,0.2967814383166632,0.27429098818607933,0.4289275734972571,0.2950901572186541,0.2768001358001574,0.42810970698118844,0.29632,0.27694,0.42674,0.3045899485261497,0.27079921778606086,0.4246108336877895,0.2554785540363364,0.3090466379471811,0.43547480801648253
122,Valladolid,Elche,2,1,4.33,3.6,1.83,1.6528718005151795,0.9944011609371577,0.023250178051233934,1.6761219785664134,1.0176513389883917,1.6844223760955652,0.955209403334121,1.6789894109357824,1.0089370166044815,1.6761099694624282,1.012038013452242,0.22701451904528702,0.2422762677200529,0.5307092132346602,0.2281865600398351,0.24255371325780203,0.5292597267023629,0.22729088414443635,0.24482805968921692,0.527881056166347,0.22726,0.24772,0.52502,0.21323860242884188,0.24159683441473034,0.545164563156428,0.2188711590403955,0.2632533662902535,0.517875474669351
123,Celta Vigo,Osasuna,1,2,3.75,3.3,2.1,1.4069984343594215,1.0501934760854037,0.026059098361011026,1.4330575327204325,1.0762525744464146,1.3945317327092763,1.1093805168898763,1.4292309129821097,1.065544886955395,1.4267798035593606,1.068819869715683,0.28127971834684323,0.26493626027208655,0.45378402138107055,0.2825752071368727,0.26505485862394856,0.4523699342391788,0.2810749067630336,0.26746626182241773,0.4514588314145488,0.28134,0.26642,0.45224,0.29910018684615214,0.26645923242535835,0.43444058072848957,0.25496688741721857,0.2897350993377484,0.4552980132450331
124,Barcelona,Almería,2,0,26.0,10.0,1.08,3.0679309539900705,0.6169702496229423,0.025628160519393987,3.0935591145094645,0.6425984101423363,3.0625723057159515,0.6187500584768585,3.1164084132997685,0.6259889342864838,3.111063819954082,0.627912929223738,0.045149942651524444,0.09800535131180238,0.8568447060366732,0.04552594608308473,0.09848872868669623,0.8559853252302191,0.045962072467927294,0.10042264636246503,0.8536152811696076,0.04594,0.10416,0.8499,0.04633253018036491,0.10090682100081332,0.8527606488188219,0.03613490364025697,0.09395074946466811,0.869914346895075
125,Atlético Madrid,Espanyol,1,1,8.0,4.5,1.44,2.191381027811126,0.6992220974311685,0.031809497583564245,2.22319052539469,0.7310315950147327,2.2120695812711295,0.780089179667344,2.2260078125076963,0.7094431147498572,2.2221902427400746,0.7116236085034798,0.10381958276779034,0.17650719562748707,0.7196732216047226,0.10449739335139441,0.1770269285398319,0.7184756781087738,0.10466044105924374,0.17936578521073704,0.7159737737300192,0.1057,0.17888,0.71542,0.11760895751167907,0.18211404263170344,0.7002769998566175,0.12000000000000002,0.21333333333333335,0.6666666666666667
126,Real Sociedad,Valencia,1,1,4.0,3.4,1.95,1.56901277859058,1.0684514698093295,0.021646236093929763,1.5906590146845099,1.0900977059032593,1.566238702798905,1.0773916491772146,1.5938053030219388,1.084069770514099,1.5910719510066837,1.0874016900351313,0.25853958816860334,0.24968761983210988,0.4917727919992868,0.25981069068460183,0.24988385436679683,0.4903054549486012,0.2586050065223705,0.25215504290381385,0.4892399505738154,0.25658,0.2518,0.49162,0.26130829386509485,0.25226319307586736,0.4864285130590378,0.2365322868355333,0.2782732786300392,0.48519443453442734
127,Villarreal,Mallorca,0,2,5.75,4.0,1.57,1.871890382044003,0.8514429467045548,0.026689117364584493,1.8985794994085874,0.8781320640691392,1.9059235272392732,0.9194338550040934,1.9014687823367908,0.8638890823975123,1.8982077921027325,0.8665442702608194,0.16484356119471189,0.21743361302093592,0.6177228257843521,0.1657911163799196,0.21785671383828356,0.6163521697817965,0.1654789030925508,0.22016108448900173,0.6143600124184475,0.16646,0.22164,0.6119,0.1764385182008964,0.2186003137395227,0.6049611680595808,0.1639365659466162,0.2356588135482608,0.600404620505123
128,Betis,Sevilla,1,1,3.6,3.2,2.2,1.358267083839251,1.0797892838654108,0.02588441476906585,1.3841514986083168,1.1056736986344766,1.4071305412470905,1.1512234678341673,1.3797295412009078,1.0955733173098192,1.3773633258828901,1.0989405933117464,0.2980973454444907,0.2682641280062578,0.4336385265492514,0.2994315546011622,0.2683349371061788,0.4322335082926586,0.2977534118770444,0.2707731845216294,0.43147340360132636,0.29846,0.26794,0.4336,0.30789321524465374,0.26379602207297764,0.4283107626823687,0.26586102719033233,0.2990936555891239,0.4350453172205438
129,Rayo Vallecano,Real Madrid,3,2,1.65,4.2,4.75,0.9982530736808456,1.867314655842241,0.013263520681972955,1.0115165943628186,1.880578176524214,1.005108392573596,1.8835090843653925,1.0140268226621274,1.894610497187821,1.0122877819813172,1.900433636871293,0.579500668661195,0.22182582541562645,0.1986735059231789,0.5812081361292315,0.22124991941812955,0.19754194445263917,0.5772124724465677,0.22411561759736381,0.19867190995606832,0.5768,0.22308,0.20012,0.5791772847063408,0.2227051407314642,0.19811757456219514,0.5746381507885073,0.22575070209548498,0.19961114711600778
130,Elche,Girona,1,2,2.2,3.3,3.25,1.154171271005856,1.3521028904853598,0.020687678556280353,1.1748589495621364,1.3727905690416402,1.1691688762538326,1.359663999102057,1.1724087384279438,1.3718675219394743,1.1703980751544507,1.37608399610096,0.4142553329516333,0.26567406652980446,0.3200706005185622,0.4158197340274179,0.26543865902481206,0.3187416069477701,0.4130194287159511,0.2680386649853795,0.3189419062986695,0.41458,0.2684,0.31702,0.41172210321215713,0.26675933003586016,0.3215185667519824,0.42669584245076586,0.2844638949671772,0.2888402625820569
131,Athletic Club,Valladolid,3,0,7.5,4.5,1.4,1.9772606076609298,0.846121224430791,0.025050411373074004,2.002311019034004,0.8711716358038649,2.0143726316301978,0.8517129997523385,2.008504000061234,0.8584895687957494,2.005059446045881,0.8611281610991921,0.1520373743721383,0.20623354862328022,0.6417290770045813,0.1529443633251935,0.20668533629821897,0.6403703003765877,0.15276165372869702,0.20894796798764884,0.6382903782836542,0.15674,0.2075,0.63576,0.15003028620301292,0.20536930892037444,0.6446004048766125,0.12462908011869436,0.20771513353115725,0.6676557863501484
132,Osasuna,Barcelona,1,2,1.53,4.2,5.75,0.880816947785138,1.9587882415168396,0.014336988717339225,0.8951539365024772,1.9731252302341789,0.9462078829382338,1.983527454143344,0.8947350471119863,1.9874212160949325,0.8932005900239681,1.9935296121839412,0.6284666288010081,0.20969197510308618,0.16184139609590564,0.6301203954631235,0.2090297528452987,0.16084985169157762,0.6258417334160136,0.21209243301641714,0.16206583356756943,0.6275,0.20896,0.16354,0.6151325140151768,0.21174002872143066,0.1731274572633924,0.6133566993028307,0.22343708331745973,0.16320621737970972
133,Almería,Getafe,1,0,3.5,3.3,2.15,1.2877363350744682,1.1347714701439175,0.025234701287118577,1.3129710363615867,1.1600061714310361,1.3204942729200864,1.1343861165649485,1.3080843111930316,1.1513592165719924,1.3058409663620514,1.1548979521347391,0.3266137773600252,0.2716230283401137,0.40176319429986096,0.32800997601217796,0.27161391175983474,0.4003761122279873,0.326036391211092,0.27409744611815223,0.3998661626707558,0.3233,0.27758,0.39912,0.3196173695229422,0.2714947826837151,0.408887847793343,0.2711119602598395,0.28754298815437523,0.44134505158578524
134,Sevilla,Real Sociedad,1,2,2.8,3.2,2.6,1.3786715492090995,1.2090544989799972,0.02022316023134652,1.398894709440446,1.2292776592113437,1.3811675395351386,1.19561012467413,1.4004564247263593,1.2267280922756232,1.39805466311624,1.2304984762387454,0.3289613236894375,0.2611468296691863,0.40989184664137635,0.33040301352956897,0.26114952307411116,0.40844746339632,0.3284747477019653,0.2635070519239278,0.4080182003741071,0.32872,0.26402,0.40726,0.3244542027756232,0.26393305930477134,0.4116127379196054,0.33876221498371334,0.29641693811074915,0.3648208469055374
135,Espanyol,Villarreal,0,1,2.37,3.2,3.2,1.1510160512450516,1.420433834880199,0.018816423501715557,1.1698324747467672,1.4392502583819147,1.1379840266678727,1.4034306184605723,1.1692036619265993,1.441197307430194,1.1671984953108834,1.4456268686751395,0.43320635198088164,0.260413326836158,0.3063803211829602,0.43480894220600397,0.2601366140465824,0.30505444374741364,0.43185970198646334,0.26273660564498924,0.30540369236854736,0.43198,0.2652,0.30282,0.4303133961503435,0.2646129573876804,0.3050736464619759,0.4030226700251889,0.29848866498740556,0.29848866498740556
136,Mallorca,Atlético Madrid,1,0,2.1,3.1,3.8,0.9632709039393086,1.5635242590641811,0.019877312488217516,0.9831482164275261,1.5834015715523986,1.038622195607675,1.5796936080492905,0.978491887315483,1.5863793841936584,0.9768137885119256,1.5912551667140507,0.5152659740809113,0.2515014613703975,0.23323256454869112,0.5169018348066745,0.2510216374043756,0.2320765277889496,0.5132235070559931,0.25393478361612193,0.23284170932788517,0.51378,0.25072,0.2355,0.49902993672678686,0.25157956519971264,0.24939049807350022,0.4484202512371526,0.30376855728968405,0.2478111914731633
137,Rayo Vallecano,Celta Vigo,0,0,3.5,3.2,2.2,1.2963525972492613,1.0536638454717038,0.028999902833084987,1.3253525000823463,1.0826637483047887,1.339185724517742,1.1136973817984006,1.3168367219660966,1.069065985152655,1.3145783668828732,1.0723517901092057,0.3024602590130413,0.2749107995999436,0.42262894138701523,0.30378403570321716,0.27495953478810803,0.4212564295086748,0.3020218456558224,0.27747494928152844,0.42050320506264915,0.30304,0.27424,0.42272,0.3104687603367318,0.2709417172152744,0.41858952244799386,0.27139552814186585,0.2968388589051658,0.4317656129529684
138,Valencia,Betis,3,0,3.6,3.4,2.1,1.3839658087608822,1.1421725464538748,0.022540844690645875,1.406506653451528,1.1647133911445207,1.3930903238641015,1.1845345194480659,1.4058343407410303,1.1588684795788788,1.4034233560861962,1.1624302950767753,0.3101477616503164,0.26359675222829015,0.42625548612139386,0.31153201096681604,0.2636441958661368,0.4248237931670471,0.309768841956034,0.2660249337428893,0.4242062243010768,0.31098,0.26796,0.42106,0.31928367854050377,0.2635234586142382,0.41719286284525803,0.26503340757238314,0.28062360801781744,0.4543429844097996
139,Real Madrid,Cádiz,2,1,15.0,8.5,1.14,2.830088291918288,0.6477679834677448,0.02600052387913183,2.85608881579742,0.6737685073468767,2.86078339773651,0.6713335515151806,2.8748075154183765,0.6572368600977023,2.8698772639624175,0.6592568964308464,0.05799883071840619,0.11678052881660578,0.825220640464988,0.05845337670748558,0.1172929877756753,0.8242536355168392,0.05886998589647911,0.11934772264820669,0.8217822914553142,0.05832,0.1199,0.82178,0.06028854334746585,0.11887159950346778,0.8208398571490664,0.06280381100524984,0.11083025471514679,0.8263659342796034
140,Girona,Rayo Vallecano,2,2,3.3,3.2,2.3,1.2574203467585112,1.0957325152760038,0.027973491306863125,1.2853938380653744,1.123706006582867,1.2958834707924693,1.1373590091908559,1.2772892892508099,1.1117496020592041,1.2750987574172052,1.1151665963360988,0.3217297504114778,0.27617703167688457,0.402093217911638,0.3230982582767564,0.27617301781670583,0.4007287239065378,0.32114177457180676,0.27870837122174663,0.40014985420644655,0.31996,0.27708,0.40296,0.3251629766965989,0.27331214603317794,0.401524877270223,0.28851430811446493,0.29753038024304196,0.4139553116424932
141,Betis,Athletic Club,0,0,2.5,3.3,2.88,1.326938041699391,1.330330651705146,0.017613441183975426,1.3445514828833665,1.3479440928891215,1.3222972445071557,1.2885296106139925,1.347905457813926,1.3497770231522375,1.3455938203181144,1.3539256015323442,0.37127711214918657,0.258308666888745,0.37041422096206866,0.3728180248242709,0.2582041844475314,0.3689777907281977,0.3704954325760026,0.2605837106612009,0.36892085676279684,0.3688,0.2627,0.3685,0.36048851643093444,0.2632300607245731,0.3762814228444922,0.38086078384226973,0.28853089685020433,0.33060831930752577
142,Atlético Madrid,Elche,2,0,10.0,5.5,1.29,2.192930629138569,0.6909448527930189,0.03254429092255585,2.225474920061125,0.7234891437155747,2.2377205917812226,0.7691971716982494,2.227581899632383,0.7010448758509308,2.223761630329124,0.7031995573765117,0.10222064376882413,0.1758159438022998,0.7219634124288761,0.10288906089674194,0.17633693278486062,0.7207740063183974,0.1030596330972961,0.178685058625731,0.7182553082769729,0.10398,0.17942,0.7166,0.11351631483759159,0.17898255788019232,0.7075011272822161,0.09460630708713914,0.17201146743116208,0.7333822254816987
143,Getafe,Mallorca,2,0,3.1,2.75,2.75,1.277867455866298,1.1541104445961836,0.024657625440714454,1.3025250813070124,1.178768070036898,1.289790952728461,1.1700075642021608,1.2980594903429468,1.1709808823086565,1.295833337928268,1.1745799256236173,0.33389510253498056,0.2713556894419748,0.39474920802304436,0.33530897772591184,0.2713277081247461,0.3933633141493421,0.3332661420876101,0.27381421380720505,0.39291964410518476,0.33656,0.27236,0.39108,0.3352560725091042,0.27202971166901674,0.39271421582187893,0.30726256983240224,0.3463687150837989,0.3463687150837989
144,Cádiz,Almería,1,1,3.25,3.1,2.38,1.2738650991076774,1.0772060787865991,0.028427372846200845,1.3022924719538782,1.1056334516328,1.313201031793378,1.128033420321231,1.2939938909332305,1.0929523517197974,1.2917747109601159,1.0963115721088381,0.31333460558862686,0.2757525766544188,0.4109128177569543,0.31468394918438536,0.27577146637147076,0.409544584444144,0.31281174095477265,0.27829785555714587,0.4088904034880816,0.30738,0.28062,0.412,0.31928395919917135,0.2723978880369858,0.40831815276384276,0.2929172621883437,0.30709067810068286,0.39999205971097346
145,Celta Vigo,Sevilla,1,1,3.4,3.3,2.2,1.3320923324483571,1.1566916984160953,0.023173652542914928,1.355265984991272,1.1798653509590102,1.3563062017970131,1.182877539204188,1.353141193329349,1.1735998681168651,1.3508205766262305,1.1772069609597966,0.3239425779432731,0.2670527483860895,0.40900467367063753,0.3253492470900664,0.26705851132616915,0.4075922415837645,0.323431591427187,0.2694848328843,0.40708357568851317,0.32694,0.26744,0.40562,0.3258125517264763,0.26637607810985336,0.4078113701636702,0.2796610169491525,0.288135593220339,0.43220338983050843
146,Valladolid,Real Madrid,0,2,1.45,4.75,6.5,0.81002685157799,2.113391090042049,0.013832687562484782,0.8238595391404748,2.1272237776045335,0.8926639689764335,2.1096598252305174,0.8228263716213156,2.1442840023396452,0.8214152368253579,2.1508745206995887,0.6773785466671675,0.19105426553231172,0.13156718780052112,0.6789750367135067,0.19033424260941656,0.13069072067707665,0.6745347554456657,0.19349329080107708,0.1319719537532572,0.6757,0.19098,0.13332,0.653859823094459,0.19763986430758576,0.14850031259795526,0.6543046357615894,0.1997350993377483,0.14596026490066225
147,Barcelona,Espanyol,1,1,10.0,6.5,1.25,2.392002340227382,0.6791558289040425,0.02986190537194882,2.421864245599331,0.7090177342759912,2.3897572057075473,0.744751605850812,2.4297992130566946,0.6890835235733317,2.42563214411604,0.6912014415397436,0.08615229938995057,0.1556144880001323,0.7582332126099172,0.08675061138169174,0.15614519460065565,0.7571041940176526,0.08703477137613157,0.15840667141650555,0.754558557207363,0.09004,0.15538,0.75458,0.0977334487626722,0.1630736396497136,0.7391929115876141,0.09489051094890512,0.14598540145985403,0.759124087591241
148,Real Sociedad,Osasuna,2,0,4.75,3.3,1.85,1.669524506562942,0.9639359455318509,0.024401628052995922,1.693926134615938,0.9883375735848469,1.683726102829179,0.9644261755266389,1.6959052522665528,0.9780264698868217,1.692996800380883,0.9810324622830094,0.2171251724114835,0.2405498942015608,0.5423249333869555,0.21826020581449293,0.24085061896605148,0.5408891752194555,0.21745403506337435,0.24314231777573742,0.5394036471608883,0.2159,0.24302,0.54108,0.2155636297767198,0.24171049289537572,0.5427258773279044,0.19972192688312754,0.2874785311196533,0.5127995419972193
149,Villarreal,Valencia,2,1,4.2,3.4,1.95,1.6497967962549827,1.057101018240025,0.020627066554267732,1.6704238628092505,1.0777280847942927,1.656301128901526,1.058842583896785,1.6758658174484693,1.0725534014738063,1.6729917328907542,1.0758499251044076,0.24289835244464136,0.24241210765734839,0.5146895398980105,0.24413528413456936,0.24265428054970836,0.5132104353157221,0.2431053698570277,0.24488009364344826,0.5120145364995241,0.24386,0.24604,0.5101,0.24253879682565985,0.24427109459812835,0.5131901085762121,0.22783505154639172,0.28144329896907216,0.4907216494845361
150,Elche,Celta Vigo,0,1,1.95,3.25,4.0,1.0488260528509334,1.433453356133481,0.021017353652948236,1.0698434065038818,1.4544707097864293,1.0924155820901849,1.4826865843353947,1.0653989233172343,1.4544071441107196,1.0635717802599371,1.4588773061674416,0.4604595553099106,0.2626535415007751,0.2768869031893145,0.462061447054587,0.26229748409126263,0.2756410688541502,0.45882406558310734,0.26505813581788035,0.27611779859901187,0.46184,0.26482,0.27334,0.461531711868081,0.2593814880273951,0.2790868001045238,0.47904191616766467,0.2874251497005988,0.23353293413173648
151,Valencia,Cádiz,0,1,5.75,4.0,1.57,1.7877831896251208,0.9123108935746518,0.024776102698429708,1.8125592923235505,0.9370869962730815,1.8091270859279647,0.9196349064008927,1.8160325824991346,0.9256467785209551,1.812918114057016,0.9284917804339521,0.18880993466895282,0.22782401738085306,0.583366047950194,0.18985192961893083,0.2281953350271586,0.5819527353539105,0.18932643898371687,0.23047400581940006,0.5801995551968828,0.18826,0.23108,0.58066,0.188308490993431,0.22841278906304416,0.583278719943525,0.1639365659466162,0.2356588135482608,0.600404620505123
152,Villarreal,Real Madrid,2,1,2.05,3.8,3.25,1.2533569885251006,1.6440313379817406,0.012481993818565598,1.2658389823436662,1.6565133318003062,1.2127687174023016,1.6278292221464028,1.2731617244604803,1.6680632912619822,1.2709782713381312,1.6731901316127078,0.4668023179097468,0.2405518252609574,0.2926458568292958,0.4685180917915009,0.24022508075546062,0.2912568274530384,0.465388321597272,0.24268511611646212,0.29192656228626546,0.47086,0.2416,0.28754,0.4705255675392244,0.24470543465422478,0.28476899780655096,0.4607779125081615,0.24857755806361342,0.29064452942822494
153,Mallorca,Valladolid,1,0,4.2,3.3,1.95,1.4866527370726044,1.0516590898030107,0.02407682640863775,1.510729563481242,1.0757359162116484,1.4904397003830192,1.0681313889884054,1.5101438614329348,1.0670319245714244,1.5075539875260364,1.07031147778446,0.2678865386621434,0.25754082680477586,0.47457263453308074,0.26916336642578403,0.2577034664648368,0.47313316710937936,0.2678294283670248,0.26004757749034374,0.47212299414263115,0.26672,0.2614,0.47188,0.2714710341211216,0.2593071645834435,0.469221801295435,0.22590837282780407,0.287519747235387,0.48657187993680884
154,Espanyol,Girona,2,2,3.2,3.4,2.25,1.3564150893592928,1.0937401836581915,0.02527605936943405,1.381691148728727,1.1190162430276256,1.3818771056740857,1.1734797089189803,1.3778482827028247,1.1097281471398757,1.3754852937147088,1.1131389284171187,0.3022350528776355,0.2678607124610073,0.4299042346613573,0.30358225952006157,0.2679215528487312,0.42849618763120745,0.3018674766397974,0.27035380541676735,0.42777871794343536,0.3022,0.273,0.4248,0.3184689989128939,0.2648573051822212,0.416673695904885,0.29731830547998445,0.27982899339292655,0.42285270112708895
155,Almería,Real Sociedad,0,2,1.95,3.3,4.2,1.0053841607780585,1.5898084268675967,0.01811838192989748,1.023502542707956,1.6079268087974943,1.0422005102680654,1.5890736018849143,1.0212705905822705,1.6130477660190752,1.019519126948917,1.618005514575617,0.5115413294074975,0.24857927034030555,0.2398794002521969,0.5131951985093626,0.24811597222984835,0.23868882926078894,0.5095782616229689,0.2509545894401464,0.23946714893688503,0.50828,0.2514,0.24032,0.500529168584382,0.25065565504736154,0.248815176368256,0.48657187993680884,0.287519747235387,0.22590837282780407
156,Rayo Vallecano,Betis,1,2,3.2,3.3,2.3,1.2737937272360038,1.1619529937905688,0.02443379497802764,1.2982275222140314,1.1863867887685964,1.3047479507452777,1.2048226245591391,1.293921391289434,1.1789380715171844,1.2917023356521133,1.1825615714813182,0.33686781069840516,0.27123203365278514,0.39190015564880976,0.3382887209266486,0.2711963479742227,0.3905149310991286,0.3362176168452187,0.27368441674930055,0.3900979664054808,0.33538,0.27486,0.38976,0.3417206288698777,0.26903069099283167,0.38924868013729075,0.29753038024304196,0.28851430811446493,0.4139553116424932
157,Sevilla,Getafe,2,1,5.25,3.4,1.75,1.772112481968119,0.9065849438804694,0.02539810918947447,1.7975105911575935,0.9319830530699439,1.7761143133839346,0.9626877442494205,1.800114256462127,0.9198371286244976,1.7970270877086658,0.9226642744119694,0.18949326205729922,0.2293409658436996,0.5811657720990013,0.19053410026815534,0.2297094449615022,0.5797564547703427,0.1899962164623741,0.23200201529920123,0.5780017682384248,0.19174,0.23188,0.57638,0.2025041806684463,0.23244064594623168,0.565055173385322,0.18037135278514588,0.27851458885941643,0.5411140583554376
158,Atlético Madrid,Barcelona,0,1,2.3,3.4,3.1,1.2831480733067768,1.5018916005589575,0.014477262084407116,1.297625335391184,1.5163688626433647,1.2756802733135555,1.4508097879853132,1.3034235486825005,1.523845798111499,1.3011881969888106,1.5285293818621677,0.4248328941387208,0.2496814568137566,0.32548564904752275,0.42648229964036993,0.24944907276298683,0.32406862759664323,0.42369283364920907,0.25186524446403863,0.3244419218867527,0.42502,0.25148,0.3235,0.412339026926441,0.25558745715021897,0.33207351592334033,0.41349548842683415,0.2797175362887407,0.3067869752844253
159,Athletic Club,Osasuna,0,0,5.75,3.6,1.67,1.714848832998977,0.9235003907040258,0.02561633131617489,1.7404651643151519,0.9491167220202007,1.755113935669604,0.9356646842480346,1.7419457643741345,0.9369998403379539,1.7389583537057867,0.939879736211949,0.2010403274785504,0.23556902275373418,0.5633906497677155,0.20211791427538367,0.23590848103463558,0.5619736046899808,0.20146308603986485,0.2382138091150459,0.5603231048450894,0.20098,0.23686,0.56216,0.19898100921373635,0.23420477434727627,0.5668142164389876,0.16555370444312875,0.2644260557077751,0.5700202398490961
160,Celta Vigo,Villarreal,1,1,2.5,3.3,2.88,1.2147196670974831,1.4415081981471503,0.016955808855033516,1.2316754759525166,1.4584640070021837,1.2177631583922581,1.3908282907167098,1.233913881086498,1.4625797293708103,1.2317977374225737,1.4670750101026455,0.4244021226157207,0.2564140031780489,0.3191838742062302,0.4260176849088878,0.2561693977515929,0.3178129173395191,0.4231849940901451,0.25867783197174976,0.3181371739381049,0.42066,0.26026,0.31908,0.40931929856447574,0.26223413561233405,0.32844656582318965,0.38086078384226973,0.28853089685020433,0.33060831930752577
161,Valladolid,Rayo Vallecano,0,1,2.63,3.25,2.75,1.2144205886230435,1.2752604525717897,0.021672209425638515,1.236092798048682,1.2969326619974282,1.2433152281236035,1.2331720980647005,1.2336100767675746,1.2939018244898992,1.2314944541234671,1.2978786688449198,0.3802136709656646,0.2681689353484672,0.3516173936858683,0.3817264821463474,0.2680218447437886,0.35025167310986394,0.3792477526324054,0.27054998197666064,0.350202265390934,0.38194,0.26948,0.34858,0.36179951179550235,0.2715466447411284,0.3666538434633695,0.36158592090624053,0.2926064529179731,0.34580762617578636
162,Girona,Sevilla,2,1,3.0,3.4,2.38,1.2622214983702513,1.251721975384033,0.02132288529912835,1.2835443836693796,1.2730448606831613,1.3061840378698855,1.3153226695850528,1.2821663055529189,1.2700192689558267,1.2799674097100389,1.2739227095916767,0.36373709757249373,0.2667879028824468,0.3694749995450596,0.3652286921190745,0.2666880935959132,0.3680832142850119,0.36292317845397115,0.26916132405207654,0.36791549749395225,0.3631,0.26962,0.36728,0.3708106462307755,0.2626453559242411,0.36654399784498337,0.3181818181818181,0.2807486631016043,0.40106951871657753
163,Osasuna,Mallorca,1,0,4.33,3.1,2.0,1.4822756724302264,1.0035326017566741,0.02654979361297188,1.5088254660431983,1.030082395369646,1.5013487026828765,1.0304179471733415,1.5056976332480003,1.01820193806642,1.503115384555265,1.0213314109159284,0.2560070229322355,0.2589537297567745,0.48503924731099,0.25723764497658563,0.2591428304088366,0.4836195246145779,0.25600161115831965,0.26152577604159033,0.4824726128000898,0.25578,0.26124,0.48298,0.2598810198509692,0.25913168074971277,0.48098729939931806,0.21921295477848884,0.3061909981260828,0.47459604709542835
164,Real Sociedad,Athletic Club,3,1,3.1,3.2,2.4,1.371556176909752,1.1189492527432525,0.023781254502227827,1.3953374314119797,1.1427305072454803,1.3850563986363373,1.1547861411555327,1.3932286199191464,1.1353057147787626,1.3908392538850727,1.138795109443478,0.3062345427480604,0.26555219862650675,0.4282132586254329,0.3076009934230312,0.26560651329130536,0.4267924932856636,0.3058627911771623,0.2680107326458823,0.42612647617695487,0.30406,0.26948,0.42646,0.31291796651517,0.2654099209479228,0.42167211253690706,0.30670926517571884,0.2971246006389776,0.39616613418530355
165,Getafe,Espanyol,1,2,3.1,3.0,2.5,1.2749417898645368,1.125063990842294,0.02602982802902391,1.3009716178935606,1.1510938188713178,1.2944246155309096,1.1494210402176648,1.2950875948605742,1.1415098362714913,1.292866539201748,1.1450182994814928,0.3264515423229713,0.27315668304524565,0.4003917746317831,0.3278418317961479,0.2731453481665321,0.3990128200373201,0.32585960093539956,0.27564739460231125,0.3984930044622891,0.31996,0.27556,0.40448,0.3287400857457356,0.2727890276898589,0.3984708865644059,0.3054989816700611,0.3156822810590631,0.3788187372708758
166,Almería,Atlético Madrid,1,1,1.7,3.75,5.0,0.9127298507448025,1.7618731184628424,0.016867858618818687,0.9295977093636212,1.7787409770816611,0.9944459866010407,1.796563559141462,0.927152217109561,1.7876276472789367,0.92556216506476,1.7931219721059093,0.5764806741730388,0.23075041387961706,0.19276891194734413,0.5781406513207724,0.23016090139015846,0.19169844728906904,0.5740887604873214,0.23317205879972877,0.1927391807129497,0.57816,0.22866,0.19318,0.5620412049811805,0.23083217218860527,0.20712662283021432,0.5576208178438662,0.2527881040892193,0.1895910780669145
167,Cádiz,Elche,1,1,4.33,3.4,1.91,1.5350834670876718,0.9760221840015167,0.02673822101845053,1.5618216881061224,1.0027604050199672,1.586025332534166,0.9879915666282236,1.5593398624983794,0.9902893813380339,1.5566656181929137,0.9933330641441568,0.24034546712918914,0.25410372064788217,0.5055508122229286,0.24153336621647722,0.2543360880169798,0.5041305457665429,0.24046128794317254,0.2567028898867607,0.5028358221700665,0.24254,0.25804,0.49942,0.2356752071580212,0.2514683965245943,0.5128563963173847,0.2202378731817827,0.28047940908150565,0.4992827177367116
168,Mallorca,Celta Vigo,1,0,3.0,2.75,2.8,1.2418387620312688,1.1824548328001216,0.024439511620206536,1.2662782736514753,1.2068943444203282,1.262696992832664,1.2045947667757035,1.2614614944064155,1.1997396002138216,1.2592981070018405,1.203427034272805,0.3490022565708676,0.2723820733110912,0.3786156701180412,0.35044414775403393,0.2723118012810374,0.37724405096492886,0.34824579059022465,0.27483010740007463,0.3769241020097007,0.3468,0.27414,0.37906,0.3500740384199448,0.27200440575385965,0.3779215558261957,0.31622176591375767,0.3449691991786447,0.3388090349075975
169,Rayo Vallecano,Real Sociedad,0,2,2.38,3.2,3.1,1.2095607620673772,1.3807119810366983,0.018591246447719614,1.2281520085150968,1.399303227484418,1.1906150692288326,1.3494531918960564,1.228673458378051,1.4008948115309625,1.2265663019598985,1.405200501899249,0.4095843866838796,0.26102971451146856,0.32938589880465174,0.4111650849260975,0.26081631771909136,0.3280185973548112,0.4084454732882755,0.2633357889618845,0.32821873774984,0.4082,0.26372,0.32808,0.4042933841118184,0.266517848921414,0.3291887669667677,0.3981697037810067,0.2961387171871237,0.3056915790318696
170,Espanyol,Betis,1,0,2.7,3.2,2.7,1.2300389005324566,1.316187068533887,0.019988191484489715,1.2500270920169463,1.3361752600183767,1.2446666074250006,1.2741212511911693,1.2494751791333016,1.3354266933563037,1.2473323480783292,1.3395311655863444,0.38792160911327533,0.2645205394318552,0.3475578514548694,0.38946088463997136,0.2643594106575802,0.3461797047024485,0.38693137954203816,0.2668597448700562,0.3462088755879058,0.3864,0.2673,0.3463,0.37258328719434775,0.26882638014103744,0.3585903326646148,0.3516483516483516,0.2967032967032967,0.3516483516483516
171,Atlético Madrid,Valladolid,3,0,8.5,4.75,1.4,2.1850262080111063,0.6682311561368163,0.034968887621798096,2.219995095632904,0.7032000437586143,2.2112823367687406,0.7719592626909991,2.219552577958161,0.6779991572409778,2.215746078820265,0.6800830070896674,0.09877482043144163,0.17513398425887414,0.7260911953096842,0.09942106915137806,0.17565732567298314,0.7249216051756388,0.09960396454067566,0.17803744760094098,0.7223585878583835,0.09864,0.17778,0.72358,0.11619590202896679,0.18172910527190306,0.7020749926991302,0.11285532456512516,0.20195163343232925,0.6851930420025457
172,Sevilla,Cádiz,1,0,5.0,3.75,1.7,1.8495469499710695,0.9308181179303364,0.02270617690410117,1.8722531268751708,0.9535242948344376,1.8247156046070383,0.9665043383543825,1.8787722938113496,0.9444245358894767,1.8755502277122107,0.9473272517781228,0.18522108762285577,0.22192434817641168,0.5928545642007326,0.18626300630075943,0.22230820776535756,0.5914287859338827,0.18579172183145692,0.2245379369932199,0.5896703411753232,0.18202,0.22314,0.59484,0.19700678831610893,0.22769124513289032,0.5753019665510007,0.1895910780669145,0.2527881040892193,0.5576208178438662
173,Villarreal,Girona,1,0,4.5,3.8,1.73,1.8369969551634104,0.9305516708919396,0.022934598931227967,1.8599315540946384,0.9534862698231675,1.8406108967593446,0.962933063747515,1.8660239921083432,0.9441541940087916,1.862823789154022,0.9470560789939164,0.18673506418771996,0.2231813475654426,0.5900835882468376,0.187780809828448,0.22356120119011147,0.5886579889814407,0.18729271482953194,0.22579715377638535,0.5869101313940828,0.1905,0.22546,0.58404,0.1941523238358119,0.22606690531541895,0.5797807708487692,0.20897040592517244,0.24746495438507263,0.543564639689755
174,Elche,Osasuna,1,1,2.15,3.25,3.5,1.121806776627227,1.4149879970747596,0.019649277117437722,1.1414560537446647,1.4346372741921973,1.140041539939142,1.3858761747715864,1.139532841256081,1.4356718640134207,1.1375785596495442,1.4400844426496047,0.4384510734098735,0.261918192590063,0.2996307340000639,0.44004956033493564,0.26162402615565,0.29832641350941436,0.4370367588878592,0.26426816064052194,0.29869508047161897,0.43478,0.2606,0.30462,0.4251930348914148,0.26595851774124046,0.3088484473673442,0.43940125543215836,0.2906808305166586,0.269917914051183
175,Barcelona,Getafe,1,0,15.0,8.0,1.18,2.5127893843844826,0.6865738037797704,0.02729153438777703,2.5400809187722597,0.7138653381675474,2.5729871617463083,0.7225749851400566,2.5524948559098153,0.6966099321641166,2.54811736579537,0.6987509827631219,0.07971112536732193,0.1452736946133886,0.7750151800192895,0.08028334064617244,0.14580451087078136,0.7739121484830462,0.08061277155901495,0.14799729196260683,0.7713899364783782,0.0824,0.14916,0.76844,0.08225470961759046,0.14538017443490558,0.7723651159475038,0.06415658556476823,0.12029359793394044,0.8155498165012912
176,Athletic Club,Real Madrid,0,2,2.38,3.4,2.9,1.218840605480439,1.5403363830326582,0.014780288637723559,1.2336208941181626,1.5551166716703817,1.213837423521508,1.5263960235167262,1.238099935870629,1.5628525547975716,1.2359766131859933,1.5676560269332773,0.44882015079429793,0.2489964674795917,0.3021833817261106,0.45048656341471166,0.24870066450648046,0.30081277207880786,0.447468906691725,0.25120272100096613,0.3013283723073088,0.45028,0.24658,0.30314,0.4450733296157162,0.2523946165622926,0.3025320538219911,0.3967168262653899,0.2777017783857729,0.32558139534883723
177,Valencia,Almería,2,2,5.25,4.2,1.6,1.8612577424561443,0.9324499870186571,0.0224296852943837,1.883687427750528,0.9548796723130408,1.8584769399849532,0.924154855774577,1.8906681326598183,0.9460802591469876,1.8874256653767782,0.9489880639485369,0.18412885481946298,0.22078819333702404,0.595082951843513,0.18516869112058654,0.22117514248199188,0.5936561663974216,0.18471055083738913,0.22339774539866122,0.5918917037639497,0.18572,0.22224,0.59204,0.18319867898185002,0.22348926241745107,0.5933120586006991,0.18079096045197737,0.22598870056497172,0.5932203389830508
178,Almería,Espanyol,3,1,3.2,3.1,2.38,1.2421247201407757,1.1371754238755911,0.026416064544517857,1.2685407846852936,1.163591488420109,1.2832192585514604,1.1310838747712657,1.2617519710408913,1.1537983105728522,1.2595880854732768,1.1573445427609417,0.3363684241007971,0.2750667363845962,0.38856483951460674,0.3377741899273026,0.2750256191914075,0.38720019088128976,0.33568195105599585,0.27756033062028956,0.3867577183237145,0.33244,0.2777,0.38986,0.3259033612258581,0.27465586722361557,0.39944077155052626,0.2961387171871237,0.3056915790318696,0.3981697037810067
179,Cádiz,Mallorca,2,0,2.9,2.8,2.88,1.2292029006965577,1.180398897433861,0.024874846584635343,1.254077747281193,1.2052737440184964,1.2412668364785464,1.2083728348436598,1.2486259693690716,1.1976536118056709,1.2464845946960148,1.2013346345194746,0.35103396139635623,0.27341056688474585,0.3755554717188977,0.35247595334626786,0.2733329509429016,0.37419109571083053,0.35025037284214644,0.27586737695978675,0.37388225019806687,0.35492,0.27388,0.3712,0.3554650393696574,0.2732537633562684,0.37128119727407405,0.32865992826866647,0.34039778284969024,0.3309422888816433
180,Girona,Barcelona,0,1,1.57,4.33,5.0,0.8777138974621992,1.9702811790234922,0.01423970177076111,0.8919535992329602,1.9845208807942534,0.9553629873596217,1.9563802943654105,0.8915829643961996,1.999082153888947,0.8900539130824169,2.005226390204596,0.6316743740111365,0.2084195465128509,0.15990607947601232,0.6333261044342803,0.20775322440832292,0.15892067115739683,0.6290353319896831,0.21082038301783665,0.16014428499248012,0.6277,0.21058,0.16172,0.607130081944402,0.21462044662856306,0.17824947142703507,0.5964499519258584,0.21626476316942211,0.18728528490471957
181,Sevilla,Elche,3,0,7.0,4.0,1.53,1.9924761991607083,0.8099858753484025,0.027046473760231043,2.0195226729209392,0.8370323491086336,2.0008238577972084,0.8704168684073383,2.0239600184900617,0.8218260041004036,2.0204889576366147,0.8243519098865743,0.1429478824061726,0.2031398224817916,0.6539122951120357,0.14380992159119954,0.20360648821059354,0.6525835901982068,0.14369224839397776,0.20590397859278955,0.6504037730132326,0.1437,0.20614,0.65016,0.15531694142542696,0.20746831633609483,0.6372147422384782,0.13651572607628817,0.23890252063350434,0.6245817532902074
182,Getafe,Betis,0,1,2.63,2.88,3.2,1.2098527003415573,1.409293293879298,0.017838841799711236,1.2276915421412686,1.4271321356790092,1.200025842661772,1.3324099088273014,1.2289700096718916,1.4298939173675598,1.2268623446727507,1.4342887373190683,0.4170594524481315,0.25895134937076875,0.3239891981810997,0.4186568760611223,0.2587216808342109,0.32262144310466667,0.4158782809704277,0.2612385150273797,0.32288320400219295,0.41286,0.2607,0.32644,0.3976999167997943,0.2672990007782426,0.3350010824219629,0.3656214294782278,0.3338834581693538,0.30049511235241844
183,Valladolid,Valencia,1,0,2.4,3.1,3.25,1.168353880883072,1.3204650995412368,0.021326792455913072,1.189680673338985,1.3417918919971499,1.1766252582309502,1.307431490461004,1.1868154527271755,1.3397672593281187,1.184780082156318,1.343885072412122,0.40253615943702403,0.2674220381597209,0.3300418024032553,0.40408111867937796,0.26721532908182083,0.32870355223880143,0.40138494001696173,0.2697986439985055,0.3288164159845328,0.4016,0.27312,0.32528,0.39606030696030103,0.2703519774921888,0.3335877155475102,0.3979853841595892,0.3081177167687142,0.29389689907169664
184,Osasuna,Atlético Madrid,0,1,2.2,3.1,3.6,1.0491221024222988,1.551167415643739,0.017941466076923568,1.0670635684992222,1.5691088817206624,1.082460320703802,1.520525387080915,1.065699650872317,1.5738419121702751,1.0638719920718065,1.5786791604109418,0.49110827060089757,0.25175653153469213,0.2571351978644104,0.4927583348957875,0.2513408287829954,0.25590083632121663,0.4893104953575083,0.25410280748989617,0.25658669715259574,0.48962,0.25132,0.25906,0.47361304499439144,0.2562675847242756,0.27011937028133315,0.43088803088803085,0.30579150579150577,0.2633204633204633
185,Celta Vigo,Athletic Club,1,0,2.7,3.0,2.88,1.2265890615247983,1.4029404930796523,0.017661227885507357,1.2442502894103056,1.4206017209651596,1.2348232518972573,1.3280927872511656,1.245970828002448,1.4234482532456108,1.2438340068567206,1.4278232622636369,0.41170071796844854,0.25869619197234106,0.32960309005921007,0.4132943086949332,0.25848162578913125,0.3282240655159354,0.41057051498724667,0.26097624703930755,0.3284532379734455,0.41306,0.26036,0.32658,0.3890851162631856,0.26579100005366696,0.3451238836831476,0.35242290748898675,0.3171806167400881,0.33039647577092507
186,Real Madrid,Real Sociedad,0,0,5.0,3.8,1.67,1.8419743437236082,0.9645832856594968,0.021264925289094884,1.863239269012703,0.9858482109485917,1.8920501119958786,0.9537419670377064,1.8710800301411055,0.9786832726368305,1.8678711561579453,0.9816912837351016,0.19381090464911718,0.22339613959044521,0.5827929557604375,0.19489164549992885,0.22376266793683702,0.5813456865632339,0.19435101308741898,0.22596307089694523,0.579685916015636,0.19254,0.22612,0.58134,0.18565123673701153,0.22083057283118732,0.593518190431801,0.18833095916429252,0.24780389363722696,0.5638651471984806
187,Villarreal,Rayo Vallecano,0,1,5.25,3.8,1.67,1.8083405460976656,0.9148206734162839,0.0242529453970719,1.8325934914947375,0.9390736188133558,1.8165621822100213,0.9464227015745348,1.8369147730135331,0.9281932455658688,1.8337644919301734,0.9310460741183381,0.18677048870777366,0.2257564362607566,0.5874730750314698,0.18780852655321081,0.2261336377772926,0.5860578356694965,0.1873077846099413,0.22839949730299977,0.584292718087059,0.1872,0.22744,0.58536,0.19347941078317693,0.2281555762095224,0.5783650130073006,0.1809859255351006,0.2500463444892837,0.5689677299756157
188,Betis,Barcelona,1,2,1.67,3.8,5.0,1.148644661453852,1.722782252009315,0.01282802458862972,1.1614726860424816,1.7356102765979446,1.12843123749591,1.6789550535444662,1.1667948009687292,1.7479653623526636,1.1647937655131626,1.7533377840097581,0.5098820426991866,0.23572021665463086,0.2543977406461827,0.5116086015854178,0.23528970646597905,0.2531016919486033,0.5081124124099041,0.2379059005141335,0.25398168707596225,0.50804,0.23782,0.25414,0.5022977027423978,0.24175255212996055,0.25594974512764146,0.5638651471984806,0.24780389363722696,0.18833095916429252
189,Real Madrid,Valencia,2,0,6.5,4.75,1.44,2.2383347222835437,0.7923470678988619,0.024054402903378607,2.2623891251869224,0.8164014708022405,2.265551438362758,0.781822974845718,2.2737034388708124,0.8039293578939285,2.26980407182457,0.8064002578248689,0.11674683421166356,0.1775339343933558,0.7057192313949807,0.11751035309025183,0.1780433450874395,0.7044463018223086,0.11762374340437214,0.1802545316934186,0.7021217249022093,0.11696,0.17724,0.7058,0.11349696244273937,0.17703368970440742,0.7094693478528533,0.14530005310674457,0.19883165161975572,0.6558682952734998
190,Athletic Club,Cádiz,4,1,9.5,4.5,1.36,2.0272140837619776,0.7885241560148679,0.02786320969379934,2.055077293455777,0.8163873657086672,2.0734125244683015,0.8201851061889139,2.0592468086607583,0.80005056383928,2.0557152314952862,0.8025095421854845,0.13512299688584056,0.19851585898267748,0.6663611441314818,0.13594998374285297,0.19899554348413667,0.6650544727730103,0.13589343468715287,0.20130291924391416,0.6628036460689329,0.1367,0.2004,0.6629,0.13775349298506473,0.19801272885516938,0.6642337781597657,0.0990451529373685,0.20909532286777793,0.6918595241948534
191,Espanyol,Osasuna,1,1,3.0,3.0,2.55,1.2789599477509477,1.103536303468416,0.026937564724089424,1.3058975124750372,1.1304738681925055,1.2915278053787067,1.1354748587493482,1.2991692450772754,1.1196674636691457,1.2969411894499938,1.1231087937207114,0.31968791514598066,0.27396354712979276,0.4063485377242265,0.32105918474525685,0.2739687251365712,0.4049720901181717,0.3191373367330668,0.27647627428859367,0.40438638897833956,0.31738,0.2779,0.40472,0.3254924436592958,0.27375806386096685,0.40074949247973757,0.31481481481481477,0.31481481481481477,0.3703703703703704
192,Elche,Villarreal,3,1,1.67,3.8,5.0,0.965581778371809,1.825279945866201,0.014536692100411964,0.980118470472221,1.839816637966613,1.0058610774929653,1.8317622678612036,0.9808392766901224,1.8519613365240388,0.9791571521492521,1.857653392789417,0.5779804013832512,0.22528174738485776,0.19673785123189114,0.5796696754218433,0.22470147994931045,0.19562884462884556,0.5756558702063448,0.22762036199284424,0.19672376780081102,0.57434,0.22954,0.19612,0.5673446513294963,0.22761208030761398,0.20504326836288944,0.5638651471984806,0.24780389363722696,0.18833095916429252
193,Atlético Madrid,Getafe,1,1,9.0,4.33,1.4,2.149850184696516,0.7186512670046933,0.03092206028102752,2.1807722449775437,0.7495733272857208,2.1770810401735994,0.7881879871128451,2.1838207258897677,0.7291562940528061,2.1800755063383277,0.7313973768282128,0.11066584549249779,0.18196731900774957,0.7073668354997527,0.11137731068758477,0.18248020279558413,0.7061424865168311,0.11149581524046563,0.18481560122938123,0.7036885835301532,0.11322,0.18838,0.6984,0.12209386387300065,0.1860087467405222,0.6918973893864772,0.1051846196557468,0.21862853970016655,0.6761868406440866
194,Betis,Celta Vigo,3,4,3.5,3.2,2.2,1.4748839622750272,1.0846706698776858,0.02288430005017161,1.4977682623251987,1.1075549699278573,1.4707528835331087,1.1254173103502108,1.4981891240729888,1.10052605794769,1.495619752360049,1.1039085563399678,0.2785329761689493,0.2578117921859766,0.4636552316450743,0.27984435760296844,0.2579480612281094,0.462207581168922,0.2784120631358449,0.2602798576969441,0.46130807916721117,0.27916,0.25566,0.46518,0.28971803255306205,0.2594671146958934,0.4508148527510444,0.27139552814186585,0.2968388589051658,0.4317656129529684
195,Mallorca,Real Madrid,1,0,1.73,3.5,5.0,0.9237287125901161,1.7118012469204886,0.017574865373222573,0.9413035779633387,1.7293761122937112,1.007065002980798,1.7243310370716776,0.9383248758510745,1.736823840249856,0.9367156628653299,1.742162018119329,0.5618546508128384,0.2361089362964293,0.20203641289073226,0.5635119536300053,0.235543454937891,0.20094459143210397,0.5595398053602281,0.23853372831009312,0.20192646632967903,0.56294,0.23426,0.2028,0.5420491042608562,0.2378991921424411,0.220051703596703,0.5433938829374321,0.2685918335662164,0.18801428349635152
196,Girona,Valencia,1,0,3.5,3.2,2.2,1.2786247923416645,1.0782849068570897,0.028224242410708984,1.3068490347523736,1.1065091492677988,1.311945431221007,1.1141627425718534,1.2988287937591338,1.0940469497730059,1.2966013220007193,1.0974095344405461,0.31271685613338823,0.27528497330147206,0.41199817056513954,0.31406622372646176,0.2753062748380259,0.4106275014355123,0.31220307680554393,0.27782691354807587,0.4099700096463803,0.31594,0.27582,0.40824,0.31573967826124144,0.27318652331997656,0.4110737984187819,0.27139552814186585,0.2968388589051658,0.4317656129529684
197,Real Sociedad,Valladolid,0,1,7.5,4.33,1.44,1.9187631879399571,0.8013447267000022,0.029115145538542057,1.9478783334784993,0.8304598722385443,1.9538454640929759,0.8506501755629945,1.9490822419745109,0.8130585417523747,1.9457395953765244,0.8155575004916468,0.14878674785430004,0.2106124024517023,0.6406008496939977,0.1496631715866785,0.21106568305057335,0.6392711453627482,0.1494796232143635,0.21340724561518096,0.6371131311704558,0.14952,0.21176,0.63872,0.15621618328328152,0.21153762421540906,0.6322461925013096,0.1259376855678224,0.21813686876643598,0.6559254456657416
198,Barcelona,Sevilla,3,0,8.5,5.25,1.33,2.3951431770558727,0.853325656359569,0.018881517154902206,2.414024694210775,0.8722071735144712,2.408341277377356,0.8110198486283428,2.432989679355938,0.8657993129333177,2.428817138813782,0.8684603719449447,0.11443032255181945,0.16664340235368597,0.7189262750944947,0.11520828343737216,0.16715868427373504,0.7176330322888929,0.11537257615603316,0.16924584754096977,0.7153815763029971,0.11566,0.16606,0.71828,0.10725377324918021,0.16557221992111143,0.7271740068297083,0.1109874826147427,0.17969401947148816,0.7093184979137691
199,Rayo Vallecano,Almería,2,0,5.0,3.6,1.73,1.6691124470959051,0.9569573434499518,0.024767295399610166,1.6938797424955152,0.981724638849562,1.7016823278946671,0.9410706963975364,1.6954866817025107,0.9709458567085895,1.6925789476590345,0.9739300866371657,0.21548086146674642,0.24055921743381134,0.5439599210994424,0.21660863941724648,0.24086339151160177,0.5425279690711517,0.2158155746581924,0.24316182946003814,0.5410225958817696,0.21762,0.2463,0.53608,0.20744634577935472,0.2397399793748904,0.5528136748457547,0.1894275807530872,0.26309386215706554,0.5474785570898474
200,Cádiz,Girona,2,0,2.45,3.2,3.0,1.2111261384743663,1.3171375913456747,0.020392659842977643,1.231518798317344,1.3375302511886522,1.1902146984723458,1.303186666895332,1.2302635698498812,1.3363911106233106,1.2281536864145781,1.3404985470174722,0.392261067364712,0.26546229697488477,0.34227663566040334,0.3938020809804154,0.2652875303433943,0.34091038867619083,0.3912227108815812,0.26781260731011863,0.34096468180830053,0.39076,0.26594,0.3433,0.39197008821918505,0.2699374787286965,0.33809243305211856,0.3872529245663574,0.2964905203711174,0.3162565550625252
201,Almería,Betis,2,3,2.5,3.4,2.8,1.209478577547965,1.3609086401394974,0.019138048636542282,1.2286166261845073,1.3800466887760396,1.2523787336400907,1.3734147557099334,1.2285899752320546,1.3808019913810008,1.2264829619862363,1.3850459258904753,0.4043433142245193,0.26245248115659275,0.333204204618888,0.4059120354977563,0.2622505904622455,0.331837374039998,0.40323416325627814,0.26477215156871475,0.33199368517500705,0.40164,0.26706,0.3313,0.39730234961996347,0.26182947671026013,0.3408681736697763,0.38049560351718625,0.2797761790567546,0.33972821742605913
202,Sevilla,Mallorca,2,0,4.5,3.2,1.91,1.6340421080318748,0.9741230563609021,0.024616074520063872,1.6586581825519386,0.998739130880966,1.692083497122532,0.994951303159833,1.659862183838804,0.9883624928234761,1.6570155452709443,0.9914002532825037,0.2247942089502137,0.24414308365563764,0.5310627073941486,0.22595083439502262,0.244423010918672,0.5296261546863055,0.22506351291251983,0.24672662804222648,0.5282098590452537,0.22418,0.24622,0.5296,0.22174364870332564,0.2409846033124924,0.5372717479841818,0.20998385268148553,0.29528979283333906,0.4947263544851754
203,Valencia,Athletic Club,1,2,2.45,3.2,3.0,1.1846082559913245,1.4046955242519263,0.0184883509433811,1.2030966069347055,1.4231838751953074,1.1797530478332647,1.3498953383111185,1.2033266689507374,1.4252289389331991,1.20126298189351,1.42960942093974,0.4214672494018921,0.26033083576321836,0.3182019148348899,0.42306198132609374,0.2600863842400462,0.3168516344338598,0.42022968121308474,0.26263863199056214,0.3171316867963533,0.4205,0.2646,0.3149,0.4067866182036961,0.26700710479731504,0.32620627699898896,0.3872529245663574,0.2964905203711174,0.3162565550625252
204,Getafe,Rayo Vallecano,1,1,2.88,2.9,2.8,1.2505606508320277,1.1486057219980186,0.025651142213608626,1.2762117930456363,1.1742568642116271,1.2633656137715688,1.203602491912221,1.2703212008490263,1.1653956933390521,1.268142619181756,1.168977570415582,0.3378486269138959,0.27375025750369,0.38840111558241386,0.33926236814598826,0.2737075037839452,0.3870301280700664,0.33716456847757226,0.2762277117675845,0.3866077197548433,0.3375,0.2763,0.3862,0.3496689394461915,0.2720171835489736,0.378313877004835,0.3309422888816433,0.32865992826866647,0.34039778284969024
205,Celta Vigo,Atlético Madrid,0,1,2.2,3.1,3.6,1.0778547598462984,1.5647868414299793,0.016982461171855874,1.0948372210181543,1.5817693026018351,1.1115174854244398,1.5238129760294137,1.0948863231525898,1.5876604226069335,1.0930086096500748,1.5925401424356176,0.4876940201453226,0.2500739711318218,0.26223200872285546,0.48935409216842507,0.24967111915196663,0.2609747886796081,0.4859529870252184,0.2523862429113271,0.26166077006345456,0.48542,0.2525,0.26208,0.4676782725043497,0.25532206559957876,0.2769996618960716,0.43088803088803085,0.30579150579150577,0.2633204633204633
206,Valladolid,Osasuna,0,0,2.7,3.1,2.75,1.2488786718593394,1.241245292936584,0.022006125979569333,1.2708847978389088,1.2632514189161534,1.253109917674818,1.2161358763337402,1.2686126443332213,1.2593894415303641,1.2664369928145625,1.2632602110868543,0.36367102171655835,0.2682831030029813,0.3680458752804604,0.365156435375264,0.26818071615431216,0.36666284847042396,0.3628412589385928,0.27067294090787636,0.3664858001535307,0.3672,0.2707,0.3621,0.35516070552236934,0.2719619923871213,0.3728773020905093,0.3505345394736841,0.30530427631578944,0.34416118421052627
207,Villarreal,Barcelona,0,1,1.85,4.0,3.75,1.1569001733708009,1.6492208755784203,0.013859642219085751,1.1707598155898866,1.663080517797506,1.1557857756832932,1.6689104694835544,1.17518076114186,1.673328687950997,1.1731653438912928,1.6784717116494103,0.4901364249154651,0.24171878575377842,0.2681447893307567,0.49184063020716984,0.24132743114036762,0.2668319386524628,0.4884821142252758,0.2439247590544101,0.267593126720314,0.49076,0.24184,0.2674,0.49352589845477507,0.24231486145800157,0.264159240087223,0.5112910097997443,0.23647209203238176,0.25223689816787387
208,Espanyol,Real Sociedad,2,3,2.3,3.0,3.5,1.1165315598380319,1.4268367232249923,0.019450952236357174,1.135982512074389,1.4462876754613494,1.1376099963799948,1.3870670268055905,1.134174268905407,1.4476937912618895,1.1322291771694937,1.4521433196361522,0.44281236768062454,0.26111193293779233,0.29607569938158296,0.4444166202907704,0.2608074871128991,0.2947758925963304,0.44136678663718903,0.26345934369510216,0.29517386966770875,0.43624,0.26532,0.29844,0.42605663233651137,0.26596160891966597,0.3079817587438227,0.41257367387033395,0.3163064833005893,0.2711198428290766
209,Real Madrid,Elche,4,0,15.0,7.5,1.18,2.5893543647473485,0.6510483072656338,0.02911442259030357,2.618468787337652,0.6801627298559374,2.5724056103591546,0.7029753810029786,2.630269666538014,0.6605651346775708,2.6257587937983735,0.6625954005580611,0.07027082848935519,0.13604291246588124,0.7936862590447636,0.07078792801203836,0.1365704096716663,0.7926416623162953,0.07115307756099336,0.13875518914357338,0.7900917332954334,0.07118,0.13818,0.79064,0.0794533050489584,0.14403112320891734,0.7765155717421243,0.06364617044228693,0.12729234088457386,0.8090614886731391
210,Girona,Almería,6,2,4.33,3.75,1.8,1.723475249868561,0.9845930622469624,0.022379843731447593,1.7458550936000086,1.00697290597841,1.7779624587400693,0.9565209899140165,1.750708490299905,0.9989855460915933,1.747706051688983,1.0020559568094138,0.21444405767059196,0.23530475295313064,0.5502511893762773,0.21558404805343817,0.23561731422437898,0.5487986377221828,0.2148263177229555,0.23785970034272438,0.5473139819343198,0.2145,0.23594,0.54956,0.20082656976687338,0.232174893676563,0.5669985365565635,0.21928755908581452,0.25320403489108717,0.5275084060230983
211,Real Sociedad,Celta Vigo,1,1,5.25,3.3,1.8,1.6956785032637116,0.9616557862127842,0.023994902103866025,1.7196734053675777,0.9856506883166503,1.6977377164115948,0.9662074648254411,1.7224725174958069,0.9757129798878822,1.719518503151651,0.9787118617062281,0.21285341593589932,0.2378995860355006,0.5492469980286001,0.21397789444081206,0.2382123881089923,0.5478097174501955,0.21321949236379242,0.24049122362205197,0.5462892840141556,0.21312,0.23806,0.54882,0.21402598647902016,0.240309176282948,0.5456648372380319,0.1815680880330124,0.28885832187070154,0.5295735900962861
212,Betis,Valladolid,2,1,6.5,3.75,1.6,1.8632680264993364,0.8504832799213594,0.026921106840229803,1.8901891333395662,0.8774043867615893,1.9022819714049777,0.9035715672010252,1.8927101819103656,0.8629153874952868,1.8894642125437124,0.8655675826793952,0.16562441418827117,0.21831849174960738,0.6160570940621214,0.16657373336418688,0.21873955557253694,0.6146867110632761,0.16625238338406176,0.22104908990606523,0.6126985267098731,0.16638,0.21648,0.61714,0.17340047663667518,0.21853126337182527,0.6080682599914995,0.14714898835070508,0.2550582464745555,0.5977927651747393
213,Mallorca,Villarreal,4,2,2.45,3.0,3.2,1.0992639386159857,1.413689433253782,0.02024713821212376,1.1195110768281094,1.4339365714659058,1.1370983510585977,1.3908385470381066,1.1166337959087542,1.4343543181789278,1.1147187858190262,1.438762847300214,0.4433215778534693,0.262819807476098,0.2938586146704327,0.4449181484185948,0.2625104118997918,0.2925714396816135,0.44184988208625664,0.2651895768133473,0.29296054110039615,0.43994,0.26596,0.2941,0.4271743722648261,0.26567523249051983,0.30715039524465415,0.3872529245663574,0.3162565550625252,0.2964905203711174
214,Osasuna,Real Madrid,0,2,1.8,3.6,4.33,0.9734692527357653,1.7835398696109965,0.015054340305812668,0.988523593041578,1.7985942099168093,1.0199923218077274,1.7633724476521935,0.9888513838190494,1.8096111164477864,0.987155518635501,1.8151730080975372,0.5664033869918182,0.2295008649550489,0.2040957480531329,0.568090468220091,0.228939443466758,0.20297008831315055,0.5641388241709184,0.2318431804556724,0.20401799537340903,0.56572,0.23184,0.20244,0.5481383055128976,0.23424736196478615,0.21761433252231632,0.5220012055455093,0.26100060277275466,0.21699819168173598
215,Elche,Espanyol,0,1,2.63,3.1,2.9,1.2289626911568499,1.3616273771787888,0.01869903079307819,1.247661721949928,1.380326407971867,1.2090340802798214,1.2893036706313805,1.2483819641936855,1.3815312347011337,1.2462410079858182,1.3857774105608607,0.40027989368828537,0.2614716862888683,0.33824842002284616,0.4018483967677405,0.2612827879315895,0.33686881530067003,0.3992178676177087,0.2637782230510497,0.33700390933124147,0.39862,0.26514,0.33624,0.3841868120951884,0.26988564746842075,0.34592754043639107,0.36293903916027453,0.3079127977392006,0.3291481631005248
216,Rayo Vallecano,Sevilla,1,1,3.0,3.1,2.5,1.2184458448657292,1.2322144109978377,0.023106623598605772,1.2415524684643349,1.2553210345964434,1.2551164689808194,1.2445891802079445,1.2376989375041823,1.2502265488885262,1.2355763025256867,1.2540691560317725,0.3675870567183544,0.2708094315348522,0.3616035117467934,0.36906913006514924,0.27069174061231216,0.36023912932253865,0.36669740568854237,0.27322448749245204,0.36007810681900554,0.36642,0.2734,0.36018,0.3624607954925443,0.2700605440229909,0.3674786604844651,0.3156822810590631,0.3054989816700611,0.3788187372708758
217,Atlético Madrid,Athletic Club,1,0,4.0,3.3,2.0,1.64897149446062,1.0176705480031196,0.022271898623207557,1.6712433930838275,1.0399424466263272,1.6547700086896917,1.056221700455778,1.6750274747693035,1.0325465485386767,1.6721548279566172,1.0357201099597457,0.2333212711109437,0.2426321085412998,0.5240466203477567,0.23451848358587138,0.24289531200408246,0.5225862044100462,0.233568507721258,0.2451524805065539,0.5212790117721883,0.23474,0.24356,0.5217,0.24213162629093699,0.24442738309294323,0.5134409906161204,0.23741007194244607,0.2877697841726619,0.47482014388489213
218,Barcelona,Cádiz,2,0,13.0,7.0,1.18,2.376107899784945,0.6810902877877221,0.029968171889864174,2.4060760716748093,0.7110584596775863,2.4598673938814493,0.7138571185227599,2.413653618953581,0.6910462597923888,2.409514239462883,0.6931702102848435,0.08750276853362114,0.15723472817021988,0.755262503296159,0.0881075562648604,0.15776509349563914,0.7541273502395005,0.0883835551394168,0.16003259755302846,0.7515838473075547,0.08792,0.16214,0.74994,0.08805311359497452,0.15462648203057955,0.7573204043744459,0.07207678883071553,0.1338568935427574,0.794066317626527
219,Getafe,Valencia,1,0,2.8,3.0,2.75,1.257075616248465,1.198041171010397,0.0234087023222073,1.2804843185706725,1.2214498733326045,1.2711256044205106,1.2036158897371252,1.2769391115323603,1.2155537748059384,1.2747491802482522,1.2192898141839388,0.3501703168288036,0.2703678713675464,0.3794618118036499,0.35162222031429324,0.2702980918326249,0.3780796878530819,0.3494261742537029,0.2727929474241769,0.37778087832212004,0.35012,0.27478,0.3751,0.34810720526942485,0.2714730225558097,0.3804197721747653,0.33880903490759756,0.3162217659137577,0.3449691991786448
220,Elche,Betis,2,3,2.1,3.3,3.5,1.1076768966789747,1.5286608363891847,0.017134048756526677,1.1248109454355013,1.5457948851457113,1.1100872892600522,1.5202691748919055,1.1251796900900226,1.551006338541558,1.1232500239208862,1.5557734009919582,0.4714212299062886,0.25269026560230906,0.27588850449140223,0.47307153047476946,0.25232564914056027,0.2746028203846702,0.4698067772165592,0.2549916703875291,0.2752015523959116,0.47082,0.25654,0.27264,0.46710456502873227,0.255661336764021,0.27723409820724687,0.4471544715447154,0.2845528455284553,0.26829268292682923
221,Espanyol,Mallorca,2,1,3.2,2.9,2.5,1.2584347849690214,1.1019031894807072,0.027630163302897855,1.2860649482719193,1.1295333527836051,1.2927972582100102,1.1351859502776545,1.278319756957358,1.1180104773146837,1.2761274578872053,1.1214467145711815,0.32325775332005413,0.2757559162502442,0.40098633042970133,0.3246313537839563,0.2757485717647956,0.39962007445124825,0.32266281502664,0.27827983234249193,0.39905735263086817,0.32068,0.28224,0.39708,0.3251670420138621,0.27367219368428036,0.40116076430185776,0.29555646147574394,0.32613126783530366,0.3783122706889523
222,Cádiz,Rayo Vallecano,1,0,2.7,3.0,2.9,1.245497015917895,1.3150149785034744,0.019680203547688634,1.2651772194655837,1.334695182051163,1.2191234348745734,1.2783691870845868,1.2651775536532646,1.3342374700680266,1.263007793263224,1.3383382871861946,0.38429739772233185,0.2637609610859325,0.3519416411917359,0.385834846816631,0.26361113434012806,0.3505540188432409,0.383346658714656,0.2660917900914677,0.35056155119387633,0.3816,0.27128,0.34712,0.3790929022982887,0.27006052528270674,0.35084657241900485,0.3532277710109622,0.317904993909866,0.32886723507917176
223,Real Madrid,Atlético Madrid,1,1,5.0,3.5,1.8,1.7689781534638458,0.9739512660605963,0.022060205743087764,1.7910383592069337,0.9960114718036841,1.8020368679644057,0.9672630237519149,1.7969304013274283,0.9881881913444746,1.7938486928374209,0.991225416082909,0.20563328343139117,0.23072004306769758,0.5636466735009111,0.20674761280622114,0.23105576196956848,0.5621966252242105,0.20608195445856345,0.23328360141625465,0.5606344441251819,0.20706,0.23504,0.5579,0.20013672884405329,0.22993597933042229,0.5699272918255245,0.19207317073170732,0.274390243902439,0.5335365853658537
224,Valencia,Real Sociedad,1,0,2.5,3.1,3.1,1.1818175946414997,1.4108122793037259,0.018388396274662974,1.2002059909161626,1.4292006755783888,1.1624868957211474,1.3709939676118645,1.2004919113764334,1.4314351068618918,1.198433085885618,1.4358346637034984,0.42370688339163515,0.2599802074589568,0.3163129091494078,0.42530500834115237,0.2597303420232124,0.3149646496356353,0.4224531118448029,0.26228618000430465,0.3152607081508926,0.42342,0.26322,0.31336,0.41622014581521233,0.26618308850204137,0.3175967656827461,0.3827160493827161,0.30864197530864196,0.30864197530864196
225,Athletic Club,Girona,2,3,5.25,3.8,1.67,1.8300761470977926,0.9392792355224051,0.02262845080432896,1.8527045979021217,0.9619076863267341,1.8377735600462244,0.9448745115808209,1.8589938259129557,0.9530093355415972,1.855805679587447,0.9559384370581088,0.18959173240190846,0.22406438396274853,0.5863438836353427,0.19064917542531953,0.22443808856469474,0.584912736009986,0.19013624075465252,0.22666865879956855,0.5831951004457789,0.19096,0.22602,0.58302,0.19043079232276836,0.22600713926788996,0.5835620684093417,0.1809859255351006,0.2500463444892837,0.5689677299756157
226,Celta Vigo,Valladolid,3,0,5.25,3.75,1.7,1.7660424570842572,0.9476414279055007,0.02335585324676046,1.7893983103310176,0.9709972811522611,1.7958462695938944,0.937059808969951,1.79394831697369,0.9614937639259344,1.7908717227132955,0.9644489425763423,0.19987052466957758,0.23065210718786344,0.5694773681425589,0.2009577248483706,0.23099927669222317,0.5680429984594062,0.20033644117997698,0.23325354316824762,0.5664100156517753,0.20156,0.23362,0.56482,0.19399473829233826,0.2300803356883827,0.5759249260192794,0.18220793140407288,0.255091103965702,0.5627009646302251
227,Almería,Barcelona,1,0,1.44,4.75,7.0,0.780725504281753,2.108566239704877,0.014624134447274324,0.7953496387290273,2.123190374152151,0.8712205377083521,2.1097696979928147,0.7930620233995116,2.139388623798291,0.7917019340110705,2.1459640960719324,0.6836347815995872,0.190023437274039,0.12634178112637373,0.6852110617974662,0.18929365458920225,0.12549528361333162,0.6807400652574882,0.19250044377117356,0.12675949097133832,0.67862,0.19316,0.12822,0.6590325575093081,0.19670630009184895,0.14426114239884302,0.6627466613514053,0.20091688259916285,0.13633645604943193
228,Sevilla,Osasuna,2,3,4.5,3.25,1.85,1.7337294140710375,0.9679021249247536,0.022968723256318258,1.7566981373273558,0.9908708481810719,1.7557554981878416,0.9755740373937264,1.7611246841684123,0.9820506256915295,1.758104381942375,0.9850689864459595,0.2090381291443973,0.23414185585537517,0.5568200150002277,0.2101572544166021,0.2344668444061947,0.555375901177203,0.20944801467595112,0.23671889667512208,0.5538330886489269,0.2127,0.2367,0.5506,0.20825046081998796,0.234605391867159,0.5571441473128529,0.2075960293482952,0.2874406560207165,0.5049633146309883
229,Villarreal,Getafe,2,1,5.75,3.6,1.67,1.8103600802397704,0.9616377739435935,0.02191500215044723,1.8322750823902176,0.9835527760940408,1.828567508901133,0.9488483414081793,1.8389662185270692,0.9756947043207836,1.8358124192456473,0.9786935299686501,0.19725111166638382,0.22645253610228772,0.5762963522313285,0.19833899406851369,0.22680931233109974,0.5748516936003867,0.19775804122236998,0.22902780421630287,0.573214154561327,0.20068,0.22896,0.57036,0.19249818009934605,0.22700047341098847,0.5805013464896653,0.16555370444312875,0.2644260557077751,0.5700202398490961
230,Real Sociedad,Cádiz,0,0,7.5,3.9,1.5,1.8667546518833484,0.8197255683679707,0.028904279925591282,1.8956589318089396,0.848629848293562,1.921602533707377,0.871009988356133,1.896251900692083,0.8317080690092434,1.892999857331228,0.83426434760524,0.15843645993224395,0.21692958723442193,0.624633952833334,0.1593503826345253,0.21736338782286954,0.6232862295426052,0.159080664809361,0.2197073158905424,0.6212120193000967,0.15802,0.22246,0.61952,0.16411554822586852,0.21557160830140973,0.6203128434727216,0.1262135922330097,0.24271844660194178,0.6310679611650485
231,Getafe,Girona,3,2,2.8,3.0,2.75,1.3035168184504544,1.2263887097010453,0.02124354007104968,1.3247603585215042,1.247632249772095,1.3015636337396208,1.1984825345157477,1.324114147553886,1.2443156892506764,1.321843311795728,1.2481401291973555,0.34843449889972394,0.2655505889033226,0.3860149121969534,0.349901872068292,0.26549411186939087,0.3846040160623174,0.34775545621694703,0.26792604717234875,0.38431849661070416,0.34588,0.26944,0.38468,0.3406433644437145,0.2696047364209904,0.38975189913529507,0.33880903490759756,0.3162217659137577,0.3449691991786448
232,Almería,Villarreal,0,2,2.05,3.6,3.5,1.0816501171628017,1.6179377104347563,0.01580780284815407,1.0974579200109558,1.6337455132829104,1.0942945298299949,1.60213637281688,1.0987416522489786,1.641588234952885,1.0968573269153101,1.6466337034589784,0.5001449846117694,0.24527109995362706,0.25458391543460357,0.5018243987592399,0.24484544887443166,0.2533301523663285,0.4983434728095772,0.24755734253351033,0.25409918465691206,0.49688,0.24814,0.25498,0.49144381270974996,0.2488040341431378,0.2597521531471122,0.46400294605045106,0.2642238998342846,0.27177315411526415
233,Mallorca,Elche,0,1,5.75,3.4,1.7,1.674971066008458,0.9031748298359561,0.027670111569905752,1.7026411775783639,0.9308449414058618,1.7111402820497976,0.9506714146153399,1.7014378747193064,0.9163771665634017,1.698519934469718,0.9191936780582781,0.20156181919193522,0.23954311215440188,0.558895068653663,0.20263002576194003,0.23987710797251402,0.5574928662655458,0.20195089689940393,0.24222551886405072,0.5558235842365453,0.20496,0.24222,0.55282,0.20844734116204078,0.238849849208215,0.5527028096297443,0.16464891041162225,0.27845036319612587,0.5569007263922517
234,Atlético Madrid,Sevilla,6,1,5.25,3.6,1.67,1.8232866373697865,0.9313281294567054,0.02313535738493958,1.846421994754726,0.954463486841645,1.8586937785030104,0.9505099536714581,1.8520970327465318,0.9449420026102152,1.8489207143171056,0.9478463089476638,0.18864587170856317,0.2245816284191642,0.5867724998722726,0.18969694174618337,0.2249565565893845,0.5853465016644321,0.18918837128585478,0.2271983232404682,0.583613305473677,0.19232,0.22478,0.5829,0.18906932369511964,0.22404252761542598,0.5868881486894544,0.17850621297822117,0.26032156059323924,0.5611722264285397
235,Valladolid,Espanyol,2,1,2.88,3.2,2.5,1.251688296470411,1.1820710196166981,0.02418905891737413,1.2758773553877851,1.2062600785340722,1.2760604171815695,1.1671649059578568,1.2714666648139528,1.1993501765652694,1.2692861186932882,1.203036413719504,0.3468800885601505,0.27169956916983423,0.3814203422700154,0.3483203177825884,0.27163623816928517,0.3800434440481263,0.3461476049869702,0.274142833218242,0.3797095617947882,0.34468,0.27544,0.37988,0.33719380835754453,0.27321868158590307,0.38958751005655257,0.327653997378768,0.2948885976408912,0.3774574049803408
236,Barcelona,Valencia,1,0,5.75,4.5,1.53,2.122453372622647,0.772752996976634,0.027223490310159942,2.149676862932807,0.7999764872867939,2.0974450819435484,0.8540931654836887,2.155991007123263,0.7840488667641936,2.1522935151190525,0.7864586634356533,0.12316411564443434,0.18788374035025,0.6889521440053157,0.12394321168090906,0.18838263563600402,0.687674152683087,0.12398789802641806,0.19066611035513276,0.6853459916184492,0.12588,0.19118,0.68294,0.14210765277364365,0.1971545180996335,0.6607378291267229,0.16567406605305904,0.21169463995668653,0.6226312939902545
237,Rayo Vallecano,Athletic Club,0,0,2.6,3.1,2.9,1.2426338569860567,1.3320299153338098,0.01924191997346269,1.2618757769595192,1.3512718353072724,1.215609474269489,1.2983551811447518,1.262269152937078,1.3515011261031156,1.2601043804103251,1.3556550035630734,0.38945504188048474,0.26279051680024845,0.3477544413192666,0.39100395096441976,0.26262852753863297,0.3463675214969474,0.38847142593663897,0.2651101048471098,0.3464184692162514,0.39026,0.26036,0.34938,0.38522433399518047,0.26888365936273045,0.34589200664208897,0.36559577063847093,0.3066287108580724,0.3277755185034567
238,Betis,Real Madrid,0,0,1.73,3.75,4.75,1.070481335785582,1.7248483304980617,0.014110461237450236,1.0845917970230323,1.738958791735512,1.0629383862919164,1.7462454582953877,1.087396389017091,1.7500616421524,1.0855315206384595,1.7554405067855614,0.5289098122723074,0.23572701963235856,0.2353631680953342,0.5306174192552954,0.23524693644347702,0.23413564430122769,0.5269472950964463,0.2379847598088943,0.23506794509465934,0.5314,0.23544,0.23316,0.5338134867101867,0.23603564341062572,0.23015086987918743,0.5477819635580841,0.25271007918812943,0.1995079572537864
239,Osasuna,Celta Vigo,0,0,2.8,3.0,2.8,1.2369253927841994,1.2870978433985798,0.02074077122623516,1.2576661640104345,1.3078386146248149,1.2482514294021916,1.2525855830533437,1.2564704872785333,1.3059122507185927,1.2543156593757778,1.309926009462978,0.378619086527379,0.26607384961889957,0.3553070638537217,0.3801382325207146,0.26593506607716394,0.35392670140212135,0.37769017956376927,0.26843178154205305,0.3538780388941777,0.37844,0.26986,0.3517,0.36603646399182305,0.269992562998454,0.3639709730097229,0.3409090909090909,0.3181818181818181,0.3409090909090909
240,Cádiz,Getafe,2,2,3.3,2.88,2.5,1.2783321329185915,1.084654590138815,0.027902571159142766,1.3062347040777342,1.1125571612979577,1.2932310355161323,1.132826866696121,1.2985315099212724,1.1005097431600557,1.2963045480001483,1.103892191408366,0.3145515572888191,0.2749871369333286,0.41046130577785234,0.31590657080931656,0.27500411577764466,0.40908931341303867,0.3140276713929127,0.2775217599305841,0.4084505686765032,0.3121,0.27554,0.41236,0.32443723511154743,0.2737618512679779,0.40180091362047476,0.28853089685020433,0.33060831930752577,0.38086078384226973
241,Real Madrid,Espanyol,3,1,9.5,6.5,1.25,2.395019672391154,0.6459887541014836,0.0329494082902535,2.4279690806814074,0.6789381623917371,2.401404006722836,0.742377202668652,2.4328642231504416,0.6554316224942397,2.4286918977637826,0.6574461103778515,0.0807690771380634,0.15291223149566469,0.766318691366272,0.08133266870734703,0.15344368552375043,0.7652236457689026,0.08163360610892605,0.1557387606711308,0.7626276332199432,0.083,0.15738,0.75962,0.09652310135987398,0.16185022732013848,0.7416266713199876,0.09938837920489296,0.1452599388379205,0.7553516819571866
242,Elche,Valladolid,1,1,2.7,3.3,2.7,1.2689602102423423,1.3119713090848324,0.019266724536488655,1.2882269347788309,1.331238033621321,1.2687380319649157,1.244040145815662,1.2890114981885858,1.3311493092096052,1.2868008629437537,1.3352406347768342,0.37850913361915367,0.2626580614383384,0.3588328049425077,0.38004269441354055,0.2625260079845581,0.35743129760190173,0.37761948041244164,0.2649778426586225,0.3574026769289359,0.3819,0.26476,0.35334,0.35952022838947995,0.2692140708088289,0.37126570080169097,0.3548387096774194,0.2903225806451613,0.3548387096774194
243,Celta Vigo,Rayo Vallecano,3,0,4.0,3.2,2.1,1.426427983851334,1.0752754386511492,0.02438949938943096,1.450817483240765,1.09966493804058,1.4455152238283258,1.083086451845487,1.4489674756399067,1.0909934900702778,1.4464825183103822,1.094346689841876,0.2845479353566828,0.26238688274209804,0.45306518190121914,0.28586233876665096,0.26250125150712755,0.45163640972622143,0.2843473065741892,0.26487969689152707,0.4507729965342836,0.28424,0.26556,0.4502,0.2830729863479755,0.2629331563806546,0.45399385727136976,0.24068767908309455,0.30085959885386815,0.45845272206303717
244,Valencia,Osasuna,1,0,3.8,3.2,2.1,1.372899469177135,1.070475505519501,0.025948532984326724,1.3988480021614618,1.0964240385038277,1.3743956801289536,1.0887701729558352,1.3945931380215335,1.0861233929666279,1.3922014318595295,1.0894616243551476,0.29288185444453985,0.26732856569040736,0.43978957986505296,0.2942042832191163,0.267414184481934,0.4383815322989497,0.29258114668765683,0.2698439419717536,0.4375749113405898,0.29384,0.26874,0.43742,0.2972392981718736,0.268995924683651,0.43376477714447514,0.2501861504095309,0.29709605361131797,0.4527177959791511
245,Mallorca,Real Sociedad,1,1,2.38,2.9,3.5,1.0799893727410412,1.4169820123399668,0.02065339134661293,1.1006427640876542,1.4376354036865797,1.1231436264691352,1.401260194206496,1.097054665818732,1.4376950271911928,1.095173233641304,1.4421138240774098,0.44870077915561707,0.2631818792484435,0.2881173415959396,0.45029766892916673,0.26285696104819334,0.28684537002263977,0.44717298979736686,0.2655667192659408,0.2872602909366926,0.4484,0.2639,0.2877,0.4330974464849658,0.2653653903181656,0.3015371631968685,0.39988968560397137,0.3281853281853282,0.2719249862107005
246,Sevilla,Almería,2,1,5.25,3.6,1.73,1.793167229607183,0.90491938290322,0.02507776452775243,1.8182449941349355,0.9299971474309725,1.8099925548534732,0.9486417362221856,1.8215016975963367,0.9181472209802074,1.8183778497044547,0.9209691727880831,0.1864180850111565,0.227116200481879,0.5864657145069645,0.1874502744506282,0.22749268273358003,0.5850570428157917,0.18694545298541276,0.22977637359076494,0.5832781734238224,0.1874,0.2319,0.5807,0.19483029569616261,0.22885131427427194,0.5763183900295654,0.1820493708072083,0.2654886657605121,0.5524619634322796
247,Villarreal,Betis,1,1,3.8,3.6,1.95,1.6084880642421389,1.0989154604195224,0.019769969031274256,1.6282580332734131,1.1186854294507966,1.6254814253072707,1.1110010954287226,1.6339043515881824,1.11497907453296,1.631102230310458,1.118405994686095,0.2597870931994527,0.24575841805444928,0.49445448874609776,0.261076991497944,0.24595727233513745,0.49296573616691886,0.25988196108120065,0.24818053729463221,0.4919375016241674,0.26056,0.2507,0.48874,0.26015207691795394,0.24653718788504017,0.49331073519700597,0.2497331910352187,0.263607257203842,0.4866595517609391
248,Athletic Club,Barcelona,0,1,2.15,3.3,3.5,1.0671772267453163,1.5730448455577437,0.01703812022476201,1.0842153469700784,1.5900829657825057,1.102737360586454,1.5861557021173818,1.0840400705842554,1.5960391397435085,1.0821809582410284,1.600944611799538,0.4923373296730342,0.24948829402024605,0.2581743763067197,0.4939985225861471,0.24907425910707962,0.25692721830677345,0.4905575877749771,0.25180722212670753,0.25763519009831515,0.49008,0.25246,0.25746,0.48547849604653004,0.25008203754802577,0.2644394664054439,0.44134505158578524,0.28754298815437523,0.2711119602598395
249,Girona,Atlético Madrid,0,1,2.05,3.4,3.75,1.0138365440410655,1.7072387274856984,0.015530338640436816,1.0293668826815023,1.7227690661261352,1.070308415797808,1.6910749907055478,1.029856532935051,1.7321946272847393,1.0280903445402803,1.7375185771354398,0.5384105961127813,0.23724268172335744,0.22434672216386098,0.5400975936430493,0.23673460196875726,0.2231678043881934,0.5363280817715768,0.23956497118440917,0.22410694704401402,0.53464,0.24188,0.22348,0.518899205674549,0.24104403404653188,0.2400567602789193,0.4652011310772599,0.2804889172671714,0.25430995165556874
250,Valladolid,Athletic Club,1,3,1.83,3.6,4.2,1.0869436506556698,1.5600195579970662,0.016888701643717603,1.1038323522993874,1.5769082596407837,1.1187078480769097,1.5649418029546802,1.104118830732022,1.5828234524654483,1.1022252836184943,1.5876883057277218,0.4843216866008307,0.25035056994881333,0.2653277434503559,0.48598147613516546,0.24995618243883377,0.2640623414260006,0.4826105972691184,0.2526563910381249,0.26473301169275687,0.48138,0.25334,0.26528,0.4764349225185399,0.2516339660160778,0.2719311114653824,0.5143906919779547,0.2614819350887937,0.2241273729332517
251,Almería,Cádiz,1,1,3.6,3.5,2.0,1.4176516327501287,1.0746471342459856,0.024627802024652187,1.442279434774781,1.0992749362706378,1.4365886027798973,1.1266181558682051,1.4400524463188273,1.09035600130119,1.437582778129899,1.093707241732779,0.2859400116370569,0.2631898697652136,0.4508701185977294,0.2872559217142727,0.263299512666891,0.44944456561883617,0.28572310808188395,0.2656860295666455,0.4485908623514705,0.28476,0.262,0.45324,0.2960812816047672,0.2622912043905481,0.4416275140046846,0.2611940298507463,0.26865671641791045,0.4701492537313433
252,Rayo Vallecano,Girona,2,2,3.8,3.4,2.0,1.4835007345689446,1.0782970941141847,0.022969416123614608,1.5064701506925593,1.1012665102377994,1.466445593358102,1.0957398697194987,1.5069420530257502,1.0940593151797422,1.5043576701718968,1.0974219378527146,0.2753803344960316,0.25720570697735784,0.4674139585266104,0.27668352221407,0.2573506178992786,0.4659658598866514,0.2752835986681266,0.25967948603219676,0.4650369152996765,0.27428,0.262,0.46372,0.2827500248244541,0.2607137948874953,0.45653618028805065,0.24890190336749632,0.2781844802342606,0.47291361639824303
253,Espanyol,Celta Vigo,1,3,2.55,3.25,2.75,1.2602862722926762,1.3124787665309312,0.019435726309796182,1.2797219986024724,1.3319144928407274,1.2545120666982992,1.2740826177403317,1.2802005002853825,1.3316641845152999,1.2780049757688365,1.335757092566543,0.3804767404773109,0.26311003346259015,0.35641322606009895,0.38201135789892726,0.26297180238373613,0.3550168397173369,0.3795655559523107,0.2654342855756799,0.3550001584720095,0.37632,0.264,0.35968,0.3705238848046101,0.2682340900967291,0.361242025098661,0.36874677668901495,0.2893243940175348,0.3419288292934502
254,Atlético Madrid,Valencia,3,0,5.75,4.2,1.55,2.0520738225568875,0.7661702278088519,0.029018415878233145,2.0810922384351205,0.7951886436870851,2.0738547934276848,0.8590598926671306,2.0844993649583934,0.7773698726659981,2.08092448004039,0.7797591412576036,0.1282999194616312,0.19479866965846446,0.6769014108799043,0.12909418729369584,0.19528854139942078,0.6756172713068835,0.12908666780776967,0.19761159782674498,0.6733017343654852,0.12872,0.19654,0.67474,0.14544090962082754,0.19970578317305776,0.6548533072061147,0.16450818118642996,0.22521953376713624,0.6102722850464337
255,Betis,Mallorca,1,0,5.25,3.2,1.8,1.6489150033737014,0.9123402918206938,0.02771268244242989,1.6766276858161313,0.9400529742631236,1.6923251778760058,0.9617867712644538,1.6749700910467917,0.9256766065016737,1.6720975426463227,0.9285217000918246,0.20740356135325994,0.24239831190554756,0.5501981267411924,0.20848988758377882,0.24271714840202607,0.548792964014195,0.20775090420377235,0.24507111798536785,0.5471779778108599,0.20578,0.24442,0.5498,0.21371959931205692,0.24083037082910777,0.5454500298588354,0.17994376757263353,0.2952202436738519,0.5248359887535146
256,Osasuna,Villarreal,0,3,2.45,3.1,3.0,1.1093112098705844,1.433263625695743,0.019451030770731764,1.1287622406413163,1.4527146564664748,1.1476769284127835,1.3981051961719317,1.1268398276409264,1.4542146402507783,1.1249073143609718,1.4586842106413676,0.44618702000474225,0.2608101815017057,0.2930027984935518,0.44779402277026564,0.26049712338297343,0.2917088538467608,0.4447130874579305,0.2631600153300239,0.2921268972120459,0.44176,0.26472,0.29352,0.42672228331130363,0.2646609742254784,0.308616742463218,0.3835842441740565,0.303155289750464,0.3132604660754795
257,Real Sociedad,Elche,2,0,8.5,4.75,1.4,2.0529849857343687,0.7612754581777272,0.02937469485877341,2.082359680593142,0.7906501530365007,2.06996117273893,0.8211339378629463,2.0854249257466826,0.7724035527715816,2.081848453505911,0.7747775572366022,0.1272488476680707,0.19444956942940883,0.6783015829025205,0.1280374107603891,0.1949408116786029,0.677021777561008,0.1280362436419457,0.19726941676495363,0.6746943395931007,0.1282,0.19718,0.67462,0.13827577443038927,0.19840648364624397,0.6633177419233669,0.11285532456512516,0.20195163343232925,0.6851930420025457
258,Getafe,Sevilla,2,0,2.5,3.1,2.9,1.131037994869581,1.345771151268592,0.021477142493034666,1.1525151373626157,1.3672482937616266,1.165276147873165,1.37179917076435,1.1489099252344745,1.365443227272257,1.1469395620705851,1.3696399561798922,0.41776012795082546,0.26722107804906653,0.3150187940001081,0.4193208569654581,0.26697292602892114,0.31370621700562085,0.41647378470268553,0.26960759598298023,0.31391861931433407,0.4138,0.27086,0.31534,0.41581576576293505,0.2659968415471927,0.3181873926898722,0.3747394747811588,0.3022092538557732,0.32305127136306794
259,Barcelona,Real Madrid,2,1,3.25,3.5,2.15,1.4457297539928031,1.2298655614320717,0.018299375651409704,1.4640291296442127,1.2481649370834813,1.4645043992222102,1.2618740587282664,1.468574239860666,1.247843364549619,1.4660556572267245,1.2516786469074712,0.32164099197671786,0.25546347956238,0.4228955284609017,0.3230875085388702,0.25549477702694545,0.4214177144341845,0.3212648519675046,0.2577797421816807,0.4209554058508146,0.3229,0.25706,0.42004,0.3259794328558721,0.2552096411913365,0.41881092595279124,0.2906808305166586,0.269917914051183,0.43940125543215836
260,Mallorca,Osasuna,0,0,3.9,2.9,2.2,1.34191995620328,1.068484493149338,0.02688243451878458,1.3688023907220646,1.0953669276681226,1.3675610306292805,1.0967927338575079,1.3631241068342157,1.0841032765793122,1.3607863695852596,1.0874352990821967,0.29803371329896755,0.27016945528026637,0.43179683142076597,0.2993612087441868,0.2702373537156822,0.43040143754013105,0.29767160417974703,0.2726980397545869,0.42963035606566624,0.29752,0.273,0.42948,0.30064524178313906,0.2692655022506832,0.4300892559661772,0.2428625808907499,0.32660829843928435,0.43052912066996574
261,Girona,Espanyol,2,1,4.33,3.3,1.91,1.5308943746037946,0.999784498905125,0.025579026676914605,1.5564734012807093,1.0253635255820397,1.6102281837039296,0.9836603445418716,1.555084576686335,1.0143990465800456,1.5524176301317476,1.0175168311335379,0.24713725052070762,0.2542356718067098,0.4986270776725824,0.24835060799281283,0.25445220111653344,0.4971971908906535,0.24721928105968122,0.2568021208880163,0.4959785980523027,0.24744,0.25654,0.49602,0.23094632595670342,0.24908248797851143,0.5199711860647853,0.21838176444704685,0.2865433454714282,0.49507489008152505
262,Athletic Club,Getafe,0,0,6.5,3.8,1.57,1.821772964117588,0.9574112474998886,0.021917173657462187,1.84369013777505,0.9793284211573507,1.8292476177989017,0.9363369711042299,1.8505594414092812,0.9714063957907606,1.8473857599257684,0.97439204119941,0.19479273877108996,0.2252483159574334,0.5799589452714768,0.19587238872033572,0.22561105225735142,0.578516559022313,0.19531558793599782,0.22782799130194661,0.5768564207620557,0.19548,0.22662,0.5779,0.1895738166537637,0.22669465003935158,0.5837315333068847,0.14597147121430845,0.24968804286658022,0.6043404859191114
263,Cádiz,Sevilla,0,2,2.3,3.1,3.4,1.018321559560618,1.4358153909919795,0.021823035460502516,1.0401445950211206,1.457638426452482,1.090955188368448,1.4612981801272584,1.0344124177670533,1.4568037064809842,1.0326384160986264,1.4612812344408632,0.4684005644104026,0.2632688231794108,0.2683306124101865,0.4700000098301688,0.2628896714593767,0.26711031871045443,0.4666785319680702,0.2657023540988205,0.26761911393310966,0.46386,0.26922,0.26692,0.456302807761639,0.26130399702326923,0.28239319521509165,0.41349548842683403,0.3067869752844252,0.27971753628874063
264,Elche,Barcelona,0,4,1.33,5.0,9.5,0.7618434191900313,2.214019731806824,0.013722054582983565,0.7755654737730149,2.2277417863898075,0.8246659284914045,2.2503786706134146,0.7738815758200274,2.246383603180245,0.7725543806094043,2.2532879275906694,0.707938326568248,0.17841521279957598,0.11364646063217587,0.7094816618353333,0.1776696993007651,0.11284863886390151,0.7049886801731196,0.18087618583014745,0.11413513399673325,0.70728,0.18066,0.11206,0.6966677292944562,0.18089651953210878,0.12243575117343497,0.7112375533428166,0.18918918918918923,0.09957325746799432
265,Celta Vigo,Almería,2,2,6.0,4.0,1.55,1.8751529865819883,0.916572138377449,0.022975435263486693,1.898128421845475,0.9395475736409357,1.8727056913784916,0.918515159194031,1.9047829404400636,0.9299703129125518,1.901516266474929,0.9328286033324614,0.17887961809967073,0.2189926970502616,0.6021276848500677,0.17989764571196123,0.21939067543057228,0.6007116788574665,0.17948469774097098,0.22162294036286712,0.5988923618961619,0.17802,0.22256,0.59942,0.18021095184033836,0.22191833358658064,0.597870714573081,0.1569620253164557,0.23544303797468355,0.6075949367088608
266,Real Madrid,Valladolid,6,0,11.0,7.5,1.2,2.495141782902826,0.6447392678179804,0.03125191915723143,2.5263937020600573,0.6759911869752119,2.49935591812448,0.7251096475752292,2.53456839845142,0.6541638715978331,2.53022165194068,0.6561744630127171,0.07461567414109566,0.1437041311115909,0.7816801947473134,0.07515119879382663,0.1442343309257224,0.780614470280451,0.07548934580565617,0.14647625705576608,0.7780343971385779,0.07508,0.14672,0.7782,0.08722702537289873,0.15190547891730932,0.7608674957097918,0.08595988538681948,0.12607449856733524,0.7879656160458453
267,Villarreal,Real Sociedad,2,0,3.2,3.1,2.4,1.3828237853114713,1.1254993971141063,0.023240208301971703,1.406063993613443,1.148739605416078,1.4033207215784516,1.1778133425358521,1.404674271776212,1.1419516071806073,1.402265276622126,1.145461428186164,0.3058953147588651,0.26435705651856833,0.4297476287225668,0.30726518797476793,0.2644141970165166,0.42832061500871554,0.30553771447716355,0.2668042430222862,0.4276580425005503,0.30662,0.26254,0.43084,0.31560195860364354,0.2630246581771177,0.42137338321923856,0.2971246006389776,0.30670926517571884,0.39616613418530355
268,Atlético Madrid,Betis,1,0,6.5,4.0,1.53,1.9770938266333389,0.7690923928743703,0.030323113113628068,2.007416939746967,0.7994155059879984,2.0267533099825603,0.8592106560167134,2.008334583667789,0.78033475305738,2.004890320198991,0.7827331342938745,0.13606245327470148,0.20291420746980057,0.661023339255498,0.13688396360771,0.20339004682860087,0.659725989563689,0.1368035171480086,0.20574415543731248,0.6574523274146791,0.13584,0.20734,0.65682,0.15028174093649724,0.20441884815296318,0.6452994109105396,0.1454891239748009,0.23641982645905146,0.6180910495661476
269,Valencia,Rayo Vallecano,1,1,3.8,3.2,2.05,1.378282595150412,1.0787786719101984,0.025412414115338882,1.403695009265751,1.1041910860255373,1.376344508851939,1.0940842242155455,1.4000613246673752,1.0945479325344474,1.3976602406478877,1.0979120569868688,0.29414874140084507,0.2665407453773789,0.43931051322177606,0.2954775811239201,0.2666243953703332,0.4378980235057467,0.29384745872971674,0.26904419922612743,0.43710834204415594,0.29348,0.26598,0.44054,0.2983133225009077,0.2686159114047849,0.43307076609430717,0.24745379102225576,0.2938513768389287,0.4586948321388156
270,Sevilla,Celta Vigo,2,2,3.5,3.4,2.1,1.542490037720111,1.128678160990428,0.019861601645801023,1.562351639365912,1.148539762636229,1.5438406646066722,1.1709517812658716,1.566863466966274,1.1451768372666657,1.5641763197928134,1.1486965711093626,0.27826155146927145,0.25093518071497295,0.4708032678157552,0.279597217385146,0.25108245653067895,0.46932032608417473,0.27820724949855313,0.25333455692706475,0.468458193574382,0.281,0.2518,0.4672,0.2886629504201772,0.2522152138166609,0.4591218357631619,0.27055702917771884,0.2785145888594165,0.4509283819628648
271,Osasuna,Elche,2,1,5.0,3.6,1.73,1.7035236649405452,0.9311715820142012,0.025428473303915268,1.7289521382444604,0.9566000553181165,1.725168729891129,0.9372401003382591,1.7304416433399148,0.9447831668045044,1.7274739620653348,0.94768698495555,0.20442099591009352,0.23683103383592796,0.5587479702539784,0.2055104461591077,0.23716230790084378,0.5573272459400485,0.20482333611191378,0.239466160525517,0.5557105033625693,0.20726,0.23706,0.55568,0.20334346453523,0.2372919905090847,0.5593645449556852,0.1894275807530872,0.26309386215706554,0.5474785570898474
272,Espanyol,Athletic Club,1,2,2.2,3.2,3.5,1.0939851964272889,1.4536109375236674,0.019278485258629494,1.1132636816859183,1.4728894227822968,1.1287571521990505,1.4266965417852153,1.1112716424524973,1.4748593829341436,1.1093658283749346,1.4793924055332757,0.4551329626679637,0.25953681268957685,0.2853302246424594,0.4567485596405778,0.2592019575043586,0.2840494828550636,0.45358914276214146,0.26188868411066313,0.2845221731271955,0.4555,0.26288,0.28162,0.43854213040912315,0.2630404528189529,0.29841741677192424,0.4317656129529684,0.2968388589051658,0.27139552814186585
273,Real Sociedad,Getafe,2,0,6.0,3.3,1.7,1.6823863787648379,0.9601742958863438,0.024332983008207642,1.7067193617730456,0.9845072788945515,1.720557949560051,0.9560389704378898,1.7089703594485264,0.9742098335835491,1.706039501101429,0.977204095438632,0.2143744917617701,0.23923140630769843,0.5463941019305312,0.21550155084270572,0.23953947484224414,0.5449589743150502,0.21472420391767116,0.2418272429756496,0.543448553106679,0.21348,0.24244,0.54408,0.20843639899806438,0.23793949167285444,0.5536241093290809,0.15754001684919963,0.2864363942712721,0.5560235888795282
274,Real Madrid,Villarreal,2,3,5.75,4.33,1.53,2.077179080973687,0.8794295893847642,0.02165720404073376,2.098836285014421,0.901086793425498,2.1381325677260823,0.8686151498337683,2.110001320420078,0.8922848253629919,2.1063827000337447,0.8950272883564375,0.1483907505847004,0.19759103069247716,0.6540182187228224,0.14930110608918143,0.1980541618262056,0.6526447320846129,0.1491771169638711,0.20023855924616837,0.6505843237899606,0.1498,0.2012,0.649,0.14096346304850593,0.19384003320772328,0.6651965037437707,0.1643084432253056,0.21819250543776147,0.6174990513369328
275,Valladolid,Mallorca,3,3,3.2,2.9,2.5,1.225270536656671,1.0848452169772564,0.029580891666859534,1.2548514283235306,1.114426108644116,1.2810223677966057,1.1363420248110174,1.2446314686577298,1.100703156524015,1.2424969444930434,1.1040861992338447,0.3250271480535079,0.2794984409689499,0.39547441097754255,0.3263920482301245,0.2794799095788706,0.39412804219100483,0.32438084187744975,0.2820576489115033,0.39356150921104693,0.32376,0.28474,0.3915,0.3277755484642976,0.2745462345950412,0.3976782169406613,0.29555646147574394,0.32613126783530366,0.3783122706889523
276,Betis,Cádiz,0,2,5.75,3.75,1.62,1.776618840771627,0.8724375235841134,0.027328822931560734,1.8039476637031877,0.8997663465156741,1.8026453909873583,0.9281655961685464,1.804691821830844,0.885190551657436,1.801596802621934,0.8879112101972477,0.18099656223140784,0.228161195645041,0.5908422421235511,0.18199847778010994,0.22854658109709908,0.5894549411227911,0.18152690402032748,0.23087373224921304,0.5875993637304594,0.1795,0.23246,0.58804,0.19108139196431587,0.2292347622794223,0.5796838457562621,0.1644002435559164,0.25208037345240514,0.5835193829916785
277,Almería,Valencia,2,1,2.4,3.3,3.0,1.2163680543307016,1.3843389110444246,0.018350655625867855,1.2347187099565695,1.4026895666702925,1.1965391817567197,1.3407999570464304,1.235588315067907,1.4045747589055009,1.233469299775002,1.4088917596975508,0.40904650127302555,0.26046454815382447,0.33048895057315,0.4106292363356553,0.2602537313608954,0.32911703230344924,0.40791902891181303,0.26276364786495177,0.32931732322323526,0.41012,0.26224,0.32764,0.4006964150147375,0.26686392884580534,0.33243965613945736,0.3956834532374101,0.2877697841726619,0.31654676258992803
278,Rayo Vallecano,Atlético Madrid,1,2,1.85,3.5,4.33,0.9648177364119354,1.7145964313414712,0.016492148171195445,0.9813098845831308,1.7310885795126667,1.0268939902266656,1.7348922853727187,0.9800631618337018,1.739659883832013,0.9783823683180847,1.7450067783627479,0.5522572346070252,0.23623348743097602,0.21150927796199848,0.5539297970995181,0.23569215760435214,0.21037804529613002,0.5500433555128567,0.2386081681511086,0.21134847633603437,0.5502,0.23946,0.21034,0.539763738464826,0.2369774076691534,0.22325885386602073,0.511293669135136,0.2702552251142862,0.21845110575057775
279,Barcelona,Girona,0,0,10.0,5.5,1.3,2.2596526687289,0.7021928890308896,0.03022781237804997,2.28988048110695,0.7324207014089396,2.2972977877983976,0.771120722721649,2.295358237708504,0.7124573324834241,2.2914217330094186,0.7146470905216715,0.09916369488361551,0.16986927370729527,0.7309670314090891,0.09982434108463081,0.1703934365178129,0.7297822223975563,0.10002683360294988,0.17269538782803395,0.7272777785690163,0.09908,0.17144,0.72948,0.10908593549727442,0.1733708982016657,0.7175431663010599,0.09514304723885564,0.17298735861610115,0.7318695941450433
280,Rayo Vallecano,Osasuna,2,1,3.6,3.1,2.2,1.3023988043238284,1.0837393872751588,0.02723641711165384,1.3296352214354823,1.1109758043868128,1.3322989026735794,1.1070986438287878,1.3229784672916318,1.0995811621375084,1.3207095792079655,1.1029607563654225,0.3096715246388254,0.27295996725769367,0.4173685081034808,0.3110210057439159,0.2729931387358171,0.4159858555202669,0.3092024507424732,0.2754854974797117,0.41531205177781527,0.30718,0.27682,0.416,0.3099693344026024,0.271821664043038,0.41820900155435914,0.2633204633204633,0.30579150579150577,0.43088803088803085
281,Villarreal,Valladolid,1,2,6.5,4.75,1.44,2.1574823943374377,0.7463418739661605,0.02852961867272209,2.18601201301016,0.7748714926388826,2.15942842545237,0.8017587447118746,2.191573534767719,0.7572516739388675,2.187815019266184,0.7595791086698764,0.11515565995812438,0.18283675057555568,0.70200758946632,0.11589491443864078,0.18334546955810255,0.7007596160032568,0.11599325798052486,0.1856441223396206,0.6983626196798546,0.11654,0.18448,0.69898,0.1261921311050926,0.18848087982093145,0.685326989073976,0.14530005310674457,0.19883165161975572,0.6558682952734998
282,Athletic Club,Real Sociedad,2,0,3.5,3.1,2.25,1.3680147772910785,1.1514947365339712,0.0225365746477227,1.390551351938801,1.1740313111816938,1.3483433212473905,1.1690002713052454,1.3896312613957622,1.168326938616445,1.3872480647772067,1.1719178249593767,0.3156524691364684,0.26447903430771547,0.41986849655581626,0.31704795910828826,0.2645107770382053,0.41844126385350655,0.31522661780032596,0.26690275600922225,0.41787062619045157,0.31404,0.26432,0.42164,0.32362867106095383,0.26763691720512867,0.40873441173391745,0.2714007782101167,0.306420233463035,0.42217898832684825
283,Betis,Espanyol,3,1,4.5,3.5,1.83,1.6435027941433518,0.9920844547557437,0.02354366281627047,1.6670464569596222,1.015628117572014,1.6867923083789365,0.9702473819322452,1.6694723615890723,1.006586445512205,1.6666092417115628,1.0096802178123203,0.22783339845440645,0.24319739769061494,0.5289692038549787,0.22900587289713878,0.24347190550752865,0.5275222215953324,0.2280985577766571,0.24575393293693473,0.5261475092864084,0.23018,0.24432,0.5255,0.21653735201651306,0.24142656287658507,0.5420360851069019,0.21076011846001974,0.27097729516288255,0.5182625863770978
284,Cádiz,Real Madrid,0,2,1.55,4.2,5.75,0.8297995529712853,1.9874229976432654,0.015127544470668641,0.8449270974419539,2.002550542113934,0.9278145677663531,1.9932402150873734,0.8429115084447464,2.0164745464331286,0.8414659279425855,2.0226722387659195,0.6471940108324241,0.20479787067958888,0.1480081184879869,0.6488164292672528,0.20410621542743693,0.1470773553053102,0.6444445489746523,0.2072535426382375,0.14830190838711022,0.64224,0.20808,0.14968,0.6216356789277618,0.2102259470441223,0.16813837402811616,0.6102722850464338,0.2252195337671363,0.16450818118642999
285,Girona,Elche,2,0,6.0,4.33,1.53,1.9193994047190344,0.8714783088824143,0.024606225887251726,1.944005630606286,0.896084534769666,1.918758243396529,0.8884121694633792,1.9497285118393592,0.8842173154450974,1.9463847568983186,0.8869349827155069,0.16379594019953297,0.21312558503302126,0.6230784747674458,0.16474998209555794,0.21355402078379515,0.6216959971206468,0.16446433839948224,0.2158141189959252,0.6197215426045924,0.16608,0.21724,0.61668,0.16819674321898215,0.21641069820362835,0.6153925585773895,0.15854770503220061,0.21969658895916944,0.6217557060086298
286,Getafe,Barcelona,0,0,1.6,3.8,6.0,0.898178281609245,1.8270268470186868,0.016039603116519387,0.9142178847257644,1.843066450135206,0.9781830891718533,1.870507498947881,0.912370713496585,1.8537337733496664,0.9108060115071593,1.8594312772504455,0.5951605416739671,0.22369636360301506,0.18114309472301804,0.5968201987243404,0.22307798449453975,0.1801018167811198,0.5926746969336251,0.22611534638212277,0.18120995668425155,0.59272,0.22428,0.183,0.5827864437053665,0.22344172429225734,0.19377183200237613,0.5925155925155925,0.24948024948024947,0.15800415800415799
287,Atlético Madrid,Almería,2,1,11.0,7.0,1.22,2.377103926881561,0.6028399644367761,0.038230790390225304,2.415334717271786,0.6410707548270014,2.379767122940584,0.7298629817259128,2.414665384625729,0.6116520968615706,2.410524269972189,0.613532027117948,0.07518838755615623,0.15132666023009267,0.7734849522137511,0.0757129342174142,0.15185818453429553,0.7724288812482902,0.07602353498758081,0.1542103888040192,0.7697660762084,0.07512,0.15712,0.76776,0.09601288019044181,0.1630152534821773,0.740971866327381,0.08629749393694422,0.13561034761519805,0.7780921584478576
288,Valencia,Sevilla,0,2,3.6,3.2,2.2,1.2513570657248012,1.1712373496907005,0.02464765470376686,1.276004720428568,1.1958850043944673,1.3004286866198371,1.21666463056083,1.27113020017448,1.1883581433261765,1.268950231085589,1.192010596151098,0.34395739381661544,0.27236555532359896,0.3836770508597853,0.345389141489743,0.27230888286538624,0.3823019756448707,0.3432406794791083,0.27481966651072354,0.38193965401016816,0.34276,0.27568,0.38156,0.34576232424101155,0.2686807311360952,0.385556944622893,0.26586102719033233,0.2990936555891239,0.4350453172205438
289,Celta Vigo,Mallorca,0,1,5.25,3.3,1.8,1.7370413554521267,0.9555435843715864,0.023504440604453346,1.76054579605658,0.9790480249760397,1.7548341242252714,0.9569509086996058,1.7644889587036519,0.9695114317272477,1.7614628867976145,0.9724912529095174,0.20564971181696512,0.2336772388685301,0.5606730493145047,0.20675463734347133,0.23400959698177926,0.5592357656747493,0.20607405851308322,0.2362714998331389,0.5576544416537781,0.20714,0.23404,0.55882,0.2040067553089775,0.23449706287449293,0.5614961818165295,0.1815680880330124,0.28885832187070154,0.5295735900962861
290,Espanyol,Cádiz,0,0,3.8,3.25,2.05,1.3917978903498358,1.0603674554274385,0.025949194176187025,1.417747084526023,1.0863166496036256,1.3841114080494532,1.0840504351401927,1.4137901798141754,1.075867586452924,1.4113655510155287,1.0791742963260795,0.28672873367882595,0.2659903905953606,0.44728087572581343,0.28803742234394436,0.26609369045701525,0.4458688871990403,0.28648012127937605,0.26851218181225056,0.4450076969083733,0.28794,0.26864,0.44342,0.2942123817902755,0.26832782843461356,0.43745978977511124,0.24857755806361348,0.290644529428225,0.46077791250816164
291,Osasuna,Betis,3,2,2.88,3.2,2.55,1.260916460609944,1.2039672631152345,0.02308102363502751,1.2839974842449715,1.2270482867502621,1.2819294962670722,1.1775736496963995,1.2808406464305693,1.2215664927343277,1.2786440240730557,1.2253210123732716,0.3510076773157831,0.2697488423726182,0.3792434803115986,0.3524636309259561,0.26967792882270386,0.37785844025133986,0.35026355959581823,0.27216631354334786,0.37757012686083424,0.34942,0.27468,0.3759,0.338868753824548,0.2721944861157006,0.3889367600597513,0.33009708737864074,0.29708737864077667,0.37281553398058254
292,Almería,Athletic Club,1,2,1.85,3.75,3.8,1.0486768242654165,1.6762321480343945,0.015373136585718788,1.0640499608511353,1.6916052846201133,1.097090917988417,1.668708235041914,1.0652473367181927,1.7007348030250555,1.0634204536296228,1.7059620602039096,0.522427147659744,0.24018033256438118,0.23739251977587494,0.5241164033960062,0.23970716623239116,0.23617643037160252,0.5204687826625843,0.24247694689787155,0.23705427043954408,0.52008,0.24234,0.23758,0.5071527820580972,0.2428970784245615,0.24995013951734102,0.5050057588376008,0.24913617435988308,0.24585806680251618
293,Valladolid,Girona,1,0,2.8,3.4,2.5,1.3184578869170656,1.1885626534239249,0.02226273722788447,1.34072062414495,1.2108253906518094,1.3621000403328138,1.2302140133357389,1.3392913051142532,1.2059367031137496,1.3369944407601777,1.209643184146173,0.3352387618832098,0.2665027472174658,0.3982584908993243,0.33667401555399457,0.26647967773234643,0.39684630671365906,0.3346503008553508,0.26890786229804253,0.3964418368466066,0.33396,0.27106,0.39498,0.3372422142960983,0.26368416604768047,0.399073619656221,0.33972821742605913,0.2797761790567546,0.38049560351718625
294,Real Sociedad,Rayo Vallecano,2,1,6.0,3.5,1.67,1.758577739073159,0.8817110694492951,0.027138195985767898,1.785715935058927,0.9088492654350631,1.7803639001472602,0.9344527472192086,1.7863656463198927,0.8945996554136538,1.7833020562251094,0.8973492331036286,0.185424741744752,0.2302867939040432,0.5842884643512047,0.18644272122150193,0.23066192421815518,0.582895354560343,0.18592944919439827,0.23298808500955384,0.5810824657960478,0.18736,0.23378,0.57886,0.1953944539345534,0.23161060964673424,0.5729949364187126,0.15855147158551472,0.2718025227180252,0.5696460056964601
295,Real Madrid,Celta Vigo,2,0,9.0,5.0,1.36,2.307407254662176,0.6830622944418534,0.03103201663230696,2.338439271294483,0.7140943110741603,2.3252995915979753,0.7637427081733469,2.343867410700991,0.6930470926438592,2.3398477135031066,0.6951771927534488,0.09248982844997364,0.16391198220994008,0.7435981893400863,0.09311630350972812,0.1644402638250627,0.7424434326652092,0.09335775920152171,0.16674032977496533,0.7399019110235128,0.09406,0.16418,0.74176,0.10565104671520145,0.17027477579141617,0.7240741774933825,0.10618363522798252,0.19113054341036856,0.702685821361649
296,Elche,Valencia,0,2,1.85,3.5,4.33,1.0742765013088904,1.5398820889222058,0.017617235675637985,1.0918937369845283,1.5574993245978437,1.1166574756092973,1.5497298895586367,1.091251523289693,1.562391619953098,1.089380043414028,1.5671936753923439,0.48219859822096356,0.25236893595487336,0.265432465824163,0.48384866283581546,0.2519758962989734,0.2641754408652114,0.48048194829151564,0.25469581920187495,0.2648222325066095,0.48028,0.25602,0.2637,0.47307272012929574,0.2529797022894007,0.2739475775813036,0.511293669135136,0.2702552251142862,0.21845110575057775
297,Barcelona,Atlético Madrid,1,0,4.2,3.3,1.95,1.4855961516388712,1.1065768999900565,0.02176777164149843,1.5073639232803695,1.1283446716315548,1.6087827613371921,1.0875705179313033,1.5090705805200206,1.122752506711886,1.5064825472736727,1.1262033187316949,0.28238492325796843,0.2563059057130497,0.4613091710289816,0.28371417498789125,0.2564349766024349,0.45985084840967394,0.282255385028554,0.25874471978652375,0.45899989518492235,0.28188,0.2581,0.46002,0.25701858042737646,0.24830405587270624,0.494677363699917,0.22590837282780407,0.287519747235387,0.48657187993680884
298,Mallorca,Getafe,3,1,3.75,2.88,2.3,1.2937548902676224,1.1213388790964876,0.025676414906021794,1.3194313051736442,1.1470152940025093,1.3061220767357966,1.1326966326101853,1.3141979677000208,1.1377302719678957,1.3119441380404973,1.1412271185786462,0.321731596384727,0.27183363569967006,0.40643476791560307,0.32311537516659766,0.2718370567093262,0.40504756812407616,0.32118781946335867,0.27432001650561927,0.4044921640310226,0.32186,0.27364,0.4045,0.3219129631875914,0.2727348160144909,0.405352220797918,0.2542899919382701,0.3311067603362892,0.4146032477254405
299,Sevilla,Villarreal,2,1,2.55,3.4,2.75,1.277793244404362,1.360982276981455,0.017732746831291613,1.2955259912356536,1.3787150238127466,1.3298152452226852,1.3689711756176932,1.2979841062395203,1.3808767046240615,1.2957580831074402,1.3851208687668306,0.3896120195205916,0.259100624816013,0.35128735566339553,0.3911776336464101,0.258945248720741,0.34987711763284857,0.3886691803359136,0.2613783419665882,0.3499524776974978,0.39126,0.26162,0.34712,0.37992933419239094,0.25818990144293336,0.36188076436467553,0.3735144312393889,0.28013582342954163,0.34634974533106966
300,Girona,Real Madrid,4,2,1.57,4.33,5.25,0.9184146302343161,2.0426120199229216,0.012442277675834591,0.9308569079101507,2.055054297598756,0.9618925721164968,1.9960522684943123,0.9329268238052668,2.072470305162611,0.9313268683972262,2.0788401020653113,0.6367635364785739,0.20278307650163443,0.16045338701979195,0.6384361575832321,0.2021192122478018,0.15944463016896604,0.6341624800873328,0.20511486269207035,0.16072265722059675,0.63446,0.2049,0.16064,0.6139967213536495,0.21100898041874463,0.17499429822760615,0.6018171661844011,0.2182108431661685,0.17997199064943042
301,Cádiz,Osasuna,0,1,3.4,3.1,2.3,1.2966549724863738,1.0551739903607127,0.028907607803757403,1.3255625802901312,1.08408159816447,1.315481263380115,1.1099532205605527,1.3171438751410027,1.0705982048832927,1.3148849932947249,1.0738887191611157,0.30282429618442164,0.2748130557599895,0.422362648055589,0.30414937817901305,0.2748610049861753,0.42098961683481184,0.3023843459984035,0.27737522774305884,0.4202404262585374,0.2999,0.27808,0.42202,0.3139183804170392,0.27309762778364616,0.41298399179931466,0.27971753628874063,0.3067869752844252,0.41349548842683403
302,Betis,Real Sociedad,0,0,2.63,3.25,2.75,1.311777372997317,1.2644582987315252,0.01980940880160683,1.3315867817989238,1.284267707533132,1.310419429048813,1.2455787496746566,1.3325052300373048,1.2829417680291568,1.3302200036994614,1.2868849263364095,0.35696567016909364,0.2629073479558184,0.38012698187508787,0.35846077288798944,0.26283281838480305,0.37870640872720773,0.3562482351415638,0.2652445215318877,0.3785072433265483,0.355,0.26262,0.38238,0.3515023119058506,0.26639178333654684,0.38210590475760275,0.36158592090624053,0.2926064529179731,0.34580762617578636
303,Getafe,Almería,1,2,4.5,3.3,1.91,1.531173488703882,0.9424220095273164,0.028780360738949472,1.5599538494428313,0.9712023702662659,1.5977930241660792,0.9861256046320026,1.5553681011667837,0.956198049667181,1.5527006683719957,0.9591369517879812,0.23227801585988167,0.25483234510650604,0.5128896390336124,0.2334321443537601,0.2550820907023696,0.5114857649438702,0.232424382646777,0.25748165019535263,0.5100939671578706,0.23384,0.25444,0.51172,0.23342681545972768,0.2503091383857698,0.5162640461545027,0.21187979023799916,0.2889269866881807,0.49919322307382
304,Atlético Madrid,Mallorca,3,1,8.5,4.33,1.4,2.088116604792223,0.7134431889181849,0.03266814064488913,2.120784745437112,0.746111329563074,2.1337146912879623,0.7998781488750484,2.121111671911014,0.7238720858546853,2.1174739974397303,0.7260969274646916,0.11484554816787099,0.1881024548219269,0.6970519970102022,0.11557026211661871,0.18860938565646831,0.6958203522269131,0.11564816576666764,0.19098099938178292,0.6933708348515495,0.11424,0.18982,0.69594,0.12815245431633354,0.19094448164448383,0.6809030640391827,0.11068709259225445,0.21728413095477203,0.6720287764529735
305,Rayo Vallecano,Barcelona,2,1,1.73,3.75,4.75,0.9600289475322275,1.8607528725189537,0.014099991850729328,0.9741289393829567,1.8748528643696831,1.0119135808662083,1.8350231505665016,0.9751987036115151,1.8879527956988533,0.9735262525682561,1.893755472745916,0.5873934405375518,0.22169912703153866,0.19090743243090968,0.589083841361272,0.22110431231731728,0.18981184632141068,0.585022887986197,0.22403367834098822,0.19094343367281508,0.57926,0.22598,0.19476,0.5666257635275674,0.22738709700035914,0.2059871394720737,0.5477819635580841,0.25271007918812943,0.1995079572537864
306,Celta Vigo,Elche,1,0,10.0,5.25,1.3,2.0500236056853107,0.8109796933227463,0.025936179161274074,2.0759597848465847,0.8369158724840204,2.0892683749711614,0.8297079243027374,2.0824167518867527,0.8228343494055693,2.0788454386187025,0.8253633543699457,0.1374079698064862,0.19722560539444178,0.6653664247990718,0.13825235665405244,0.19770323971034656,0.6640444036356009,0.13818970612722298,0.19997417246243218,0.661836121410345,0.13968,0.20014,0.66018,0.13810127447430046,0.19685641015445615,0.6650423153712435,0.0943657103352921,0.17974421016246114,0.7258900795022469
307,Valencia,Valladolid,2,1,4.75,3.75,1.75,1.735713674721879,0.9636227296252949,0.023136471317896062,1.7588501460397752,0.986759200943191,1.7640409953085154,0.9600075927720908,1.763140298821806,0.9777086754847961,1.7601165398470902,0.9807136911307778,0.20774827960473233,0.23389957237856004,0.5583521480167077,0.20886223136317267,0.23422745082911206,0.5569103178077154,0.20816426808785823,0.23648243014140405,0.5553533017707377,0.21036,0.2335,0.55614,0.20348927989283652,0.2336110147006503,0.5628997054065132,0.20076481835564056,0.25430210325047803,0.5449330783938815
308,Villarreal,Espanyol,4,2,6.0,4.0,1.57,1.8520546243645166,0.8692662056052863,0.025986780743536393,1.878041405108053,0.8952529863488228,1.8698051317134854,0.9150503095544735,1.8813195928525457,0.8819728763107514,1.878093158174036,0.8846836452331311,0.17111247088263487,0.22007017270087156,0.6088173564164935,0.17208625536340777,0.22048052911865787,0.6074332155179343,0.17172084358960715,0.22277418069932367,0.6055049757110691,0.17162,0.22192,0.60646,0.17979209825677753,0.22212677997124528,0.598081121771977,0.15818639798488665,0.23727959697732998,0.6045340050377834
309,Athletic Club,Sevilla,0,1,4.5,3.6,1.75,1.680728141899888,1.0653997272676456,0.01979082734840554,1.7005189692482936,1.0851905546160512,1.685084876631784,1.052303847553744,1.70728592019788,1.0809734185221627,1.7043579506386488,1.0842958213165723,0.24018511147714022,0.23955025411348801,0.5202646344093715,0.24142126702938388,0.2398022679865044,0.5187764649841118,0.24042960827454915,0.24200295052228035,0.5175674412031703,0.24138,0.24164,0.51698,0.2366089257908196,0.2416467903875075,0.521744283821673,0.2074074074074074,0.2592592592592593,0.5333333333333333
310,Osasuna,Real Sociedad,0,2,2.2,3.0,3.75,1.0712082878802076,1.5249736551746602,0.01803473270073683,1.0892430205809445,1.543008387875397,1.1105741903149124,1.4609156055781474,1.0881348279382181,1.5472652592262879,1.0862686931479932,1.5520208233621522,0.47910149918481765,0.25376865003201526,0.2671298507831671,0.48074525353455744,0.2533809450094927,0.26587380145594974,0.4773972038482628,0.2561053856577415,0.2664974104939959,0.47224,0.25956,0.2682,0.4516663091222729,0.2607526893384472,0.2875810015392798,0.4310344827586207,0.3160919540229885,0.25287356321839083
311,Elche,Rayo Vallecano,4,0,1.8,3.5,4.75,1.0574173214231886,1.5055396241568941,0.01883866180611173,1.0762559832293004,1.524378285963006,1.1118482922086765,1.544755974206174,1.07412594555503,1.527547147415975,1.0722838357864442,1.5322421073698524,0.47736885571304916,0.25581284248988795,0.266818301797063,0.47900280807110235,0.25542540390785945,0.26557178802103787,0.47565492012542526,0.2581720960406657,0.2661729838339091,0.47584,0.25852,0.26564,0.472929709225808,0.2535089400698832,0.273561350704309,0.5281969817315331,0.27164416203335984,0.20015885623510724
312,Real Madrid,Almería,4,2,15.0,8.5,1.14,2.9136860082021805,0.5992644202920135,0.029178333587884766,2.9428643417900653,0.6284427538798983,2.8918857304918233,0.662987433926442,2.9597261887089004,0.6080242864930121,2.954650303011211,0.6098930665702088,0.04901277977800985,0.10697039893000904,0.8440168212919812,0.04940667010666608,0.10746673122166782,0.8431265986716662,0.049830445235420615,0.10950121190074359,0.8406683428638357,0.04874,0.1081,0.84316,0.05791633756826817,0.11598111360741735,0.8261025488243146,0.06280381100524984,0.11083025471514679,0.8263659342796034
313,Barcelona,Betis,4,0,9.0,5.0,1.33,2.2550253260830138,0.7963379477227285,0.023569952468414118,2.278595278551428,0.8199079001911426,2.318867373797284,0.7783571940843511,2.290657776789035,0.8079785751930356,2.2867293333094114,0.8104619205094399,0.11606196676250491,0.17616788593087815,0.707770147306617,0.1168244662959713,0.17667840543039826,0.7064971282736305,0.11694595960862386,0.17887827900704426,0.7041757613843319,0.11828,0.17828,0.70344,0.1086467856321792,0.17177486979397605,0.7195783445738447,0.10452687834014461,0.1881483810122603,0.7073247406475951
314,Cádiz,Valencia,2,1,2.45,3.1,3.1,1.2040875537414166,1.3538401235137523,0.01945852608674286,1.2235460798281594,1.373298649600495,1.1892207267340416,1.3176313832136934,1.2231137659564917,1.3736301493152923,1.2210161443268457,1.3778520409625539,0.4036411411804528,0.26321516437221054,0.33314369444733694,0.40520568093715315,0.2630136962822893,0.33178062278055753,0.4025292755689247,0.2655433613720696,0.33192736305900583,0.40288,0.26656,0.33056,0.3960769543987198,0.2689342061169491,0.3349888394843311,0.3875,0.30625,0.30625
315,Villarreal,Celta Vigo,3,1,4.5,3.6,1.8,1.7387533344791815,0.9568175881888774,0.02340990451680963,1.7621632389959911,0.980227492705687,1.746208828217834,0.9674959069724106,1.7662279893152657,0.9708040585473421,1.763198934998003,0.9737878526552042,0.20571761885469594,0.23351966170285537,0.5607627194424487,0.20682335897107704,0.23385206127697955,0.5593245797519433,0.20614304937484731,0.23611183707858416,0.5577451135465684,0.2072,0.23444,0.55836,0.2076493032309853,0.23547161738100625,0.5568790793880085,0.21052631578947367,0.2631578947368421,0.5263157894736842
316,Espanyol,Getafe,1,0,3.3,3.0,2.38,1.2682062166426389,1.103585146941934,0.027252267832119134,1.295458484474758,1.1308374147740532,1.2938554802599527,1.1305239742487827,1.2882455904700194,1.1197170211217993,1.286036268745353,1.1231585034896165,0.32180558458027625,0.2748544584261819,0.40333995699354197,0.3231788642011001,0.2748525136507066,0.4019686221481933,0.32123050909143447,0.2773719728697563,0.4013975180388095,0.31788,0.27552,0.4066,0.3236858147480773,0.27383268133279115,0.40248150391913173,0.28681610026512416,0.31549771029163654,0.39768618944323936
317,Valladolid,Atlético Madrid,2,5,1.65,3.8,5.5,0.8956336422702854,1.8606844572400134,0.01552550899381003,0.9111591512640954,1.8762099662338234,0.9869250558502821,1.8400312017054141,0.9097858654137319,1.8878833803460402,0.908225596399716,1.893685844043026,0.6033775942704417,0.22016011275320765,0.1764622929763504,0.6050379496884954,0.2195305909152818,0.17543145939622284,0.6008578994297079,0.2225718371140198,0.17657026345627258,0.60168,0.22332,0.175,0.5738075730732782,0.22653580525839417,0.19965662166832743,0.5766312594840667,0.25037936267071315,0.17298937784522
318,Mallorca,Athletic Club,1,1,2.25,3.0,3.6,1.127569034122112,1.3787446111184567,0.020549456739301183,1.1481184908614133,1.399294067857758,1.157057440924067,1.3818119087492033,1.1453861502144538,1.3988986831937857,1.1434218302714858,1.4031982384043968,0.42744690254806744,0.26468880086078045,0.3078642965911521,0.4290262421970142,0.26441914741453476,0.3065546103884509,0.42610167134991617,0.26705638197415354,0.3068419466759301,0.42832,0.2638,0.30788,0.42030400642716026,0.26557021471412473,0.31412577885871495,0.4210526315789474,0.31578947368421056,0.26315789473684215
319,Sevilla,Girona,0,2,3.8,3.5,1.95,1.6993971244002686,1.0074010832277596,0.021798911517456936,1.7211960359177254,1.0291999947452164,1.713110055529778,1.0707659448344478,1.726249897876799,1.0221269678306133,1.7232894053823589,1.0252685043716363,0.22336104808326598,0.23777718032605877,0.5388617715906752,0.22453235620473153,0.23806805876058906,0.5373995850346793,0.2236901455519954,0.240303985322867,0.5360058691251377,0.22328,0.2414,0.53532,0.23687326393965374,0.23904684207449733,0.5240798939858491,0.24786635191574355,0.2691120392228073,0.483021608861449
320,Almería,Elche,2,1,5.0,4.33,1.62,1.8537768704935864,0.9305729711582537,0.022646323126188223,1.8764231936197746,0.9532192942844419,1.8583663906577916,0.9196007597699732,1.8830690528002754,0.9441758056359619,1.8798396178243866,0.9470777570450425,0.1846382005241408,0.2214937538355591,0.5938680456403004,0.1856784644326173,0.22187909204681122,0.5924424435205713,0.18521336981078743,0.22410707673654434,0.5906795534526684,0.18478,0.222,0.59322,0.18219462297772226,0.2233950940311486,0.5944102829911293,0.19079766949728813,0.2203206345234274,0.5888816959792843
321,Barcelona,Osasuna,1,0,19.0,7.5,1.14,2.784937175111738,0.661194234543298,0.025517843255519645,2.810455018367258,0.6867120777988176,2.8057703712500057,0.6903392472490677,2.82894294988674,0.6708593720541294,2.8240913554677394,0.6729212775683424,0.061699610521849864,0.12118958012914086,0.8171108093490094,0.062177033737986734,0.12170723704238984,0.8161157292196234,0.0625853594296103,0.12377794757642191,0.8136366929939678,0.06194,0.12068,0.81738,0.06519829920438294,0.12438745114563747,0.8104142496499795,0.0495049504950495,0.1254125412541254,0.8250825082508252
322,Real Sociedad,Real Madrid,2,0,2.8,3.4,2.55,1.3552489953436984,1.2719005891215787,0.018713244153574952,1.3739622394972733,1.2906138332751536,1.3608431213139678,1.323801402889983,1.3766637628243148,1.2904928475711077,1.3743028052698947,1.2944592143378295,0.35017249975564324,0.25973893469354353,0.3900885655508134,0.3516674115459014,0.25968818630096513,0.38864440215313334,0.3495421636739137,0.2620498103727317,0.38840802595335444,0.3518,0.2627,0.3855,0.3619509626016542,0.2589844432197184,0.3790645941786276,0.3422818791946309,0.28187919463087246,0.37583892617449666
323,Valencia,Villarreal,1,1,2.55,3.3,2.75,1.2378880113976913,1.4215476339773825,0.0169846620983241,1.2548726734960154,1.4385322960757065,1.2466992755825865,1.3430799456306222,1.25744831656833,1.4423273877059954,1.2552918117031155,1.446760422285069,0.4140886724866114,0.2569115767818969,0.328999750731492,0.41569299198551757,0.2566940312700617,0.3276129767444208,0.4129583358700814,0.25917227768779166,0.32786938644212693,0.4105,0.26064,0.32886,0.3905329834444164,0.2641545667436222,0.3453124498119614,0.37037037037037035,0.2861952861952861,0.34343434343434337
324,Getafe,Celta Vigo,1,0,3.1,3.0,2.55,1.2646790914466426,1.151196376899456,0.025141547362919008,1.2898206388095617,1.176337924262375,1.2850399782516306,1.1645575430835688,1.2846627319245008,1.1680242176509554,1.2824595547481097,1.1716141735723204,0.3357271132417365,0.2725243975377377,0.3917484892205254,0.3371407371221563,0.2724894808691731,0.39036978200867056,0.3350720897886936,0.27499222448497435,0.38993568572633197,0.33298,0.27624,0.39078,0.3347076847748736,0.2726878784676926,0.39260443675743406,0.30778515389257693,0.3180446590223295,0.3741701870850936
325,Atlético Madrid,Cádiz,5,1,12.0,5.5,1.29,2.2349069539502415,0.6611217717012504,0.03462462758293328,2.2695315815331747,0.6957463992841837,2.2824365015165164,0.7458913688009725,2.2702215071608265,0.6707858499721547,2.2663281115748615,0.672847529514141,0.0938908323344528,0.1695605445598268,0.7365486231057204,0.09451499627896388,0.17008752406934896,0.7353974796516871,0.09473170077093906,0.17245044793191008,0.7328178512971509,0.0942,0.17204,0.73376,0.10586817053561934,0.17324600868994045,0.7208858207744402,0.08010160880609653,0.17476714648602878,0.7451312447078746
326,Girona,Mallorca,2,1,3.75,3.2,2.1,1.3199028883780473,1.0827728604589502,0.026784813474297696,1.3466877018523449,1.1095576739332478,1.3477201204306206,1.1113948175785715,1.340759139553088,1.0986005069243803,1.338459757885126,1.1019770870803804,0.306080449835906,0.271488536093084,0.42243101407101,0.30742551055864964,0.2715334973768669,0.4210409920644834,0.30565091125042326,0.2740082179911813,0.42034087075839544,0.30538,0.27356,0.42106,0.3082505005500815,0.2703305826706607,0.4214189167792577,0.25267907501410036,0.2961082910321489,0.45121263395375066
327,Sevilla,Espanyol,3,2,4.2,3.6,1.83,1.6913736542251934,1.038026902321108,0.02066670324066052,1.7120403574658538,1.0586936055617684,1.732552481305421,1.033057376031418,1.718099646018965,1.0532004658924927,1.715153131083326,1.056437507720717,0.2319421080460684,0.23860031822298294,0.5294575737309484,0.23314737809514807,0.23887169240329356,0.5279809295015583,0.2322301094272427,0.24108708599033818,0.526682804582419,0.23086,0.2462,0.52294,0.22505479597600073,0.23721987607855827,0.537725327945441,0.2241273729332517,0.2614819350887937,0.5143906919779547
328,Rayo Vallecano,Valladolid,2,1,4.75,3.8,1.73,1.7718601462597594,0.9644436837900263,0.022446589497232265,1.7943067357569917,0.9868902732872585,1.7995629460035878,0.9431615388967136,1.7998579335082205,0.9785416301094191,1.7967712043447526,0.9815492058653211,0.20301971379432576,0.23030925059833376,0.5666710356073406,0.20412300996202415,0.23065060943043542,0.5652263806075403,0.20347947336950123,0.23288582258621365,0.5636347040442852,0.20172,0.23492,0.56336,0.19491854128022076,0.2298064328571071,0.5752750258626723,0.20017356089094587,0.25021695111368236,0.5496094879953717
329,Athletic Club,Betis,0,1,4.75,4.0,1.7,1.7605142081214624,1.100390669301927,0.017397116784343424,1.7779113249058058,1.1177877860862704,1.7990290517502119,1.0357591484294273,1.7883327141987766,1.1164758475730066,1.7852657506122998,1.119907368100994,0.2365607807804541,0.23241402731021396,0.5310251919093321,0.23780807955604485,0.23268324474943067,0.5295086756945244,0.236883661062905,0.23481272477528542,0.5283036141618098,0.23604,0.2308,0.53316,0.2163315348657664,0.23102879074443916,0.5526396743897943,0.2007380073800738,0.23837638376383766,0.5608856088560886
330,Mallorca,Cádiz,1,0,4.0,2.9,2.15,1.369880129129814,1.0503496559081298,0.027034839176103713,1.3969149683059177,1.0773844950842335,1.3980114880921133,1.0864199217102877,1.391526088316961,1.0657033497675727,1.3891396420988629,1.0689788195678573,0.28796073149766,0.26834587173232993,0.44369339677000996,0.28926517812521185,0.26844236960093004,0.4422924522738584,0.2876817887636801,0.27088732064685744,0.4414308905894625,0.28896,0.2714,0.43964,0.2923481198616387,0.2670173570817162,0.4406345230566451,0.23586154719122376,0.3253262719878949,0.4388121808208814
331,Real Sociedad,Girona,2,2,5.5,4.0,1.62,1.8753920233700514,0.899814235645982,0.023834969549159087,1.8992269929192105,0.923649205195141,1.8915606739184925,0.9425837754857886,1.9050257543327422,0.9129674482231139,1.90175866394545,0.9157734798509115,0.17513131378314548,0.21851468174780597,0.6063540044690489,0.17613098373781483,0.21891959776846096,0.6049494184937241,0.17574593226331275,0.2211692068911551,0.6030848608455319,0.17558,0.21834,0.60608,0.18324824034353734,0.22061725438997104,0.5961345052664916,0.17330837122225196,0.23829901043059643,0.5883926183471516
332,Osasuna,Almería,3,1,3.6,3.5,2.05,1.4043064420939768,1.0802825933451758,0.024693126421333245,1.42899956851531,1.104975719766509,1.4158224112872184,1.1613975440956228,1.4264963835971967,1.0960738378384836,1.424049963851029,1.0994426522046061,0.2898371849017159,0.2641886472720552,0.4459741678262289,0.29116145809087296,0.26428693615935506,0.44455160574977215,0.2895862653068343,0.266681937604824,0.4437317970883421,0.28908,0.26628,0.44464,0.30897509489994024,0.26270706637081015,0.42831783872924944,0.2642238998342847,0.2717731541152642,0.46400294605045117
333,Villarreal,Athletic Club,5,1,3.4,3.5,2.1,1.5012232472142786,1.1048471401654254,0.021521563866809302,1.522744811081088,1.1263687040322348,1.495115839884027,1.1959109412085986,1.524944605345547,1.1209974617808636,1.5223293483864502,1.124442879619758,0.2792267627572885,0.25500074111771104,0.4657724961250004,0.2805505319478077,0.2551395534501925,0.464309914602,0.279128350637825,0.2574377774592524,0.4634338719029225,0.27624,0.25918,0.46458,0.3035476400034597,0.2553197478427816,0.441132612153759,0.2785145888594165,0.27055702917771884,0.4509283819628648
334,Real Madrid,Getafe,1,0,6.5,4.0,1.55,1.9686461751782822,0.7706528022881969,0.03038021350571956,1.9990263886840018,0.8010330157939164,2.030519654957895,0.8676675577499605,1.9997534478919257,0.7819179720644697,1.9963239009413385,0.7843212193699749,0.13721840134948016,0.20389844659444725,0.6588831520560726,0.13804436812263787,0.20437218739095106,0.657583444486411,0.13795367862976218,0.20672830254121502,0.6553180188290226,0.1382,0.20798,0.65382,0.1516185360897607,0.20437910024520903,0.6440023636650303,0.1466587817859255,0.23832052040212892,0.6150206978119456
335,Celta Vigo,Valencia,1,2,3.4,3.3,2.2,1.378752174581716,1.0913563055234135,0.024818324119646455,1.4035704987013624,1.11617462964306,1.375757070798509,1.1297964483927572,1.4005383240889315,1.10730942219492,1.3981364220226427,1.1107127694516974,0.29746097446226705,0.2660262901185319,0.436512735419201,0.2988011758333434,0.2661023241985936,0.435096499968063,0.2971430854482161,0.268514471198622,0.43434244335316186,0.2943,0.26778,0.43792,0.3079891455088803,0.2672096095764167,0.4248012449147033,0.2796610169491525,0.288135593220339,0.43220338983050843
336,Elche,Atlético Madrid,1,0,1.36,5.0,8.0,0.8363056767237765,2.188090928215593,0.012345737429846036,0.8486514141536226,2.200436665645439,0.85215288412754,2.2750796232036126,0.8495204377538832,2.2200757801736777,0.8480635230378057,2.2268992467358197,0.6852632050207472,0.18507733875662796,0.1296594562226251,0.6868674728515628,0.18435696264441837,0.12877556450401895,0.6824400030056688,0.1874606471811296,0.13009934981320193,0.68208,0.1876,0.13032,0.6946868155044694,0.18006056457698988,0.12525261991854053,0.6934812760055478,0.18862690707350901,0.11789181692094314
337,Valladolid,Sevilla,0,3,3.1,3.5,2.25,1.3004426669156988,1.1971856167223514,0.022365648695747593,1.3228083156114463,1.2195512654180989,1.3391060748819401,1.3006217193658294,1.3209914202662296,1.2146857142838543,1.3187259399381912,1.218419085652952,0.34115753280894373,0.26735157767475176,0.3914908895163045,0.3426025289434674,0.2673113036521564,0.39008616740437607,0.34051540885407827,0.26975628095543547,0.3897283101904858,0.34094,0.27158,0.38748,0.3602772019835429,0.261533452939457,0.3781893450770002,0.306420233463035,0.2714007782101167,0.42217898832684825
338,Espanyol,Barcelona,2,4,1.65,4.0,5.25,0.9486507348491477,1.9519518713780455,0.01302671828761479,0.9616774531367626,1.9649785896656602,0.9984295055073414,1.9129728954662004,0.9636406997758203,1.9804849139633678,0.9619880705345197,1.9865719911289044,0.6102790258612005,0.21254141700958404,0.17717955712921518,0.6119690191915843,0.21191399528649532,0.17611698552192034,0.6078057499421219,0.21486336396745437,0.17733088609042358,0.60554,0.21814,0.17632,0.5873039819880038,0.2197992120385117,0.19289680597348402,0.5791106514994829,0.2388831437435367,0.18200620475698032
339,Betis,Rayo Vallecano,3,1,4.0,3.5,1.91,1.6551695370085968,1.0477164720963656,0.020903824801570912,1.6760733618101678,1.0686202968979366,1.6242032912038424,1.0557880222730764,1.6813234547741285,1.0630316748705837,1.6784400104508546,1.0662989332014727,0.239766866366977,0.2419579002572953,0.5182752333757279,0.24099278315787917,0.24220768712568502,0.5167995297164358,0.23999199308872893,0.24443726345290587,0.5155707434583652,0.2394,0.24542,0.51518,0.24672055738649576,0.24724948424704668,0.5060299583664576,0.23601059135039718,0.26972639011473964,0.4942630185348632
340,Cádiz,Valladolid,2,0,3.3,3.4,2.2,1.3124015728208736,1.0407038520057275,0.02922401243285143,1.3416255852537249,1.0699278644385788,1.379214445826866,1.1544573701056773,1.3331392930624788,1.0559165464186406,1.3308529793161266,1.0591619361982347,0.2958440229551187,0.27402774039496586,0.4301282366499156,0.29715249541844585,0.2740950428862049,0.4287524616953491,0.29545896951312006,0.2766017645366827,0.4279392659501968,0.29214,0.27918,0.42868,0.3139197789862746,0.2658866407618023,0.4201935802519232,0.288135593220339,0.2796610169491525,0.43220338983050843
341,Girona,Villarreal,1,2,2.3,3.75,2.8,1.282264430889674,1.4987783301627073,0.014551356619381003,1.296815787509055,1.5133296867820882,1.332803955778553,1.4691354838636517,1.3025259435198335,1.5206870188694117,1.3002921312054363,1.5253608940215144,0.4242366144276822,0.24992125077976446,0.3258421347925533,0.42588431971905283,0.24969000327947302,0.32442567700147396,0.4230990164557269,0.25210735429215203,0.3247936292521212,0.42392,0.25328,0.3228,0.40486348738269046,0.25203955743243517,0.3430969551848744,0.41071777821239974,0.2519069039702718,0.3373753178173283
342,Athletic Club,Celta Vigo,2,1,5.5,3.8,1.62,1.8206677017844668,0.9232726461248201,0.02358777502216857,1.8442554768066353,0.9468604211469887,1.829840244734085,0.9413518484643464,1.8494367144361195,0.9367687666573127,1.8462649584124031,0.9396479523197252,0.18714197381293662,0.22467636315834316,0.5881816630287202,0.18818517159468562,0.22505396863486662,0.5867608597704477,0.18768698067953035,0.22730514249751438,0.5850078768229553,0.18752,0.22728,0.5852,0.19063592021357176,0.22673228014447755,0.5826317996419506,0.171161652671968,0.24773397097258523,0.5811043763554469
343,Getafe,Elche,1,1,7.0,4.0,1.5,1.9033428275503497,0.8691589760630783,0.02502744587175546,1.928370273422105,0.8941864219348338,1.8989332428338102,0.8884290551192201,1.9334182190303875,0.8818640793194997,1.930102435995096,0.8845745138512076,0.16512157079931603,0.21470876689446647,0.6201696623062175,0.16607835955859546,0.21513373822758936,0.6187879022138153,0.16577699321626468,0.21740365894755645,0.616819347836179,0.16618,0.2175,0.61632,0.17048209083874266,0.21843996519012956,0.6110779439711279,0.1348314606741573,0.23595505617977527,0.6292134831460674
344,Almería,Mallorca,3,0,3.3,3.25,2.25,1.2515850018113004,1.097357844782422,0.028071087965502527,1.279656089776803,1.1254289327479245,1.3004248291002634,1.1208902698027106,1.2713617379594933,1.1133986901411803,1.269181371786799,1.1168207529375758,0.32333580601117984,0.2765757564009127,0.4000884375879078,0.32470675029719,0.2765667915985679,0.3987264581042421,0.3227319281737202,0.2791080020085967,0.39816006981768315,0.32234,0.27866,0.399,0.31978170698949177,0.27379831989109504,0.40641997311941336,0.2871870397643594,0.2916053019145803,0.4212076583210604
345,Barcelona,Real Sociedad,1,2,4.33,3.75,1.8,1.8483055126213053,1.0512296809862938,0.0178189709639643,1.8661244835852695,1.069048651950258,1.8834894411681755,0.9957782154979055,1.877511240072067,1.0665962387863899,1.874291336661039,1.0698744529066737,0.21264829822917738,0.22420337216568284,0.5631483296051396,0.2138181553016046,0.2245324874329399,0.5616493572654553,0.21312945017347978,0.22665413212190122,0.5602164177046189,0.2147,0.22708,0.55822,0.19604300099819816,0.22253474000243514,0.581422258999367,0.21928755908581452,0.25320403489108717,0.5275084060230983
346,Rayo Vallecano,Espanyol,1,2,3.4,3.4,2.15,1.345437887538129,1.1895962374605094,0.02160876149683708,1.367046649034966,1.2112049989573463,1.38035983188421,1.1795657181549486,1.3666976262431436,1.2069853957694368,1.3643537604623905,1.2106950999888046,0.33022062023213844,0.2644721057005291,0.40530727406733247,0.33165218869551955,0.26446579520793684,0.4038820160965433,0.32969046511915434,0.26686480962319714,0.4034447252576481,0.32772,0.26756,0.40472,0.32036608198378447,0.2647068396853665,0.4149270783308491,0.2792207792207792,0.2792207792207792,0.44155844155844154
347,Atlético Madrid,Osasuna,3,0,8.0,4.75,1.36,2.1526112358300287,0.758450059873842,0.027712661510527318,2.180323897340556,0.7861627213843693,2.184541966114417,0.7882858132878243,2.1866254053662857,0.7695368536491118,2.182875375831917,0.7719020472321886,0.11782404218077545,0.18402962896808556,0.6981463288511389,0.11857799827080585,0.18453544687655296,0.6968865548526412,0.11866095553925876,0.1868221124119095,0.6945169320488318,0.1199,0.1863,0.6938,0.12146446429297213,0.18527657268374775,0.69325896302328,0.11673292374412723,0.19660281893747744,0.6866642573183954
348,Valencia,Real Madrid,1,0,2.2,3.5,3.2,1.1574732211464889,1.6757976500029006,0.013414312466137944,1.1708875336126268,1.6892119624690385,1.1692853533719991,1.6490105722916295,1.1757628638476119,1.7002939536326407,1.1737464482996987,1.7055198558482476,0.4964914936904424,0.23953210813476236,0.26397639817479523,0.498204994508319,0.23912859631804825,0.2626664091736327,0.49480358905511257,0.24172726472269648,0.2634691462221912,0.49538,0.2406,0.26402,0.48558474999485435,0.24376794692426576,0.2706473030808797,0.4317656129529684,0.27139552814186585,0.2968388589051658
349,Sevilla,Betis,0,0,3.1,3.3,2.3,1.3859290482611073,1.159172289613459,0.02184159413554506,1.4077706423966523,1.181013883749004,1.3927792361455338,1.2180018181498522,1.407828602081191,1.1761167198467293,1.4054141972982879,1.179731548305613,0.31431807023069186,0.2627468885897367,0.4229350411795715,0.3157166156282051,0.2627849708479672,0.421498413523828,0.3139189718886773,0.2651558902249995,0.4209251378863229,0.31104,0.26622,0.42274,0.3281379434310353,0.2620831929336177,0.409778863635347,0.30420841683366734,0.28577154308617236,0.41002004008016035
350,Celta Vigo,Girona,1,1,3.75,3.5,2.0,1.500855391802118,1.1021920826221416,0.02163272172278575,1.5224881135249038,1.1238248043449275,1.4783107937084927,1.1346799159977734,1.5245709373202467,1.1183035934087577,1.5219563211961677,1.1217407315659746,0.2786031316512617,0.25509687290921285,0.4662999954395254,0.2799245041439875,0.25523706746160735,0.46483842839440503,0.2785074695182209,0.25753718945227855,0.46395534102950087,0.27666,0.25674,0.4666,0.29079141522965013,0.258556197381946,0.45065238738840396,0.25339366515837103,0.27149321266968324,0.4751131221719457
351,Real Sociedad,Almería,1,0,8.0,5.0,1.36,2.130408922936778,0.7557859740326449,0.028312320181475843,2.158721243118254,0.7840982942141208,2.133773228274484,0.8087485743211631,2.1640722658944695,0.7668338250061622,2.160360914653559,0.7691907107532062,0.11924358834207024,0.18613262209341985,0.6946237895645099,0.12000161774799349,0.18663620263505387,0.6933621796169527,0.12007016921732848,0.18893605153015086,0.6909937792525206,0.12386,0.19018,0.68596,0.12984285344867205,0.19139018454673049,0.6787669620045974,0.11789181692094314,0.18862690707350901,0.6934812760055478
352,Valladolid,Barcelona,3,1,1.91,3.8,3.6,1.0734373981589673,1.8188466561296392,0.012641275356745668,1.086078673515713,1.831487931486385,1.0866984595918825,1.7943714075677122,1.090399161174879,1.8454340069022173,1.088529143087363,1.8511060012328577,0.5502801945171072,0.227304625419775,0.2224151800631179,0.552008900287793,0.22678877226332095,0.2212023274488859,0.5482173601216849,0.22952990358745629,0.22225273629085862,0.54908,0.22942,0.2215,0.5394325894513943,0.23179195003637493,0.22877546051223063,0.4918386424102969,0.24721363342201763,0.2609477241676853
353,Elche,Sevilla,1,1,1.91,3.75,4.0,1.0103909342149011,1.765554844910466,0.014590033623135577,1.0249809678380366,1.7801448785336016,1.0695419596941123,1.7904738258244584,1.02635647781248,1.7913631920911717,1.0245962919593652,1.7968689982222263,0.55312524745895,0.2316606785932414,0.21521407394780834,0.5548228597840997,0.23112770868652352,0.21404943152937694,0.5509693251241188,0.23396752566347637,0.2150631492124051,0.54746,0.23766,0.21488,0.5425937166414552,0.23205436194872975,0.2253519214098152,0.5033134804127171,0.2563543326902105,0.2403321868970724
354,Real Madrid,Rayo Vallecano,2,1,5.25,4.0,1.62,1.9529725083719636,0.821835581911072,0.027011593898710717,1.9799841022706743,0.8488471758097826,2.029208229517731,0.9004599737880287,1.983832115947039,0.8338489260926818,1.9804298738401955,0.8364117846743048,0.1495147991017855,0.20778871414468592,0.6426964867535288,0.15040289218094852,0.2082429973621088,0.6413541104569427,0.1502278849276071,0.21054433585442917,0.6392277792179637,0.14958,0.20962,0.6408,0.1584826099871038,0.20576474644362303,0.6357526435692732,0.18007503126302626,0.236348478532722,0.5835764902042518
355,Villarreal,Cádiz,2,0,7.0,4.5,1.44,2.087668383059503,0.7745516593266595,0.02772500657182932,2.1153933896313326,0.8022766658984888,2.100924612262449,0.8162476155108256,2.1206563676685715,0.7858738214169046,2.117019474037185,0.7882892271388128,0.12665613039205054,0.19153753654212388,0.6818063330658257,0.12744828196686162,0.19203094237780188,0.6805207756553364,0.1274621338077624,0.19432783238055432,0.6782100338116832,0.12816,0.1941,0.67774,0.13434982269489754,0.19504938436873334,0.6706007929363691,0.1348314606741573,0.2097378277153558,0.6554307116104868
356,Espanyol,Atlético Madrid,3,3,2.38,3.5,2.88,1.2127899785870673,1.5210700823020442,0.01526199538470281,1.2280519739717701,1.536332077686747,1.239006396729939,1.4866118720583203,1.2319537008871728,1.543304625105061,1.2298409189026756,1.5480480161183985,0.44529967001696646,0.25060605202872654,0.3040942779543069,0.4469564208429138,0.2503164750859664,0.30272710407112,0.4439612683380689,0.2528265692992985,0.3032121623626325,0.4453,0.25186,0.30284,0.4294258633192342,0.2545032656222106,0.316070871058555,0.3989803834644797,0.2713066607558462,0.3297129557796742
357,Betis,Getafe,0,1,4.2,3.2,2.0,1.6307547753035727,1.0344539703558404,0.021889524405153613,1.6526442997087263,1.056343494760994,1.609366780081412,1.0432989741126937,1.6565229068063556,1.04957530588748,1.6536819950481563,1.0528012056824918,0.24024122144533286,0.24430194288958718,0.5154568356650797,0.24146092143134487,0.24454758185687364,0.5139914967117816,0.24044358522522377,0.24680267738878328,0.5127537373859932,0.23992,0.24698,0.5131,0.24592370589277132,0.2487427513590713,0.5053335427481574,0.22662889518413595,0.29745042492917845,0.4759206798866855
358,Mallorca,Valencia,1,0,2.4,3.0,3.3,1.2096487371019151,1.363777406200237,0.019053902207806228,1.2287026393097213,1.3828313084080432,1.2037355766401132,1.3169715520493024,1.2287628235371455,1.383712692197089,1.2266555138590953,1.3879655728289744,0.405069597566999,0.2622395922646391,0.3326908101683622,0.4066400692277496,0.26203613663529796,0.33132379413695234,0.4039565204106397,0.26455715813859293,0.3314863214507673,0.40256,0.26498,0.33246,0.3927657277250089,0.2682176772041698,0.3390165950708215,0.3956834532374101,0.31654676258992803,0.2877697841726619
359,Osasuna,Athletic Club,2,0,2.45,3.25,3.0,1.2115536897232686,1.4015318314202474,0.018001876085949935,1.2295555658092185,1.4195337075061973,1.192726367963692,1.3357636545190192,1.2306978769868988,1.4220190001957596,1.2285872487214173,1.4263896163635588,0.4146420321392571,0.25944190293868535,0.3259160649220575,0.41623496583625297,0.2592178507476067,0.32454718341614053,0.4134767318691753,0.2617329000551905,0.3247903680756338,0.41296,0.26344,0.3236,0.40017906186089447,0.26742347662806554,0.3323974615110401,0.38902743142144636,0.2932668329177058,0.31770573566084787
360,Sevilla,Real Madrid,1,2,2.4,3.5,2.88,1.3371729104282917,1.46478382102568,0.0143744479260382,1.3515473583543298,1.4791582689517182,1.285524819572088,1.4354761365230533,1.3583020513142725,1.486195588270797,1.3559725838176808,1.4907634530220513,0.40380862357690334,0.24994609094093606,0.3462452854821606,0.40543614338271955,0.24976987582559243,0.344793980791688,0.402849927973676,0.25212095836338505,0.345029113662939,0.40076,0.2536,0.34564,0.4063110657331211,0.25618793422703506,0.33750100003984407,0.3969754253308129,0.27221172022684315,0.3308128544423441
361,Valencia,Espanyol,2,2,3.4,3.75,2.0,1.5032994574619565,1.1422186735193591,0.020097765183427936,1.5233972226453845,1.1623164387027871,1.4868217176749476,1.1964292841988882,1.5270536225237945,1.1589152809158672,1.5244347486321002,1.1624772402590147,0.28851335411193735,0.25387561137810327,0.45761103450995955,0.2898711464728581,0.2539932637233136,0.4561355898038283,0.28837002594518674,0.25626846750246024,0.45536150655235275,0.29118,0.25372,0.4551,0.30516593770636796,0.2559374054202492,0.43889665687338275,0.27726432532347506,0.2513863216266174,0.47134935304990755
362,Athletic Club,Elche,0,1,11.0,5.0,1.3,2.114820667325219,0.8247699106995136,0.024017523532044237,2.138838190857263,0.8487874342315578,2.139353525423606,0.8235049374482123,2.148237694756762,0.8368261480126127,2.1445534995661215,0.8393981571711665,0.1338763480616478,0.1913565132449515,0.6747671386934007,0.13471472824464145,0.19184188512831438,0.6734433866270441,0.1346948310057212,0.19406957682931117,0.6712355921649676,0.13458,0.19334,0.67208,0.1321536667503691,0.1915745851953894,0.6762717480542415,0.08575197889182058,0.18865435356200527,0.725593667546174
363,Girona,Betis,1,2,3.6,3.6,1.95,1.4568092356288214,1.1685753686414921,0.02005591751865347,1.4768651531474748,1.1886312861601456,1.45433746116078,1.227499938864848,1.4798287922946383,1.1856572502424287,1.477290908273308,1.18930140179502,0.3036591676439528,0.25682940802601995,0.4395114243300272,0.3050511437319047,0.25690444753679886,0.4380444087312966,0.3033910283648857,0.25920549818947664,0.4374034734456377,0.30102,0.261,0.43798,0.3190595422463875,0.25725075055872754,0.42368970719488486,0.25999999999999995,0.25999999999999995,0.48
364,Rayo Vallecano,Villarreal,2,1,2.2,3.6,3.0,1.1771155660386423,1.5584604514611142,0.015152716279521711,1.192268282318164,1.573613167740636,1.195851880319256,1.5395228530191425,1.1957155843608391,1.5812415553813084,1.1936649501986942,1.5861015466375392,0.46288052433322086,0.24866883692742422,0.28845063873935495,0.46455159797908485,0.24833577060099057,0.28711263141992494,0.46140044405150676,0.25089774715045327,0.2877018087980403,0.46536,0.24764,0.287,0.4524081093508112,0.2519037445619844,0.2956881460872043,0.4265402843601896,0.26066350710900477,0.3127962085308057
365,Almería,Valladolid,0,0,3.1,3.4,2.25,1.3294948411799203,1.1271372253397416,0.024470963156837,1.3539658043367573,1.1516081884965785,1.3670958578215375,1.1776333684008842,1.3505026581850357,1.143613376684301,1.3481865665298265,1.147128305186072,0.3164113021914651,0.26865083101126935,0.4149378667972655,0.3177933413653806,0.26867360996031575,0.4135330486743035,0.3159379902989617,0.27111592821484964,0.4129460814861887,0.3153,0.27036,0.41434,0.32236218006078704,0.26580309706687283,0.4118347228723397,0.3039936419630439,0.27717067355454006,0.41883568448241604
366,Atlético Madrid,Real Sociedad,2,1,3.6,3.5,2.0,1.5791941268255154,1.1391911872984124,0.018871450057002536,1.598065576882518,1.158062637355415,1.5842685746710143,1.1838981851369816,1.6041475303321138,1.1558435398162343,1.6013964415532735,1.1593960580750422,0.27470367854337274,0.24764964246640428,0.47764667899022295,0.27603977347182257,0.24781039832786056,0.4761498282003166,0.2747006535837276,0.25002920571158554,0.475270140704687,0.27508,0.248,0.47692,0.2849967801434077,0.24869500720069632,0.46630821265589584,0.2611940298507463,0.26865671641791045,0.4701492537313433
367,Cádiz,Celta Vigo,1,0,2.75,3.1,2.6,1.263686137878201,1.2342018399207615,0.02189733487009452,1.2855834727482955,1.256099174790856,1.2727956270708438,1.1961764002334467,1.2836540883464298,1.252243029446854,1.2814526409785365,1.2560918343009109,0.3586825199453726,0.26775646540970965,0.37356101464491775,0.36016101607253476,0.2676685119323231,0.3721704719951422,0.35789881570245263,0.2701446195615676,0.37195656473597993,0.36084,0.26846,0.3707,0.3457507615116053,0.271790861877663,0.3824583766107319,0.3395828944596587,0.30124289024647144,0.3591742152938698
368,Barcelona,Mallorca,3,0,9.5,5.0,1.33,2.2814340696818927,0.7178416904088173,0.028542209000413075,2.309976278682306,0.7463838994092303,2.3510032073518876,0.7636350183614588,2.3174838142620047,0.7283348833109017,2.3135093645334064,0.7305734414568424,0.10023319087956602,0.16877293611781236,0.7309938730026216,0.10090396237867978,0.16929671882421618,0.729799318797104,0.10110777521587067,0.17157044461620824,0.7273217801679212,0.1008,0.17284,0.72636,0.10368935136427727,0.16786588029172578,0.728444768343997,0.09957325746799431,0.1891891891891892,0.7112375533428165
369,Getafe,Osasuna,2,1,3.5,3.1,2.2,1.330971067469521,1.0821792649515736,0.0265056348817358,1.3574767023512568,1.1086848998333094,1.3487187403571939,1.1142469116839477,1.352002210847022,1.0979982344172585,1.3496835474816529,1.1013729634714402,0.3038327795392633,0.2705522203696519,0.425615000091085,0.3051750044558153,0.2706045458286156,0.4242204497155694,0.3034278789374159,0.27306835678395225,0.423503764278632,0.30676,0.27072,0.42252,0.3088350259956656,0.2701204321680226,0.4210445418363118,0.26882144264879776,0.303508080409933,0.4276704769412692
370,Villarreal,Atlético Madrid,2,2,2.5,3.5,2.7,1.3753195501486764,1.3168272151267053,0.017106002259673868,1.3924255524083502,1.3339332173863792,1.3788454506383172,1.3706354517526402,1.397051459546263,1.3360761974185666,1.394655537399985,1.3401826659179645,0.3579141553238803,0.25622423577159636,0.38586160890452326,0.35943987913871456,0.2561592087194496,0.3844009121418358,0.35726166981487206,0.25848806160966153,0.3842502685754662,0.35946,0.25606,0.38448,0.37038537004885,0.2554756023298636,0.37413902762128637,0.3787575150300601,0.2705410821643286,0.3507014028056112
371,Real Sociedad,Sevilla,2,1,4.6,3.9,1.73,1.834722961358243,1.120742619799071,0.015838205610776642,1.8505611669690196,1.1365808254098477,1.819202816488868,1.0718354775287977,1.8637140661248401,1.1371252967322563,1.860517824658682,1.140620283934275,0.23043786602822142,0.2260765107314632,0.5434856232403155,0.2316827524502655,0.22636681569487802,0.5419504318548567,0.2308406689995346,0.22844305731271677,0.5407162736877487,0.22986,0.22982,0.54032,0.22183527557925198,0.22948571757920921,0.5486790068415388,0.20667789860621844,0.24377393168938585,0.5495481697043958
372,Real Madrid,Athletic Club,1,1,3.75,3.75,1.91,1.7539564564000236,1.0897084152211078,0.017831869893902112,1.7717883262939258,1.10754028511501,1.8080996718567484,1.0853471032521027,1.7816713411289415,1.10563744353016,1.7786158016966387,1.109035651912574,0.23501153275864695,0.23297052437177782,0.5320179428695753,0.23625012641900986,0.23324239208682856,0.5305074814941615,0.2353359550169368,0.2353831186916276,0.5292809262914357,0.23618,0.23682,0.527,0.22650684873670227,0.2305674904548008,0.5429256608084971,0.2523117569352708,0.2523117569352708,0.4953764861294584
373,Osasuna,Girona,2,1,3.4,3.6,2.05,1.4321450806701683,1.1225052878116675,0.022256544500309138,1.4544016251704774,1.1447618323119766,1.430463526241399,1.16602136821057,1.4547749103224548,1.138913730893191,1.452279993330189,1.1424142148988794,0.29604965615434525,0.26037002519248476,0.4435803186531698,0.2974061052510072,0.26045866510549404,0.44213522964349883,0.2957961276005894,0.26280482540194444,0.4413990469974659,0.2952,0.263,0.4418,0.30750568162629033,0.26137537489729706,0.43111894347641266,0.2775479503572772,0.2621286197818729,0.46032342986085
374,Mallorca,Rayo Vallecano,3,0,2.38,3.3,3.0,1.244559939906089,1.3662774732465834,0.018250141443072247,1.2628100813491612,1.3845276146896557,1.2261339797756179,1.331281150498692,1.2642256705728139,1.3862493044680106,1.262057542647875,1.390509981450438,0.39813035224652443,0.26040093456647556,0.3414687131869998,0.3997011206119368,0.2602199599041199,0.3400789194839431,0.3970994544655522,0.26269446043911665,0.34020608509533135,0.39612,0.26406,0.33982,0.3917852690924428,0.2660303904448735,0.34218434046268387,0.39768618944323936,0.28681610026512416,0.31549771029163654
375,Valladolid,Getafe,0,0,3.4,3.3,2.2,1.302095724210192,1.1082037651917962,0.026055568065323706,1.3281512922755156,1.1342593332571198,1.3326125907756519,1.128298751798959,1.3226705981021991,1.1244031529375138,1.3204022380095413,1.1278590382658227,0.3164908439611563,0.2718044147226101,0.41170474131623347,0.3178617925813443,0.2718216717668443,0.4103165356518117,0.31598513273757356,0.2743018845840533,0.40971298267837286,0.31714,0.2708,0.41206,0.31566214988281405,0.2708066683173315,0.4135311817998547,0.2796610169491525,0.288135593220339,0.43220338983050843
376,Betis,Valencia,1,1,2.5,3.6,2.63,1.4358091624524494,1.258454557168163,0.0176449868727676,1.4534541493252169,1.2760995440409304,1.4506093252469099,1.291216300588127,1.4584968895535937,1.2768502655859233,1.4559955894231789,1.2807747014857673,0.3309247259050376,0.2550247884361148,0.4140504856588475,0.33239638900128515,0.2550327940116069,0.41257081698710807,0.3304873477973715,0.2573169289864688,0.4121957232161596,0.32762,0.26004,0.41234,0.3360773613200464,0.2549563889622581,0.40896624971769535,0.37806972008145995,0.26254841672323603,0.35938186319530413
377,Elche,Cádiz,1,1,2.63,3.4,2.63,1.3015674780469122,1.3106928274070433,0.018637265844552536,1.3202047438914648,1.329330093251596,1.3351424541551276,1.2893270467138842,1.3221340049349386,1.3298521390730011,1.3198665650914558,1.3339394777506242,0.371350751564472,0.26088375152297744,0.36776549691255067,0.37288043769109575,0.26077431938776385,0.36634524292114035,0.3705399425534128,0.263187150046651,0.366272907399936,0.37058,0.26478,0.36464,0.35811400384018166,0.2623940664388249,0.37949192972099344,0.3605514316012725,0.2788971367974549,0.3605514316012725
378,Celta Vigo,Barcelona,2,1,2.5,3.8,2.6,1.263973094028025,1.538271442228624,0.014091622747532366,1.2780647167755572,1.5523630649761564,1.3540505040228774,1.5702199231481235,1.2839455787916096,1.5607574293128794,1.2817436315220068,1.5655544620203388,0.43822772559793116,0.24782811685021017,0.31394415755185834,0.4398956335560316,0.24756327157141328,0.3125410948725551,0.43698886115831587,0.25000430770696186,0.31300683113472205,0.43528,0.25438,0.31034,0.4254982715193059,0.24499471811312723,0.3295070103675668,0.38176197836166925,0.2511591962905719,0.3670788253477588
379,Espanyol,Almería,3,3,2.38,3.8,2.75,1.3540249628535337,1.4447144319680831,0.014522297146991664,1.3685472600005253,1.4592367291150747,1.3723005195468156,1.3591028189347385,1.3754203889649583,1.4658328309488289,1.373061563777922,1.4703381101816337,0.39516513900657335,0.25039730335844734,0.3544375576349792,0.39677960285922687,0.25024346105988327,0.35297693608088987,0.39427483282195214,0.25257632776191424,0.35314883941613373,0.39368,0.25192,0.3544,0.36874974387161225,0.2564488982971104,0.37480135783127766,0.40132109528015675,0.251353738622835,0.34732516609700836
380,Sampdoria,Atalanta,0,2,1.75,3.9,4.33,1.015873370241238,1.8071285640080135,0.013822391753158714,1.0296957619943967,1.8209509557611723,1.0461766734725644,1.7969791801825865,1.0319255437445647,1.8335446232511088,1.0301558070275143,1.8391800752202172,0.5614772675516906,0.22778304064432922,0.21073969180398033,0.5631838058752667,0.22723793546447882,0.20957825866025437,0.559290480446217,0.23007117874709918,0.2106383408066841,0.56312,0.22778,0.2091,0.5496704876260258,0.23130550514585826,0.21902400722811532,0.539701816903434,0.2421738922002589,0.21812429089630705
381,Milan,Udinese,4,2,7.0,4.75,1.44,2.19541806875561,0.8756540346361547,0.020230847070288036,2.215648915825898,0.8958848817064426,2.2140263117478476,0.8107316138355213,2.230108644160333,0.8884540806960217,2.226284041528383,0.8911847697859021,0.13596286582777992,0.18607382909452608,0.6779633050776941,0.1368298257690589,0.1865598497501763,0.6766103244807647,0.1368210832884799,0.18870148254229174,0.6744774341692283,0.13476,0.18996,0.67528,0.12304511513207537,0.1836174159934776,0.6933374688744471,0.13633645604943193,0.20091688259916285,0.6627466613514053
382,Monza,Torino,1,2,2.75,3.3,2.6,1.2311574985646585,1.2253229184017207,0.023033527635912623,1.254191026200571,1.2483564460376333,1.278513241453798,1.205393362566509,1.2506114525276297,1.2432343185362154,1.248466672780953,1.2470554348589995,0.3630222471965803,0.2704355852150383,0.3665421675883812,0.3644979292219065,0.2703309789731427,0.365171091804951,0.3621742041955058,0.27284944370690956,0.3649763520975845,0.35916,0.27684,0.364,0.3471042051852172,0.2708509223084345,0.38204487250634855,0.3458980044345898,0.28824833702882485,0.3658536585365853
383,Lecce,Inter,1,2,1.28,5.75,10.0,0.8049904980895212,2.3007555343101562,0.01177279871828582,0.816763296807807,2.312528333028442,0.8085059338243207,2.417945544469466,0.8177104369346488,2.3343872834334283,0.8163080758893866,2.3415620896782636,0.7131384118193347,0.17266970590059325,0.11419188228007227,0.7146979103548576,0.17192982265584897,0.11337226698929359,0.7102402093046368,0.17504978867115248,0.11471000202421078,0.70844,0.1763,0.11526,0.7293279004635963,0.16456216955047628,0.1061099299859275,0.7404069018799897,0.16482101467937163,0.09477208344063869
384,Fiorentina,Cremonese,3,2,8.5,5.0,1.36,2.0695148542384216,0.8399055547523034,0.023865404141868336,2.09338025838029,0.8637709588941718,2.0823963035855573,0.8466267858345647,2.1022159885343803,0.8521830403362474,2.098610719874609,0.8548022493436552,0.14126284285808424,0.19659812800392712,0.6621390291379887,0.14213260872396064,0.19707129553877947,0.66079609573726,0.14205235427809412,0.1993012905528386,0.6586463551690673,0.1455,0.2,0.6545,0.14211547113254294,0.1983125817068591,0.6595719471605979,0.11173184357541902,0.18994413407821234,0.6983240223463688
385,Lazio,Bologna,2,1,5.75,4.33,1.57,1.964068684894468,0.92126783241257,0.021327395789891655,1.9853960806843596,0.9425952282024617,1.992790928063181,0.9152102318483322,1.9951036270692883,0.9347346471840621,1.9916820544911618,0.9376075809219533,0.1693824724718311,0.21026658668699996,0.6203509408411689,0.17037608895187295,0.21068848975587282,0.6189354212922544,0.17006728659052728,0.2128765885955369,0.6170561248139359,0.17092,0.21198,0.6171,0.1655413699316031,0.20985680979139434,0.6246018202770026,0.16693473728669966,0.22168007838303075,0.6113851843302694
386,Spezia,Empoli,1,0,2.9,3.3,2.45,1.2063473619773093,1.148442644604502,0.026971021800497517,1.2333183837778068,1.1754136664049994,1.2743838925321815,1.157447929586032,1.2254092822195357,1.1652302321294783,1.2233077238141794,1.1688116006562368,0.34682915136479836,0.2771043160518276,0.37606653258337397,0.34824925006953206,0.27703137414424384,0.3747193757862244,0.34603955625033905,0.27960534716308993,0.37435509658657107,0.3463,0.28018,0.37352,0.3348674369268311,0.2738939622193213,0.3912386008538479,0.32653473344103395,0.28695476575121165,0.3865105008077544
387,Salernitana,Roma,0,1,1.44,4.75,6.5,0.8580200350967743,2.0126068984521948,0.01408314790791355,0.8721031830046878,2.0266900463601085,0.8879986012140068,2.085499843902292,0.8715779123639312,2.0420265778936293,0.8700831694121449,2.048302805127716,0.645395055031813,0.20338727297974055,0.15121767198844627,0.6470332228860237,0.20270305421932938,0.15026372289464696,0.6426895503853373,0.20579955011572737,0.15151089949893515,0.6438,0.20616,0.15004,0.6501805090017904,0.19978111923331093,0.15003837176489865,0.6558682952734998,0.19883165161975572,0.14530005310674457
388,Hellas Verona,Napoli,2,5,2.05,3.5,3.5,1.0607026577153416,1.5529503045180884,0.017629985995766595,1.078332643711108,1.5705802905138548,1.0922693945991668,1.5719639280125075,1.0774631946049376,1.5756508627754093,1.0756153615046506,1.5804936708776252,0.488781984300088,0.25141432351715337,0.25980369218275856,0.49043474511394974,0.2510056263572385,0.258559628528812,0.4870121924202172,0.2537483755161321,0.2592394320636504,0.48552,0.25324,0.26124,0.4843714661254587,0.251503729537975,0.26412480433656627,0.4605263157894737,0.2697368421052631,0.2697368421052631
389,Juventus,Sassuolo,3,0,7.0,4.75,1.44,2.181957703614714,0.8586031968167186,0.021222483185970458,2.203180186800685,0.879825680002689,2.185758468677269,0.8191496298590218,2.2164355870412935,0.8711539988820225,2.212634433495728,0.8738315156744371,0.13401195081455994,0.18650512307756162,0.6794829261078785,0.13486500358498735,0.186993103774066,0.6781418926409466,0.13486441647187708,0.18915736762655658,0.6759782159015664,0.13466,0.1912,0.67414,0.12709946204223416,0.18680438513427144,0.6860961528234943,0.13633645604943193,0.20091688259916285,0.6627466613514053
390,Torino,Lazio,0,0,2.3,3.5,3.0,1.1471783453611164,1.4829189880878326,0.017344214477958527,1.164522559839075,1.5002632025657912,1.1828437528758484,1.457120447258135,1.165305315098125,1.5045958497247036,1.163306834088323,1.5092202682070903,0.4504398134467143,0.25550880496717904,0.29405138158610655,0.4520736775613133,0.25519518144398345,0.29273114099470343,0.44899183000869686,0.2577997407260081,0.2932084292652949,0.4469,0.26036,0.29274,0.4342874126064947,0.25868309244708243,0.3070294949464233,0.41257367387033406,0.27111984282907664,0.3163064833005894
391,Udinese,Salernitana,0,0,4.5,3.8,1.75,1.7457007691038284,1.0012164167728592,0.021261877298646474,1.7669626464024748,1.0224782940715056,1.7704206057464489,0.9589320452253881,1.773285202805335,1.0158518957904517,1.7702440454735582,1.0189741457176467,0.2152688971708073,0.23327601094678674,0.5514550918824057,0.21641934398125717,0.23358925853835844,0.5499913974803845,0.21566532167846122,0.2358048948320502,0.5485297834894887,0.21694,0.23628,0.54678,0.20238753076771962,0.2329602849565674,0.564652184275713,0.2102766798418972,0.24901185770750986,0.5407114624505929
392,Inter,Spezia,3,0,15.0,8.0,1.16,2.769142266133084,0.645798582956932,0.026960730244444505,2.7961029963775283,0.6727593132013765,2.765418065316926,0.6889191602216396,2.812898459979181,0.655238671485366,2.8080743816179696,0.6572525663285199,0.06054961232271034,0.12120569459822268,0.818244693079067,0.061016947113913575,0.12172250528704531,0.8172605475990411,0.06142363431696383,0.12381247364380485,0.8147638920392314,0.06146,0.12216,0.81638,0.06702010329755409,0.1273603590121803,0.8056195376902657,0.06326697572947915,0.11862557949277339,0.8181074447777476
393,Sassuolo,Lecce,1,0,4.2,4.0,1.75,1.7782717914714108,1.025058987566456,0.019771157189159984,1.7980429486605707,1.0448301447556159,1.7785247264062036,1.0027628879299924,1.8063708913877636,1.0400429900787989,1.803272992599931,1.0432395920278719,0.2163066007394954,0.23038676946334877,0.5533066297971561,0.21747163515366108,0.23070128499214096,0.5518270798541979,0.21672376979899677,0.2328793830262969,0.5503968471747063,0.21828,0.2325,0.54922,0.21149901658983203,0.2326580618176517,0.5558429215925162,0.2247191011235955,0.23595505617977527,0.5393258426966292
394,Empoli,Fiorentina,0,0,1.9,3.8,3.75,1.09899591542733,1.514444255799263,0.017648665581386135,1.1166445810087162,1.5320929213806491,1.1403018376615361,1.5949105488354,1.1163615375911413,1.536581944272755,1.1144469944203146,1.5413046729338085,0.46980772692573064,0.2541137601875238,0.27607851288674545,0.4714509625737785,0.2537504748960006,0.27479856253022084,0.4681906196991416,0.25642981302947976,0.2753795672713787,0.4721,0.251,0.2769,0.47893293663651115,0.24869380005818265,0.27237326330530653,0.4983388704318937,0.24916943521594684,0.25249169435215946
395,Napoli,Monza,4,0,8.0,5.5,1.33,2.210429703773478,0.7671478842316118,0.026110728702213416,2.2365404324756915,0.7932586129338253,2.214455345770482,0.7899198925405575,2.245357483318928,0.7783618201749029,2.2415067291582025,0.7807541375456172,0.11453058316524493,0.17877528853343727,0.7066941283013178,0.11527581636415798,0.17928609852015367,0.7054380851156883,0.11539292757782145,0.18153702253280543,0.7030700498893732,0.1157,0.18272,0.70158,0.1191990837447066,0.18243300551583072,0.6983679107394627,0.11806956662093454,0.17173755144863206,0.7101928819304333
396,Bologna,Hellas Verona,1,1,3.3,3.5,2.15,1.3293026917804347,1.1157193173903632,0.02497938551507262,1.3542820772955073,1.1406987029054358,1.384612426921174,1.1789005911355412,1.3503074725651023,1.1320285652069557,1.3479917156502823,1.135507887458503,0.3133326320677958,0.26919336082930956,0.4174740071028946,0.31470482722967763,0.26922326451164047,0.4160719082586819,0.3128755673777899,0.2716712895747434,0.4154531430474665,0.3121,0.27246,0.41544,0.3193892929609331,0.26441172353912834,0.41619898349993845,0.28754298815437523,0.2711119602598395,0.44134505158578524
397,Atalanta,Milan,1,1,2.5,3.5,2.75,1.298803871832562,1.3866140377099645,0.016701379653842757,1.3155052514864047,1.4033154173638072,1.3300994289894128,1.3705215862386968,1.3193267300038496,1.4068831426851054,1.3170641045944609,1.4112072383608856,0.39185746374452785,0.2564540235480364,0.3516885127074356,0.3934383361673521,0.2562976088391288,0.3502640549935194,0.39092579624365936,0.25870168486995465,0.35037251888638565,0.38852,0.25776,0.35372,0.38027110744181575,0.25808436532503953,0.3616445272331449,0.38118811881188125,0.2722772277227723,0.34653465346534656
398,Roma,Cremonese,1,0,11.0,6.5,1.25,2.348671107622794,0.6947576500243331,0.029268074657377546,2.377939182280172,0.7240257246817107,2.3514612130529797,0.7572486178183826,2.385783288359315,0.7049134073999633,2.3816917060645175,0.7070799789681749,0.09155830153183102,0.16077627249281684,0.7476654259753521,0.0921850804903652,0.1613052064239187,0.7465097130857161,0.09244032034657772,0.16357177400754866,0.7439879056458736,0.09162,0.16092,0.74746,0.10258453606375538,0.16742040862021046,0.7299950553160341,0.08701472556894244,0.14725568942436412,0.7657295850066934
399,Sampdoria,Juventus,0,0,1.6,4.0,5.75,0.9115827565417489,1.8572946168025097,0.015205636695850788,0.9267883932375998,1.8725002534983606,0.9439818699400448,1.92880928287172,0.9259869972663326,1.8844439882454147,0.9243989435559585,1.8902358808721684,0.5986311997318924,0.22092146734127036,0.18044733292683757,0.6002990965492966,0.22030143399648142,0.17939946945422192,0.5961512501959839,0.2233145300904261,0.18053421971358974,0.59606,0.22304,0.1809,0.6039433932006546,0.21699077472487008,0.17906583207447513,0.5958549222797929,0.2383419689119171,0.16580310880829016
400,Monza,Udinese,1,2,2.3,3.4,3.1,1.1736593724487596,1.3800133196214155,0.01940374437874651,1.193063116827506,1.399417064000162,1.2112855483893503,1.3809342865011807,1.1922047782367655,1.4001859372942431,1.1901601650540816,1.404489448917239,0.41736841385211304,0.2626611592119561,0.31997042693593114,0.41894903014624646,0.26242324765898223,0.3186277221947714,0.4161401800788445,0.26499277058831766,0.31886704933283794,0.4178,0.26426,0.31794,0.40812859156433595,0.2632409697589139,0.32863043867675,0.41349548842683415,0.2797175362887407,0.3067869752844253
401,Lazio,Inter,3,1,1.83,3.8,4.0,1.1292374643222376,1.7364785066707003,0.01292823202001241,1.14216569634225,1.7494067386907126,1.155815330723101,1.7050516027421962,1.1470809438687608,1.7618618247257467,1.145113717380281,1.7672769575583702,0.5177086008186205,0.23464846250027457,0.2476429366811047,0.5194345439924688,0.23419985907900148,0.24636559692852966,0.515875081581632,0.2368466907176044,0.24727822770076335,0.51604,0.23742,0.24654,0.5022226327273247,0.23932695035307855,0.2584504169195967,0.5157087602632829,0.2483544819162652,0.23593675782045195
402,Juventus,Roma,1,1,3.1,3.3,2.3,1.3818277540339006,1.2337334223272867,0.019360725516343744,1.4011884795502443,1.2530941478436304,1.3778177517850425,1.2219631902293266,1.403662501857044,1.2517677646665513,1.4012552418730835,1.2556151087806795,0.3348719531535766,0.25980573104934873,0.4053223157970749,0.3363330501710744,0.25979524397436593,0.40387170585455967,0.33435613402775644,0.26214079285189673,0.40350307312034694,0.33348,0.26428,0.40224,0.33203626868637554,0.2629720519129972,0.4049916794006275,0.30420841683366734,0.28577154308617236,0.41002004008016035
403,Cremonese,Torino,1,2,2.25,3.4,3.2,1.138175518053368,1.4072271233816256,0.019471695231883256,1.157647213285251,1.4266988186135088,1.1977066251552755,1.4031891659597626,1.1561602309400663,1.4277975442139392,1.1541774336114303,1.432185920902455,0.43263435658697574,0.2619541959957751,0.30541144741724924,0.4342294598795379,0.2616758974945604,0.30409464262590147,0.43127417176441585,0.2642955706049832,0.30443025763060116,0.42956,0.26414,0.3063,0.4169457548149934,0.2622034045044414,0.3208508406805649,0.42285270112708895,0.27982899339292655,0.29731830547998445
404,Milan,Bologna,2,0,8.5,5.5,1.33,2.282539048925762,0.7354509422926366,0.02717352884514707,2.309712577770909,0.7626244711377838,2.2672618748325886,0.7794085316025434,2.3186062536727214,0.7462015419173273,2.3146298789774917,0.7484950137507498,0.10317462761025085,0.1698082577503543,0.7270171146393949,0.10386373288980139,0.17033008660675772,0.7258061805034408,0.10405502417700678,0.17258375373071358,0.7233612220922796,0.10406,0.17068,0.72526,0.11293115767061224,0.17672836239881431,0.7103404799305735,0.11190148386109836,0.17293865687624294,0.7151598592626587
405,Spezia,Sassuolo,2,2,2.25,3.6,3.0,1.1687872804452337,1.4700444723834165,0.017198683175862508,1.1859859636210963,1.487243155559279,1.204751949390819,1.4577408498555242,1.1872557005887137,1.4915331382403372,1.1852195749994248,1.4961174081044557,0.4421537738932331,0.2558710833900433,0.30197514271672365,0.44378276081040374,0.25557926040518364,0.3006379787844128,0.44077948777301446,0.2581519384223824,0.30106857380460317,0.44154,0.2584,0.30006,0.42957608349280907,0.2578492292359142,0.3125746872712767,0.42105263157894735,0.2631578947368421,0.3157894736842105
406,Salernitana,Sampdoria,4,0,3.0,3.2,2.45,1.2154011444145396,1.1180967278448561,0.028161538662891165,1.2435626830774307,1.1462582665077472,1.2731020254382441,1.1356163512194972,1.234606126667053,1.1344407279290303,1.2324887958124164,1.1379274640318628,0.3364234893551759,0.2783129952125311,0.385263515432293,0.3378178293579362,0.27826597718012336,0.3839161934619405,0.33570269446216316,0.2808406347582251,0.3834566707796119,0.33832,0.28,0.38168,0.32912578048655616,0.27521352541703253,0.39566069409641147,0.3162565550625252,0.2964905203711174,0.3872529245663574
407,Hellas Verona,Atalanta,0,1,1.75,4.0,4.2,1.0270435169172145,1.865387748778024,0.012777335628935679,1.03982085254615,1.8781650844069595,1.0538384039492619,1.8212355364526587,1.0432721938487763,1.8926554231784414,1.041482997798224,1.8984725538858918,0.5720728033634721,0.22250227368920505,0.20542492294732295,0.57379176207667,0.22194301597757649,0.20426522194575392,0.5698529768890799,0.2247616981878683,0.20538532492305173,0.56756,0.22768,0.20476,0.5534252430886603,0.22914884070489414,0.2174259162064457,0.5393258426966292,0.23595505617977527,0.2247191011235955
408,Lecce,Empoli,1,1,3.0,3.5,2.3,1.2938589520277197,1.152872267718461,0.024288312661046287,1.318147264688766,1.1771605803795073,1.3686977423666509,1.2074315798198898,1.3143036737767004,1.1697246061355064,1.3120496628328522,1.1733197882496305,0.33038225176483516,0.27019615003749015,0.399421598197675,0.33179245066372426,0.27017952051110844,0.39802802882516697,0.3297916492312279,0.27264862185984673,0.39755972890892555,0.32968,0.2765,0.39382,0.3299548507586706,0.26430605003812846,0.40573909920320106,0.3163064833005893,0.2711198428290766,0.41257367387033395
409,Fiorentina,Napoli,0,0,2.15,3.6,3.25,1.191803462642348,1.4984485364431954,0.016111416945225138,1.2079148795875732,1.5145599533884206,1.1979584597150754,1.5123842064000332,1.210635569600381,1.52035240432497,1.2085593478889634,1.525025251029677,0.4442598041415103,0.25294543865882185,0.302794757199668,0.44590421935794144,0.2526538941035173,0.3014418865385413,0.44290208168371376,0.2551933389993796,0.3019045793169066,0.44486,0.2517,0.30344,0.44507172183443094,0.2539329939274707,0.3009952842380986,0.4427206508371961,0.2644026109166588,0.29287673824614513
410,Sassuolo,Milan,0,0,1.57,4.33,5.25,0.9682428355405762,1.8893643140175365,0.01351563587303356,0.9817584714136098,1.90287994989057,0.9807938110216069,1.9288600326894019,0.9835423821619819,1.916982470603022,0.9818556218360663,1.9228743711882124,0.5917721928287607,0.21909812020731853,0.1891296869639204,0.5934685528918076,0.21849888189272357,0.18803256521546896,0.5893948833507915,0.22141511997522828,0.18918999667398007,0.5927,0.2216,0.1857,0.5950309205766946,0.21790437217206915,0.18706470725123614,0.6018171661844011,0.2182108431661685,0.17997199064943042
411,Inter,Cremonese,3,1,21.0,8.0,1.14,2.9143384685782623,0.6378182679250539,0.025749498998170348,2.9400879675764324,0.6635677669232243,2.9076292878579593,0.6461531542536162,2.96038895884156,0.6471417026199647,2.955311936503106,0.6491307111971628,0.05322939491989254,0.10993800379631166,0.8368326012837959,0.053655801116002065,0.11044154839131982,0.8359026504926781,0.0540831608983565,0.11245474898851164,0.8334620901131318,0.05252,0.11456,0.83292,0.05530578315938077,0.11357137467705923,0.83112284216356,0.045359594150999695,0.1190689346463742,0.8355714712026261
412,Roma,Monza,3,0,10.0,5.5,1.3,2.202062674745722,0.7516057474577343,0.027345122326458755,2.229407797072181,0.7789508697841931,2.2128033240031275,0.7856763454014896,2.236858243913781,0.7625924931424239,2.2330220658202276,0.7649363430343816,0.11240532491678393,0.17867873247012098,0.7089159426130951,0.11313641220674217,0.17919133527227674,0.7076722525209812,0.11326188226849086,0.1814635824835925,0.7052745352479167,0.1126,0.18092,0.70648,0.11856520448847173,0.1823568324030119,0.6990779631085164,0.09514304723885564,0.17298735861610115,0.7318695941450433
413,Sampdoria,Lazio,1,1,1.85,3.6,4.2,0.9971722350924981,1.6784091543536683,0.01644183407292616,1.0136140691654243,1.6948509884265945,1.0344410657440113,1.6853806453866753,1.0129289053619468,1.7029436321648237,1.0111917475927188,1.7081776782433682,0.5355179617407103,0.23997477904554515,0.22450725921374437,0.5371933687018473,0.23946795504190033,0.22333867625625237,0.5334265444288041,0.24232533780445883,0.2242481177667367,0.5352,0.24388,0.22092,0.5260979302976417,0.24165362488807834,0.23224844481427964,0.5116751269035532,0.2629441624365482,0.22538071065989848
414,Udinese,Fiorentina,1,0,2.5,3.5,2.7,1.3034359632394819,1.290403959595656,0.019189742327621093,1.322625705567103,1.309593701923277,1.3265007634651067,1.3117279233615577,1.3240320147212008,1.3092666947231455,1.3217613198196099,1.313290763447354,0.36558294917557177,0.26195402810037904,0.3724630227240493,0.36709801981524826,0.2618581312787297,0.37104384890602193,0.3648071264509875,0.2642731060331163,0.37091976751589584,0.36544,0.2626,0.37196,0.36572664426906715,0.26166876934435407,0.372604586386579,0.3787575150300601,0.2705410821643286,0.3507014028056112
415,Empoli,Hellas Verona,1,1,2.7,3.3,2.62,1.223579885110157,1.2752610458623552,0.021447654005839152,1.2450275391159962,1.2967086998681945,1.2662447673500399,1.2176842746904586,1.2429141025297006,1.293902426453007,1.2407825236219776,1.2978792726581785,0.3782560203979062,0.26763414144143105,0.35410983816066255,0.37976809766744885,0.2674933962032275,0.3527385061293239,0.3773126541056338,0.2700096247309563,0.3526777211634098,0.37522,0.27306,0.35172,0.352909157755528,0.27097389120223625,0.37611695104223586,0.3510353227771011,0.28721071863581,0.36175395858708886
416,Juventus,Spezia,2,0,12.0,5.75,1.28,2.3268490536162196,0.7449371299044656,0.025789365168958512,2.3526384187851783,0.7707264950734241,2.3261035340964087,0.7561491533201897,2.3636164163789912,0.7558263957529857,2.35956284993474,0.7581494498506263,0.10144864091589571,0.16620103019245835,0.7323503288916459,0.10213434949207255,0.16672467571929356,0.7311409747886338,0.10234457818422799,0.16894783681716877,0.7287075849986033,0.10438,0.17174,0.72388,0.10429910358700303,0.1697258008945765,0.7259750955184205,0.08024422154382904,0.16746620148277364,0.7522895769733973
417,Napoli,Lecce,1,1,11.0,6.25,1.25,2.308736763941627,0.7338440113467095,0.026864352228923496,2.3356011161705506,0.760708363575633,2.3211677537455713,0.774321564325364,2.345217928025591,0.7445711213404396,2.341195914710899,0.7468595820294732,0.10092475758575287,0.16719549885442572,0.7318797435598214,0.10160425277061731,0.16771922300935133,0.7306765242200315,0.10181218657778383,0.16996255537961513,0.728225258042601,0.10324,0.16928,0.72748,0.1077756150897485,0.17131361245014085,0.7209107724601107,0.08650519031141868,0.1522491349480969,0.7612456747404844
418,Atalanta,Torino,3,1,5.25,3.75,1.72,1.7705141740880312,0.9743755450530446,0.022014498811221143,1.7925286728992524,0.9963900438642658,1.8024821426527515,0.9649267164791199,1.7984906931553744,0.9886186723190193,1.795406308788455,0.9916572201530715,0.20552392370061712,0.23057422672672329,0.5639018495726595,0.20663821214282344,0.2309103269860831,0.5624514608710935,0.20597412166688778,0.23313698082901,0.5608888975041024,0.20638,0.23508,0.55854,0.19954121118348692,0.2298574229501091,0.5706013658664038,0.18340797611431006,0.2567711665600341,0.5598208573256558
419,Bologna,Salernitana,1,1,4.33,3.6,1.85,1.640923337123132,1.0234051902956691,0.022172853816192477,1.6630961909393245,1.0455780441118616,1.6811153455645114,0.9666538221434936,1.6668521456584944,1.0383650180992772,1.6639935194117192,1.041556462753362,0.23595272938437653,0.24338565145477217,0.5206616191608511,0.2371582031682472,0.24364206235092137,0.5191997344808312,0.23618210480028734,0.2458995428471076,0.5179183523526052,0.23178,0.24756,0.52066,0.21647080057202317,0.2419824839814442,0.5415467154465328,0.22010344200803078,0.2647355288596593,0.5151610291323099
420,Fiorentina,Juventus,1,1,2.4,3.25,3.0,1.1293250340886427,1.4213150048180747,0.01929525852097241,1.1486202926096152,1.4406102633390472,1.1549140273815233,1.417930344714783,1.1471698973559379,1.4420913580439363,1.1452025183135714,1.4465236671790764,0.4384003933404782,0.26112680708826497,0.3004727995712567,0.440002521809655,0.26083441313957617,0.29916306505076906,0.436996335571787,0.2634668603989446,0.2995368040292684,0.43926,0.26122,0.29952,0.4303255227201588,0.26278927900397064,0.3068851982758706,0.393939393939394,0.2909090909090909,0.3151515151515151
421,Milan,Inter,3,2,2.6,3.25,2.8,1.1821342265403867,1.3132974174053225,0.021212647813125096,1.2033468743535118,1.3345100652184476,1.2494704180632845,1.3112945611861375,1.2008135464876564,1.3324948021807805,1.1987541693974846,1.336590263159233,0.3975522207405514,0.2672527060735168,0.33519507318593156,0.3990921573556514,0.26705999429541677,0.3338478483489321,0.39644704466406927,0.2696250318140931,0.33392792352183787,0.39514,0.2683,0.33656,0.38151986808055144,0.26611692901699363,0.35236320290245493,0.3664921465968586,0.2931937172774869,0.3403141361256544
422,Lazio,Napoli,1,2,2.37,3.5,2.9,1.3137263197302422,1.4464659547035905,0.015106728465548263,1.3288330481957904,1.4615726831691387,1.2926498055937645,1.4023378224171736,1.3344849727651071,1.4676099569143823,1.3321963511983956,1.4721206981947943,0.4041260025382841,0.25206240618577175,0.3438115912759444,0.40574334604793144,0.2518812759840785,0.3423753779679899,0.4031399729901662,0.254261650262063,0.3425983767477706,0.40124,0.25362,0.34514,0.3962813201407988,0.2580062533705373,0.34571242648866396,0.40090054506675094,0.2714669405166285,0.32763251441662067
423,Cremonese,Sassuolo,0,0,2.25,3.5,3.0,1.1634664613433299,1.4147210107721413,0.01868792818978586,1.1821543895331157,1.4334089389619271,1.2128796711063947,1.4238442561563998,1.1818508053471004,1.4354009749857126,1.179823949071493,1.4398127210367033,0.4288717966549223,0.2603962364503018,0.310731966894776,0.4304717080461194,0.26013141376096005,0.3093968781929204,0.42756554849330103,0.2627134097667772,0.3097210417399219,0.4227,0.268,0.3093,0.41900759830937867,0.2600468310606206,0.32094557063000073,0.417910447761194,0.26865671641791045,0.3134328358208955
424,Spezia,Bologna,2,2,2.37,3.3,3.0,1.1433775884436195,1.3887204970322335,0.01986815188725407,1.1632457403308736,1.4085886489194877,1.1737315536475605,1.3477722870520188,1.1614445010797425,1.4090203935931853,1.1594526413076525,1.4133510581709086,0.4265185725623934,0.26324251832677126,0.3102389091108352,0.4281037778209235,0.26297835912223266,0.30891786305684377,0.4251995082966152,0.2655912904588835,0.3092092012445018,0.43036,0.26348,0.30616,0.4075408583779284,0.26745548316186446,0.32500365846020707,0.3986951794128308,0.28633562885103303,0.3149691917361363
425,Hellas Verona,Sampdoria,2,1,3.6,3.6,2.05,1.3518748870212502,1.106174400040382,0.02482611424893604,1.3767010012701864,1.131000514289318,1.400389663583078,1.1651610158065087,1.3732363390259446,1.1223441231395805,1.3708812594515567,1.125793679980771,0.3064619324661453,0.2677292132636574,0.4258088542701973,0.30782118171114475,0.26777937273723773,0.42439944555161746,0.30606703548973907,0.27020945397458784,0.42372351053567303,0.3077,0.26856,0.42374,0.3128139757388206,0.26377145399003127,0.42341457027114837,0.26623376623376627,0.26623376623376627,0.4675324675324676
426,Udinese,Roma,4,0,1.85,3.75,4.2,1.0257189267678015,1.7394271443737102,0.0147211896793505,1.040440116447152,1.7541483340530606,1.0438541918563684,1.7608341732244341,1.0419266733831232,1.764853564723635,1.0401397848798413,1.770277892754918,0.5432101266249278,0.23424560177799944,0.22254427159707268,0.5449077508164499,0.23373200149828985,0.22136024768526041,0.5411205847499434,0.23654440284882836,0.2223350124012281,0.54008,0.2372,0.22272,0.5418059375279675,0.23462809906522716,0.22356596340680523,0.5171140113272592,0.2551095789214479,0.22777640975129276
427,Salernitana,Empoli,2,2,3.2,3.4,2.25,1.3094201026282721,1.1202010434167249,0.025302957330365944,1.3347230599586382,1.145504000747091,1.3604417257619958,1.1851469232061431,1.3301107116075601,1.1365758037500147,1.3278295918326468,1.1400691020695979,0.3183776339281862,0.27061515829025196,0.41100720778156197,0.31975753301287213,0.27062947450279745,0.40961299248433003,0.3178704443949966,0.2730961256812333,0.40903342992377,0.31626,0.27272,0.41102,0.3256264131330093,0.2659589412859666,0.408414645581024,0.29731830547998445,0.27982899339292655,0.42285270112708895
428,Monza,Atalanta,0,2,1.57,4.2,5.75,0.9903302396776184,1.857423068861624,0.013554040189621227,1.0038842798672396,1.8709771090512453,1.0229976034937358,1.8729309366849451,1.0059787971637952,1.8845743179779115,1.004253558725124,1.8903666111768347,0.5792049209672201,0.22262057305406183,0.198174505978718,0.5809080268418736,0.22204353637459898,0.19704843678352701,0.5769077995503787,0.22492188865051022,0.19817031179911082,0.57588,0.22414,0.19998,0.572515566825561,0.2239987173155194,0.2034857158589196,0.6072187370353144,0.2269841469393913,0.1657971160252945
429,Torino,Lecce,1,0,5.25,3.75,1.7,1.771721751651799,0.9534124344626961,0.022971508001230406,1.7946932596530294,0.9763839424639265,1.7948107487336833,0.937991097050251,1.7997173520782368,0.9673491293130125,1.7966308640097974,0.9703223045968167,0.20046133261842847,0.23016604754690634,0.5693726198346654,0.201552891364745,0.23051259202269483,0.5679345166125601,0.20092954374718847,0.2327583625507936,0.566312093702018,0.20028,0.2329,0.56682,0.19434251863285562,0.23020070507205326,0.5754567762950908,0.18220793140407288,0.255091103965702,0.5627009646302251
430,Napoli,Spezia,1,0,11.0,6.0,1.25,2.2506168791659906,0.7185228281935498,0.029030220298071504,2.279647099464062,0.7475530484916213,2.2830854094291837,0.7739874769581151,2.2861796704470625,0.7290259777619349,2.2822589068521597,0.7312666600064853,0.10267384702044094,0.1718252350081994,0.7255009179713596,0.1033545828008081,0.17234689131796166,0.7242985258812302,0.10353953212631871,0.17463447417206882,0.7218259937016125,0.10516,0.17466,0.72018,0.11070826206934725,0.17489498314948063,0.7143967547811723,0.08595988538681948,0.15759312320916904,0.7564469914040115
431,Inter,Torino,1,0,7.0,4.75,1.45,2.260787143823968,0.7532280311544752,0.026252126223480728,2.287039270047449,0.779480157377956,2.2569496028851694,0.7876858828716488,2.2965106390447696,0.7642384908919975,2.2925721579948033,0.7665873998052308,0.10795548727023695,0.17302751732740307,0.71901699540236,0.10867014706935622,0.17354533914233197,0.7177845137883119,0.1088336475982033,0.175789323105864,0.7153770292959327,0.10792,0.17944,0.71264,0.11524191817995404,0.17819842386141468,0.7065596579586313,0.1369624658215262,0.20183942331593338,0.6611981108625404
432,Sampdoria,Milan,1,2,1.5,4.5,6.0,0.8681078608562798,1.977198425963857,0.014357577178162677,0.8824654380344424,1.9915560031420199,0.9118025808248332,2.020757684783993,0.8818251394170492,2.0061005150547273,0.8803128226256832,2.012266322504643,0.6355169144230206,0.20736466021383865,0.15711842536314047,0.6371628730670291,0.2066923452551666,0.1561447816778042,0.6328531985428775,0.20977526108727387,0.1573715403698488,0.63192,0.21076,0.15732,0.6312581310445388,0.20700136458090396,0.16174050437455756,0.631578947368421,0.21052631578947367,0.15789473684210525
433,Atalanta,Cremonese,1,1,9.5,5.5,1.3,2.1436221280427787,0.7703016028100232,0.027022753104246133,2.170644881147025,0.7973243559142694,2.1780130400363755,0.8083173725719367,2.1774942575157086,0.7815616388584549,2.173759887761949,0.783963790963635,0.12082682416533048,0.18560584615980788,0.6935673296748617,0.12159652646661769,0.18610812512890101,0.6922953484044814,0.12166063710374465,0.18838503565346326,0.689954327242792,0.1215,0.19016,0.68834,0.12576607906997941,0.18699358300871155,0.687240337921309,0.09965156794425088,0.1721254355400697,0.7282229965156795
434,Bologna,Fiorentina,2,1,2.45,3.4,2.9,1.234806919276007,1.40647532771957,0.017410676288614448,1.2522175955646213,1.4238860040081844,1.2457002963321655,1.382426942823795,1.2543185390230822,1.427034759030085,1.252167401679073,1.4314207912764683,0.4108258289653803,0.25809303091649666,0.3310811401181234,0.4124213735134933,0.2578820319541272,0.32969659453237965,0.4097105177290182,0.26036543050937117,0.32992405176161055,0.4129,0.2599,0.3272,0.40108846608915893,0.26153748779016345,0.3373740461206777,0.3898003558015417,0.2808855505040522,0.329314093694406
435,Lecce,Monza,1,1,3.2,3.4,2.25,1.2520267385990698,1.1514208111154953,0.025484447508944512,1.2775111861080142,1.1769052586244397,1.33426262667274,1.1997966097259922,1.2718104547860822,1.1682519325785419,1.2696293190708097,1.1718425883882657,0.338334270769285,0.27347525680805096,0.3881904724226639,0.33975006320622103,0.2734316893622646,0.38681824743151405,0.3376493646750453,0.2759490757760522,0.3864015595489029,0.33922,0.27572,0.38506,0.3345790099990363,0.2671763504834496,0.398244639517514,0.29731830547998445,0.27982899339292655,0.42285270112708895
436,Sassuolo,Udinese,1,3,2.55,3.5,2.7,1.316074536614298,1.3404806409602879,0.017546510364138377,1.3336210469784364,1.3580271513244262,1.3413414406565733,1.321769462188,1.3368702946525526,1.360075381883033,1.3345775822948418,1.3642556125639629,0.3761851596072571,0.2583295072958976,0.3654853330968454,0.37773414005535016,0.25821180516381087,0.36405405478083896,0.3753631767450873,0.2606020467730749,0.3640347764818376,0.37556,0.26008,0.36436,0.3653441424950777,0.2602368695224261,0.3744189879824962,0.37410926365795727,0.2725653206650831,0.3533254156769596
437,Lazio,Hellas Verona,2,0,5.5,4.2,1.57,1.8972249369171994,0.8704408847546682,0.025065385277855932,1.9222903221950554,0.8955062700325241,1.9287298139382394,0.9063920924022872,1.9272036574490712,0.8831647265649566,1.9238985322930013,0.8858791586732642,0.1661029309796211,0.21538503273651585,0.618512036283863,0.16706315027497995,0.21580783508019544,0.6171290146448245,0.1667523602641553,0.21807913374428775,0.6151685059915568,0.1629,0.2195,0.6176,0.17093784026874717,0.21594269242088532,0.6131194673103675,0.1720368389470114,0.22528633671632445,0.6026768243366641
438,Juventus,Salernitana,2,2,8.5,4.5,1.4,2.143551128453861,0.7914239693327199,0.02560075277196465,2.1691518812258255,0.8170247221046845,2.166636685524174,0.8072964359355945,2.177422136037239,0.8029927657519026,2.1736878899707253,0.8054607870400414,0.12482341581409596,0.186770124893903,0.688406459292001,0.12561615406931728,0.18726785456627704,0.6871159913644056,0.12565810562770485,0.18952061171423995,0.6848212826580553,0.12816,0.18882,0.68302,0.12658976521749973,0.18805826928516464,0.6853519654973355,0.11160318866253321,0.21080602302922938,0.6775907883082374
439,Empoli,Roma,1,2,1.7,3.8,5.0,0.9402813557958742,1.7551390767941084,0.016311144313698504,0.9565925001095728,1.771450221107807,0.9964124180358243,1.8228441895546408,0.9551390732115738,1.7807951694240842,0.953501024131387,1.786268494434476,0.567995399700127,0.23187261433972453,0.20013198596014858,0.5696655830895422,0.23130163793500838,0.19903277897544958,0.5656781288532611,0.23426280425734403,0.2000590668893949,0.56256,0.2358,0.20164,0.5675977028073019,0.22833087670295282,0.20407142048974514,0.5594817432273262,0.2502944640753828,0.19022379269729095
440,Salernitana,Lecce,1,2,3.3,3.3,2.25,1.3121625392042626,1.0553758979208496,0.028424279929789742,1.3405868191340524,1.0838001778506394,1.3344971688892058,1.1196789077437113,1.3328964823913654,1.0708030638671284,1.3306105850616456,1.0740942077849118,0.2999633140604705,0.2734030648842746,0.4266336210552548,0.30128529510087,0.2734607424151013,0.4252539624840286,0.2995566757722674,0.2759588684473776,0.424484455780355,0.30138,0.2749,0.42372,0.3129708358736309,0.27105590801137536,0.4159732561149936,0.28846153846153844,0.28846153846153844,0.423076923076923
441,Bologna,Empoli,0,1,3.4,3.5,2.1,1.366296266464192,1.0848598037124155,0.025434385197623734,1.3917306516618158,1.1102941889100393,1.3988050977238395,1.167037648593288,1.3878855957730432,1.1007179564836607,1.385505392944657,1.1041010446815906,0.29799401251126034,0.26736046235037597,0.43464552513836385,0.29933106466101633,0.2674329911160452,0.43323594422293865,0.2976595874081539,0.26986063681443195,0.4324797757774138,0.30004,0.26954,0.43042,0.3136031360055927,0.2638183673203257,0.42257849667408165,0.2785145888594165,0.27055702917771884,0.4509283819628648
442,Spezia,Sampdoria,2,1,2.7,3.25,2.7,1.1994482506057202,1.254923762660805,0.02276846815789493,1.2222167187636153,1.2776922308187,1.2388204537403786,1.2252083616911147,1.2184011555552934,1.273267858991446,1.2163116159812866,1.2771812842619106,0.3778668877103681,0.2704518106570404,0.3516813016325915,0.37936683965798723,0.2703067864119662,0.35032637393004673,0.376895192032002,0.272858905037469,0.3502459029305294,0.37388,0.27492,0.3512,0.3605604049181237,0.2723504739621842,0.36708912111969216,0.3532608695652174,0.29347826086956524,0.3532608695652174
443,Torino,Sassuolo,0,1,4.5,3.75,1.8,1.7402789706808552,0.9907246386793721,0.02180841338408774,1.762087384064943,1.01253305206346,1.765993050644295,0.9593098602008218,1.7677777326327766,1.005206752055359,1.764746020529138,1.0082962838280773,0.21354380642890067,0.23371165604513994,0.5527445375259594,0.21468495959825726,0.2340279420554742,0.5512870983462685,0.2139424453702654,0.2362557237835428,0.5498018308461916,0.2148,0.23468,0.55052,0.20306561807437146,0.2334074468009716,0.5635269351246568,0.21276595744680848,0.2553191489361702,0.5319148936170213
444,Udinese,Inter,3,1,1.95,3.6,3.8,1.072487377706981,1.679140164479277,0.014850536615522752,1.0873379143225037,1.6939907010947997,1.0732383136718004,1.7039571494968397,1.0894341291145822,1.7036853279755408,1.0875657660424698,1.7089216536774248,0.5174006499998913,0.23984439280194608,0.2427549571981623,0.5190967399400872,0.23938513872875625,0.24151812133115635,0.5154984695939574,0.24211612712679523,0.2423854032792474,0.51554,0.23948,0.24498,0.5213008936551659,0.23986970659646698,0.23882939974836725,0.4866595517609392,0.26360725720384204,0.24973319103521877
445,Cremonese,Lazio,0,4,1.8,3.75,4.33,0.9854308493671363,1.7689914528282848,0.015046115052028967,1.0004769644191653,1.7840375678803138,1.0394562330403436,1.776220616784179,1.0010019898586087,1.7948500353050068,0.9992852865692755,1.8003665583486503,0.5600550373883421,0.23107324913999266,0.20887171347166555,0.5617443713072281,0.23052411285334592,0.20773151583942606,0.5578345528659369,0.23340657628291592,0.20875887085114742,0.55694,0.23446,0.2086,0.5464590170345737,0.2331759326943664,0.22036505027106013,0.5275084060230983,0.25320403489108717,0.21928755908581452
446,Monza,Juventus,1,0,1.8,3.6,4.5,0.9908513765805896,1.6874811086173949,0.016409521547513867,1.0072608981281035,1.7038906301649088,1.0300877562521085,1.6959480706944483,1.0065081687348172,1.7121481975144766,1.0047820224318995,1.7174105340885273,0.5392787347565252,0.23907101465781264,0.22165025058566212,0.5409542844337166,0.2385565108125671,0.22048920475371636,0.5371608166162253,0.24142539045522626,0.22141379292854868,0.53284,0.2437,0.22346,0.5296937909469537,0.2406600439208619,0.22964616513218405,0.5263157894736842,0.2631578947368421,0.21052631578947367
447,Fiorentina,Hellas Verona,2,0,4.5,3.8,1.75,1.76433714914668,0.9692476773304183,0.02235608812303995,1.78669323726972,0.9916037654534582,1.781339237670884,0.9537640749645296,1.792216062863792,0.9834158469756408,1.7891424393930249,0.9864384037768298,0.2051616921802561,0.23111848864520365,0.5637198191745402,0.2062725096881297,0.23145469972799065,0.5622727905838796,0.20560850834693223,0.2336893065097358,0.5607021851433318,0.2049,0.2338,0.5613,0.1997415396171947,0.23179891742437583,0.5684595429584294,0.2102766798418972,0.24901185770750986,0.5407114624505929
448,Roma,Atalanta,0,1,3.5,3.5,2.05,1.5421907157144383,1.1441816682161106,0.019332203676404758,1.561522919390843,1.1635138718925153,1.5526661866079854,1.1739111355988774,1.566559415267995,1.160906970075888,1.5638727895386033,1.1644750509327726,0.2822576259722476,0.25062041567517207,0.4671219583525804,0.2836077420631783,0.2507584281389753,0.4656338297978463,0.28218301473158625,0.25300194137115417,0.4648150438972597,0.28268,0.25298,0.46434,0.28789074218363037,0.2514368599001922,0.46067239791617753,0.26973684210526316,0.26973684210526316,0.46052631578947373
449,Milan,Napoli,1,2,3.3,3.5,2.15,1.4868811173169545,1.1166390433132107,0.021351634073259813,1.5082327513902143,1.1379906773864705,1.4991763593000726,1.1879763102587675,1.510375850394094,1.1329617354054067,1.5077855786296321,1.1364439257823138,0.2847753463010642,0.25593004378293194,0.4592946099160041,0.2861136156807886,0.2560537869152324,0.45783259740397875,0.2846350138284223,0.25835660861719784,0.45700837755437973,0.2826,0.263,0.4544,0.30079830278143765,0.25525616011633423,0.44394553710222806,0.28754298815437523,0.2711119602598395,0.44134505158578524
450,Napoli,Torino,3,1,5.75,4.0,1.6,1.8519388154511722,0.8990805925040248,0.024293968795361352,1.8762327842465336,0.9233745612993862,1.886152500301503,0.9274265059423241,1.8812019540017064,0.9122230809074111,1.8779757210720487,0.9150268247009221,0.17779629023103877,0.2209006152692997,0.6013030944996618,0.1788028790151289,0.2212986844921695,0.5998984364927017,0.1783884062767496,0.22356002054175164,0.5980515731814989,0.17628,0.22428,0.59944,0.18055897231840703,0.22078608202512598,0.598654945656467,0.16580310880829016,0.2383419689119171,0.5958549222797929
451,Inter,Roma,1,2,3.75,3.5,2.0,1.571367053468499,1.1107621590588477,0.01998698528333072,1.5913540387518297,1.1307491443421784,1.5665000512037297,1.1483711189858785,1.5961967786277456,1.1269989446329796,1.5934593252679572,1.1304628082014885,0.26885260116324006,0.2488159869679641,0.48233141186879613,0.27016390856218986,0.24898904998614957,0.4808470414516607,0.2688711120885378,0.25123062370570176,0.47989826420576,0.26882,0.2509,0.48028,0.27912415958247,0.2508975748426325,0.4699782655748974,0.25339366515837103,0.27149321266968324,0.4751131221719457
452,Empoli,Milan,1,3,1.6,4.0,5.5,0.9024233259078964,1.869176548196407,0.015224551722254981,0.9176478776301514,1.884401099918662,0.9781132715104737,1.9021795142854634,0.9166828352377676,1.8964996061217654,0.9151107380247039,1.9023285520357085,0.6035730347180478,0.2194727306379081,0.1769542346440437,0.6052371101242069,0.21884440862397492,0.1759184812518183,0.6010621515898809,0.22187344416297355,0.17706440424714553,0.60092,0.22262,0.17646,0.5898318932485145,0.22039321713197613,0.1897748896195096,0.5913978494623655,0.23655913978494622,0.17204301075268816
453,Lazio,Spezia,4,0,7.5,5.0,1.4,2.237494335412223,0.7496812764166956,0.02688426767514337,2.2643786030873665,0.776565544091839,2.2414348947668663,0.7950805516538283,2.2728497727500665,0.7606398907652732,2.268951869728324,0.7629777392778416,0.10918325786850751,0.17507287793981652,0.7157438641916758,0.10990130694131134,0.1755891888077716,0.7145095042509171,0.1100525868087906,0.17784759851285406,0.7120998146783553,0.1092,0.1766,0.7142,0.1178562468780715,0.18011042993048132,0.7020333231914472,0.12727272727272726,0.19090909090909092,0.6818181818181818
454,Sassuolo,Salernitana,5,0,3.5,3.75,2.0,1.451638942709589,1.1170518034195012,0.022057157219699496,1.4736960999292885,1.1391089606392006,1.471350704518494,1.1789540493712891,1.4745768017530114,1.1333805291141967,1.472047924816112,1.136864006665575,0.29111075957135657,0.2589059543378845,0.4499832860907589,0.29245778861190413,0.25900932265721416,0.4485328887308815,0.2909027964413824,0.2613414378383397,0.44775576572027787,0.29072,0.2603,0.44898,0.30345666014419886,0.2577111691203136,0.4388321707354874,0.27149321266968324,0.25339366515837103,0.4751131221719457
455,Lecce,Cremonese,1,1,3.75,3.4,2.05,1.3389763422334824,1.095876902536402,0.025633233264318406,1.3646095754978007,1.1215101358007202,1.3932385285944975,1.1459827291602032,1.3601339797816323,1.1118960999289416,1.3578013705553962,1.115313544471239,0.3060797174407623,0.2692655434994798,0.42465473905975815,0.30743250406602773,0.26931416686973836,0.42325332906423363,0.3056722004098458,0.27176251953555663,0.4225652800545977,0.30222,0.27636,0.42142,0.3090657248156911,0.2651207826122707,0.4258134925720386,0.25430995165556874,0.2804889172671714,0.4652011310772599
456,Sampdoria,Monza,0,3,3.2,3.4,2.25,1.2832385024305184,1.1134223850352767,0.026339122104668752,1.3095776245351871,1.1397615071399454,1.3447067226390785,1.1847646782695829,1.303515406708728,1.1296980569888244,1.301279897479911,1.1331702163565454,0.32159612174321606,0.2730975912771804,0.40530628697960325,0.3229750727832003,0.2730992094838543,0.4039257177329453,0.32104046006190723,0.27559735265639873,0.40336218728169404,0.31962,0.27648,0.4039,0.32854124031844895,0.2671547432440071,0.4043040164375439,0.29731830547998445,0.27982899339292655,0.42285270112708895
457,Atalanta,Fiorentina,1,0,4.0,3.5,1.95,1.5176727416421985,1.1243646740413769,0.020469339641626654,1.5381420812838251,1.1448340136830035,1.5214988781229462,1.1096123020730315,1.5416540240379806,1.1408002970689086,1.5390101106782743,1.144306579489828,0.2814185957014767,0.2531259776569189,0.46545542664160466,0.2827564661258499,0.2532622534734885,0.46398128040066133,0.2813250675797211,0.2555359875559178,0.46313894486436125,0.28156,0.25506,0.46338,0.2769045071553112,0.2555664071902586,0.46752908565442997,0.23842794759825325,0.2724890829694323,0.48908296943231444
458,Juventus,Bologna,3,0,6.5,4.33,1.5,2.1354256825567974,0.7829917200848966,0.026293169201427775,2.1617188517582253,0.8092848892863244,2.1239893870200146,0.8381508538618182,2.1691682971030586,0.7944372564327599,2.1654482062456166,0.7968789821177114,0.12395260048629551,0.1871289218099513,0.6889184777037534,0.12473874704201729,0.18762737132503673,0.6876338816329461,0.12478309008038452,0.1898932716146821,0.6853236383049335,0.12448,0.1915,0.68402,0.13642021792356654,0.19380123644065667,0.6697785456357769,0.14631673800405498,0.2196440639783735,0.6340391980175715
459,Hellas Verona,Udinese,1,2,2.2,3.4,3.25,1.1456690628885555,1.4425535663928786,0.018361919300543053,1.1640309821890986,1.4609154856934217,1.2007696583042786,1.4400878658374496,1.16377218392077,1.4636403784936494,1.1617763322077745,1.4681389191609735,0.44025377575429236,0.2588270291061707,0.30091919513953713,0.4418676278401302,0.2585343067176152,0.2995980654422551,0.4388607183282,0.2611415370566994,0.29999774461510065,0.43992,0.26068,0.2994,0.4258922216630809,0.25932120935815683,0.31478656897876234,0.43029595015576316,0.27842679127725856,0.29127725856697817
460,Sassuolo,Inter,1,2,1.7,4.2,4.33,1.001163751341194,1.8502100557551586,0.013455478372719511,1.0146192297139134,1.863665534127878,1.018291479499621,1.8427604731611025,1.0169834929670167,1.8772558672255937,1.0152393816413035,1.8830256669563024,0.5749265824464979,0.22349795508571355,0.20157546246778868,0.5766333329675679,0.22292937036533414,0.20043729666709809,0.5726616330534373,0.22578942361019277,0.20154894333637008,0.57078,0.22554,0.20368,0.5668465196184349,0.2267468474199624,0.20640663296160244,0.556367975035947,0.22519656132407379,0.21843546363997918
461,Milan,Juventus,2,0,3.6,3.4,2.05,1.411329173909626,1.1702950128299308,0.02089571962837171,1.4322248935379978,1.1911907324583024,1.451544149132554,1.1941938616188426,1.4336300840757468,1.1874020316699458,1.4311714301410354,1.1910515458582793,0.3125024861304182,0.26032125660837757,0.4271762572612041,0.31390549381866584,0.260368032129301,0.42572647405203323,0.31214028637332564,0.2627096677888379,0.42515004583783644,0.31456,0.26262,0.42282,0.3109807703963355,0.2587025406575841,0.43031668894608044,0.2621286197818729,0.2775479503572772,0.46032342986085
462,Bologna,Sampdoria,1,1,3.6,3.5,2.05,1.4106056657125414,1.0800133217126882,0.02455265628952444,1.4351583220020658,1.1045659780022126,1.4107365635466096,1.1561932389045946,1.4328951434704005,1.0958006300746448,1.4304377499477237,1.099168604728872,0.2886334498956163,0.26364062364439333,0.44772592645999054,0.289956006776162,0.2637428029719206,0.4463011902519173,0.2883953967295117,0.2661323120807539,0.44547229118973464,0.28796,0.26528,0.44676,0.30854054314907964,0.26331330809386033,0.4281461487570598,0.2642238998342847,0.2717731541152642,0.46400294605045117
463,Torino,Empoli,1,1,5.0,3.6,1.72,1.684738114016936,0.9435252829738515,0.025150554132909526,1.7098886681498455,0.9686758371067611,1.713358720959684,0.9375097928239756,1.711359255298989,0.9573174504315537,1.7084243000315997,0.9602597930626975,0.21000473928760194,0.23887919614214959,0.5511160645702486,0.21111335113181837,0.23919674036555708,0.5496899085026246,0.21037233670335823,0.2414989992608385,0.5481286640358032,0.20732,0.24466,0.54802,0.20500333320352318,0.23850855853745384,0.5564881082590227,0.18882654305928276,0.2622590875823372,0.5489143693583801
464,Udinese,Atalanta,2,2,2.75,3.4,2.5,1.3904888547024707,1.265317110072945,0.018247539922029474,1.4087363946245002,1.2835646499949744,1.3799495979540515,1.2890265787212163,1.4124604596327444,1.283813133215237,1.4100381112841192,1.287758969688372,0.341474339652713,0.2577653036955869,0.4007603566517004,0.3429589655398883,0.2577410094541546,0.3993000250059572,0.34093096515035193,0.26006764110836394,0.39900139374128396,0.34148,0.25772,0.4008,0.34914633567417014,0.25960407785172424,0.3912495864741057,0.3437815975733064,0.27805864509605666,0.37815975733063706
465,Salernitana,Hellas Verona,2,1,2.87,3.4,2.4,1.3080208170159684,1.1436815371790359,0.02431065282625738,1.3323314698422257,1.1679921900052932,1.3514896140343897,1.2101302367850257,1.328689315389656,1.1603995282744506,1.3264106332877819,1.1639660494944095,0.3250841288391346,0.2695667473961734,0.405349123764692,0.3264842142371878,0.26956520878729645,0.40395057697551595,0.32453908399311254,0.27202272117483106,0.40343819483205656,0.32618,0.26968,0.40414,0.33398602489475476,0.26541787374768233,0.40059610135756285,0.328952672740466,0.2776747561073934,0.39337257115214064
466,Monza,Spezia,2,0,4.0,3.6,1.9,1.602928835245234,1.027440478852287,0.022725073046179888,1.6256539082914139,1.050165551898467,1.6314730877361434,1.00839281856531,1.6282572792527106,1.042459293284571,1.6254648426187248,1.0456633218108249,0.24280183380885803,0.2469813436115273,0.5102168225796146,0.24402255649533477,0.2472176446697136,0.5087597988349515,0.2429688543234616,0.24949617026085621,0.5075349754156819,0.24142,0.24838,0.5102,0.23390197360346707,0.2468781869192725,0.5192198394772605,0.23717059639389737,0.2635228848821082,0.49930651872399445
467,Cremonese,Napoli,1,4,1.45,4.5,7.0,0.8732481313210796,2.0886299103456185,0.012761592415825862,0.8860097237369055,2.1013915027614445,0.9276964619057955,2.0796304054462937,0.8870466331088497,2.119160871201122,0.8855253615346893,2.125674172897206,0.6570785661567909,0.19648651798593977,0.14643491585726953,0.6587204217115258,0.19579442970437383,0.14548514858410055,0.6543627138733752,0.19885759737757505,0.14677968874905023,0.65082,0.2022,0.14698,0.6394649191397173,0.20190842270150508,0.15862665815877786,0.6538661131292164,0.21069019200830302,0.13544369486248053
468,Roma,Lecce,2,1,8.5,5.25,1.33,2.2294021399560453,0.7457958092895058,0.027301886988944146,2.2567040269449894,0.7730976962784499,2.2276240849712217,0.786778000244722,2.264629709658718,0.7566976270537877,2.260745903920987,0.7590233589058103,0.10914031500832501,0.1756273827102636,0.7152323022814115,0.10985669278045108,0.17614355123467737,0.7139997559848715,0.11000593197788447,0.17841000221278977,0.7115840658093258,0.1109,0.1781,0.711,0.11751618937526091,0.18097562852251395,0.7015081821022251,0.1109874826147427,0.17969401947148816,0.7093184979137691
469,Fiorentina,Lazio,0,4,2.8,3.5,2.4,1.3101153795214444,1.2975188300561333,0.01884587680617486,1.3289612563276192,1.316364706862308,1.3445428107653048,1.3465557588044486,1.3308169748162013,1.3164855682099343,1.3285346438105556,1.3205318243487767,0.3660954660542992,0.2611466738642215,0.37275786008147904,0.3676149132697962,0.26105088107592406,0.37133420565427977,0.3653243814471219,0.2634565144242347,0.37121910412864323,0.36212,0.2656,0.37228,0.37112690791358927,0.2586752578549121,0.37019783423149866,0.33707865168539325,0.2696629213483146,0.39325842696629215
470,Empoli,Monza,1,0,2.8,3.3,2.55,1.2402485664822065,1.2486593244645605,0.021955585577053814,1.2622041520592604,1.2706149100416144,1.2828718717447833,1.206368704246268,1.259846171616493,1.2669118491307318,1.2576855544660983,1.2708057390226566,0.3674950978052541,0.2683619979869378,0.36414290420780837,0.36898682713399994,0.2682491131084522,0.3627640597575481,0.3666331916122108,0.27075016341837593,0.36261664496941337,0.36594,0.27134,0.36272,0.34649427527702603,0.270488795269277,0.38301692945369725,0.33938294010889286,0.2879612825166364,0.37265577737447064
471,Torino,Juventus,0,1,2.5,3.1,3.0,1.075184609059948,1.4011319885572306,0.021254259136651747,1.0964388681965997,1.4223862476938824,1.13743539863369,1.407317410171457,1.0921739803716877,1.4216133125506019,1.0903009184960635,1.4259826818257921,0.4455824433453013,0.2647462387023105,0.289671317952388,0.44717114071492914,0.2644266013527064,0.2884022579323642,0.4440650324163914,0.2671446258592503,0.28879034172435836,0.44418,0.26564,0.29018,0.43146518138651624,0.2643166648366234,0.3042181537768607,0.3788187372708758,0.3054989816700611,0.3156822810590631
472,Atalanta,Sassuolo,2,1,5.0,4.0,1.65,1.8065178798156971,0.9618531210959902,0.021969791937011453,1.8284876717527085,0.9838229130330016,1.8311835823112137,0.9478478987354766,1.8350633061386423,0.9759131993527772,1.831916200293001,0.978912696551389,0.1978054478081001,0.22683597549319315,0.5753585766987068,0.19889480593391348,0.2271912774413803,0.5739139166247063,0.1983078335275887,0.22941146040179378,0.5722807060706177,0.19866,0.22946,0.57188,0.1919384401432404,0.22672117223066027,0.5813403876260995,0.18938307030129126,0.23672883787661403,0.5738880918220947
473,Inter,Salernitana,2,0,9.0,5.75,1.3,2.3250782283123548,0.6988628955119348,0.02933284689747072,2.3544110752098253,0.7281957424094055,2.307079643341711,0.7613594117312494,2.361817609639788,0.7090786621255173,2.3577671281219175,0.7112580357235498,0.09387472097215943,0.16330105576949988,0.7428242232583407,0.09451262539802324,0.16382883913272508,0.7416585354692516,0.0947533697600428,0.16610254926695087,0.7391440809730064,0.09416,0.1663,0.73954,0.10664028290815009,0.17184722116864787,0.7215124959232021,0.10539302079661615,0.16496298907296442,0.7296439901304195
474,Lazio,Udinese,0,0,3.25,3.5,2.2,1.5261074044759624,1.0647644651095654,0.022650350612876353,1.5487577550888387,1.0874148157224417,1.526880293177278,1.207904489361283,1.550221965954764,1.0803288702938287,1.5475633587041162,1.083649292050779,0.26466320754998696,0.25365165418525015,0.4816851382647629,0.2659423302209297,0.2538277115614691,0.48022995821760117,0.2646597935770888,0.25613257522399857,0.47920763119891263,0.26666,0.2575,0.47584,0.30094852373609904,0.2525324708086132,0.4465190054552878,0.2936129647283127,0.2726406101048618,0.43374642516682554
475,Spezia,Cremonese,2,2,3.1,3.2,2.45,1.2651519263501718,1.0834361895726654,0.028369987174080527,1.2935219135242524,1.111806176746746,1.2941160812288486,1.1220318904291837,1.2851430382591476,1.099273532382625,1.2829390373646492,1.1026521811016674,0.31677029313156885,0.2761804857996069,0.40704922106882435,0.31812675199424767,0.2761895939793124,0.4056836540264397,0.3162184404138247,0.27872236541203793,0.4050591941741375,0.31662,0.27814,0.40524,0.32130828237331005,0.2742545779970809,0.4044371396296089,0.3092092289489253,0.2995464405442714,0.39124433050680335
476,Napoli,Bologna,3,2,11.0,6.0,1.25,2.295178438615864,0.6994850251900763,0.029810723784831614,2.3249891624006955,0.7292957489749079,2.2975098454100613,0.7594609900228193,2.3314453628182448,0.7097098859072892,2.3274469692448054,0.7118911995897128,0.09610681348910265,0.16621929847966552,0.7376738880312318,0.09675411512952037,0.16674568588881505,0.7365001989816645,0.09697851440282855,0.16903335729384644,0.7339881283033249,0.09678,0.16796,0.73526,0.10705220042570192,0.1726398301756444,0.7203079693986536,0.08595988538681948,0.15759312320916904,0.7564469914040115
477,Hellas Verona,Milan,1,2,1.57,4.0,6.0,0.9119060309385225,1.9124139015520383,0.014334712658695285,0.9262407435972178,1.9267486142107335,0.9474261862007994,1.9486810918332178,0.9263153798358945,1.9403689900426286,0.9247267629543748,1.9463327697658315,0.6107500744752975,0.215365773880312,0.17388415164439064,0.6124204095726199,0.21473047022604042,0.17284912020133958,0.6082265427614761,0.2177420448441356,0.17403141239438835,0.60582,0.21838,0.1758,0.6073996740053691,0.2151469047759689,0.17745342121866192,0.6045340050377834,0.23727959697732998,0.15818639798488665
478,Sampdoria,Roma,0,1,1.72,3.75,4.75,0.9866418144735735,1.760209580613566,0.015170776665018877,1.0018125911385924,1.775380357278585,1.0241990548541362,1.7712510622944837,1.0022320898518973,1.7859397923360927,1.00051327695966,1.7914289294925059,0.5576941039562872,0.23194121975033088,0.21036467629338207,0.5593824267162733,0.23139603189124816,0.20922154139247828,0.55548580475448,0.2342759752065373,0.21023822003898296,0.55328,0.2353,0.21142,0.5489667094111683,0.2335336989259338,0.21749959166289778,0.5492176057966546,0.2519078085253989,0.19887458567794647
479,Lecce,Fiorentina,1,1,2.05,3.4,3.75,1.0828138785855763,1.5962967340102518,0.016215134332907177,1.0990290129184834,1.612511868343159,1.130589284501585,1.5453701971056992,1.0999238026765465,1.6196309172748065,1.0980374499727548,1.6246088993354781,0.4944608475179888,0.24718809387518972,0.2583510586068215,0.49613312478071164,0.24677340113504764,0.25709347408424044,0.49269064069952306,0.24948211562908448,0.2578272436713922,0.4902,0.25078,0.25902,0.4687464498844635,0.25304866226517386,0.27820488785036246,0.4652011310772599,0.2804889172671714,0.25430995165556874
480,Juventus,Empoli,4,0,7.0,5.0,1.4,2.2198190975007486,0.7509446972558296,0.027090043884670525,2.246909141385419,0.7780347411405001,2.226881920973951,0.7857245881595083,2.2548952421688764,0.7619217799084339,2.251028130895821,0.7642635683440369,0.1108343070201433,0.17688406912650445,0.7122816238533523,0.11155917519905441,0.1773985400380797,0.7110422847628659,0.11169748876909467,0.1796635134452417,0.7086389977856635,0.11172,0.18032,0.70796,0.11738779285838329,0.18098804402748267,0.701624163114134,0.13513513513513511,0.1891891891891892,0.6756756756756757
481,Salernitana,Spezia,1,0,3.8,3.5,2.0,1.465824476677877,1.0452097113510703,0.024856242681297925,1.490680719359175,1.0700659540323683,1.4608633963278206,1.1104646854962439,1.4889864863479096,1.0604882710542447,1.4864328970196337,1.0637477121605823,0.2697323503056632,0.25962341334319694,0.47064423635113983,0.2710083421467897,0.2597785044674597,0.46921315338575065,0.26964551841010387,0.2621436534431063,0.46821082814678994,0.2651,0.26168,0.47322,0.2875615877495931,0.26076049744090934,0.45167791480949737,0.25089605734767023,0.27240143369175623,0.4767025089605735
482,Milan,Monza,4,1,7.5,5.0,1.4,2.179277418874057,0.7657135521780813,0.02672935151722662,2.2060067703912836,0.792442903695308,2.1912453327447694,0.7919002542344805,2.2137129501758976,0.7769065214888622,2.2099164659114225,0.77929436595734,0.11689192929364006,0.18177257566525135,0.7013354950411086,0.11764539242983499,0.1822801695455021,0.7000744380246628,0.11774124966837995,0.18454651281877116,0.6977122375128489,0.11724,0.18546,0.6973,0.12155308224693548,0.18481386617469273,0.6936330515783719,0.12727272727272726,0.19090909090909092,0.6818181818181818
483,Fiorentina,Inter,3,4,2.05,3.5,3.6,1.108200868379881,1.6226918051139836,0.01519586795082035,1.1233967363307014,1.637887673064804,1.106365552921971,1.6240914845994596,1.1257119412526218,1.6464118235514686,1.1237813622807828,1.6514721174954168,0.4950179979834679,0.24455591795771697,0.2604260840588152,0.496704171882081,0.24414546755435942,0.2591503605635598,0.49327751989010654,0.24681539773200903,0.2599070823778846,0.49374,0.24742,0.25884,0.49405249678307117,0.24671677506540568,0.25923072815152326,0.46400294605045106,0.27177315411526415,0.2642238998342846
484,Udinese,Torino,1,2,4.0,3.3,2.0,1.4594518126494438,1.079439831257057,0.023445968793660593,1.4828977814431044,1.1028858000507176,1.4600038471534793,1.0659612206063898,1.4825131256070128,1.0952187565088394,1.479970637994607,1.0985849427579792,0.2798435612188179,0.25932145049510047,0.4608349882860815,0.28115384040577923,0.25945220134073216,0.4593939582534887,0.2797005878318771,0.2617999727730929,0.4584994393950298,0.28152,0.26194,0.45654,0.27607478311603834,0.2621289753654475,0.4617962415185144,0.23741007194244607,0.2877697841726619,0.47482014388489213
485,Bologna,Lecce,2,0,3.75,3.2,2.15,1.3307532701984885,1.0437429386279427,0.02850020857530697,1.3592534787737955,1.0722431472032496,1.3481454996012041,1.0893237840110301,1.3517809720844753,1.0590000574907021,1.3494626881402414,1.0622549245299837,0.2932897491163044,0.2722039010995925,0.4345063497841031,0.2945969672904472,0.2722807020748019,0.4331223306347509,0.2929392555321393,0.2747672587152115,0.43229348575264914,0.29376,0.27278,0.43346,0.30219486372028026,0.2712579610488742,0.42654717523084573,0.25535863412823606,0.29924839936902664,0.44539296650273735
486,Atalanta,Lazio,0,2,4.0,3.5,1.95,1.5139362089411568,1.2635521131469063,0.01626356513775875,1.5301997740789155,1.279815678284665,1.5321685889333334,1.2223559794759027,1.5378584490655545,1.282022336097507,1.5352210450595818,1.2859626685043568,0.3175888209307095,0.2494589969202948,0.43295218214899533,0.3190499577471385,0.24951060599296046,0.4314394362599008,0.3173016211030669,0.2517224336793687,0.43097594521756466,0.31888,0.25026,0.43086,0.30365614277754804,0.2517109061033409,0.44463295111911105,0.23842794759825325,0.2724890829694323,0.48908296943231444
487,Roma,Napoli,0,1,2.4,3.5,2.87,1.333264066545276,1.38109208359289,0.016235108545292858,1.3494991750905687,1.3973271921381827,1.3268814742062278,1.3706813097090287,1.354331442410098,1.4012804703114554,1.3520087844477886,1.405587346013061,0.38318691654768966,0.2550685533106395,0.36174453014167063,0.38476182701031575,0.2549381058178482,0.36030006717183594,0.3823437249667971,0.25730202549959114,0.36035424953361184,0.38252,0.25562,0.36186,0.38097473767522216,0.2582433627646808,0.3607818995600971,0.3965183752417795,0.2718983144515059,0.33158331030671456
488,Cremonese,Sampdoria,0,1,3.0,3.3,2.4,1.2293902755886674,1.1516503757975074,0.02612672301227617,1.2555169986009436,1.1777770988097835,1.2836208809501781,1.1654187381205796,1.2488163050379535,1.168484852967702,1.2466746039421002,1.17207622466492,0.3429946357846268,0.27517299805724654,0.3818323661581263,0.34441401150650547,0.27511388851212304,0.38047209998137166,0.3422557311145065,0.2776582332679758,0.38008603561751775,0.34416,0.27694,0.3789,0.3352223249519492,0.2727474300389811,0.3920302450090697,0.31654676258992803,0.2877697841726619,0.3956834532374101
489,Sassuolo,Hellas Verona,2,1,4.0,3.5,1.95,1.4907530114666194,1.0572399400334018,0.023732535137832862,1.5144855466044522,1.0809724751712346,1.502489919763884,1.0834953958633224,1.5143089257091458,1.0726943539839773,1.51171190877994,1.0759913108361598,0.2686496537590921,0.257039253805421,0.47431109243548697,0.2699308103158178,0.2572007839402077,0.4728684057439744,0.26859291086113973,0.2595378446124573,0.471869244526403,0.26852,0.26168,0.4698,0.2734121192098347,0.25785348710914674,0.46873439368101877,0.23842794759825325,0.2724890829694323,0.48908296943231444
490,Napoli,Sassuolo,4,0,8.5,6.0,1.28,2.2277725932893944,0.7446294904522243,0.02741525119455064,2.255187844483945,0.772044741646775,2.2527521912137805,0.7748017444816938,2.262974413950315,0.7555142593201987,2.259093447019716,0.7578363540575638,0.10906302720512341,0.17571592736323888,0.7152210454316377,0.10977865522576094,0.1762321256358317,0.7139892191384074,0.10992781080982945,0.17850063811909395,0.7115715510710765,0.10952,0.1791,0.71138,0.11329163270994042,0.17785331960502457,0.708855047685035,0.11040828062104659,0.156411730879816,0.7331799884991376
491,Lecce,Juventus,0,1,1.9,3.3,4.33,0.9967669381392793,1.6990130326678397,0.016054516564197138,1.0128214547034764,1.7150675492320369,1.041417521999502,1.6924615086365633,1.0125172041685895,1.7238486917457987,1.0107807524606882,1.7291469901243341,0.540613352942655,0.23796922982253826,0.22141741723480657,0.5422932724151426,0.23745380257021353,0.22025292501464377,0.5384972945965908,0.24031300805993264,0.22118969734347627,0.54158,0.23864,0.21978,0.5261311851384955,0.2409819077824749,0.23288690707903004,0.4963871326339192,0.28579865212255956,0.21781421524352113
492,Inter,Sampdoria,3,0,12.0,6.0,1.25,2.4297825124815424,0.6708309195325364,0.02995001270470411,2.4597325251862467,0.7007809322372405,2.4565564380771625,0.730377009318834,2.4681763631407447,0.6806369231923806,2.463943477967503,0.6827288802903492,0.08244137861267159,0.15153224787681113,0.7660263735105173,0.08302066579575525,0.15206344853209852,0.7649158856721462,0.08332481573715346,0.1543141553715933,0.7623610288912531,0.08252,0.15416,0.76332,0.09083731977037086,0.15605825539973586,0.7531044248298933,0.07936507936507936,0.15873015873015872,0.7619047619047619
493,Empoli,Atalanta,0,2,1.8,3.8,4.33,1.0762491198907478,1.654887599362675,0.015214979750927976,1.0914640996416758,1.670102579113603,1.1144431074314698,1.6810272476021901,1.0932553119136634,1.6790782461910732,1.0913803955707817,1.684238941321583,0.5105704999414018,0.24200747112227533,0.24742202893632292,0.5122604350405413,0.24156138741194053,0.24617817754751847,0.5087080142826476,0.2442845049130083,0.2470074808043441,0.5097,0.24296,0.24734,0.5060648302062303,0.2416896596783469,0.25224551011542273,0.5292717447246527,0.2507076685537828,0.22002058672156458
494,Spezia,Fiorentina,1,2,1.9,3.6,4.0,1.0554016475247918,1.5585537192118548,0.017625418485935008,1.0730270660107268,1.5761791376977898,1.1114150234720346,1.5491484510651972,1.0720784212822747,1.5813361864918443,1.0702398229868824,1.5861964685995065,0.4914821176687399,0.25098125443309033,0.25753662789816967,0.4931359811063777,0.25056624657114746,0.25629777232247486,0.4896909672397464,0.2533180332815778,0.25699099947867565,0.4889,0.2517,0.2594,0.4741431240806308,0.25313885929259555,0.27271801662677364,0.49930651872399445,0.2635228848821082,0.23717059639389737
495,Cremonese,Udinese,0,0,1.85,3.8,4.0,1.104368951365526,1.5991194107160276,0.01572247267813246,1.1200914240436584,1.61484188339416,1.1333734397313742,1.6118901273145094,1.121819474765698,1.6224948550156677,1.1198955713150762,1.6274816394710978,0.49005023069523895,0.2466509204792572,0.2632988488255037,0.4917274009422326,0.24624918074112284,0.2620234183166448,0.48833126941266713,0.24892365214784784,0.2627450784394849,0.48724,0.24768,0.26508,0.4847469458161199,0.2473826484934171,0.26787040569046283,0.5129935875801552,0.24974687816402294,0.2372595342558218
496,Lazio,Salernitana,1,3,6.5,4.5,1.5,1.9643116218987553,0.8325957260679064,0.02610759319568513,1.9904192150944404,0.8587033192635916,1.9901723085799325,0.8597201195175913,1.9953504028068838,0.844766358785137,1.9919284070120955,0.8473627724091539,0.15057839363664258,0.20703413877982885,0.6423874675835288,0.1514746982508201,0.20748744263157667,0.6410378591176031,0.15129692669516753,0.20977119196453348,0.6389318813402989,0.1499,0.2096,0.6405,0.15422822583222728,0.20814322163212393,0.6376285525356488,0.1475409836065574,0.21311475409836067,0.639344262295082
497,Torino,Milan,2,1,2.1,3.3,3.75,1.0308579033041374,1.5690231996106176,0.01796752749986352,1.0488254308040008,1.586990727110481,1.0739565388939933,1.5646704205124646,1.0471468527006396,1.5919587065912495,1.0453510116686953,1.5968516373189954,0.5000697398431105,0.250328943433711,0.24960131672317842,0.5017225372431708,0.24989234523325302,0.24838511752357662,0.49820038299802305,0.2526859859979113,0.2491136310040658,0.49438,0.25722,0.2484,0.4868432043584161,0.2524611449392764,0.2606956507023074,0.4552980132450331,0.2897350993377484,0.25496688741721857
498,Hellas Verona,Roma,1,3,1.83,3.6,4.33,1.0019510374966627,1.693348668572375,0.016046313025237166,1.0179973505218998,1.7093949815976122,1.039634033795171,1.6837268766095286,1.0177832193087673,1.71810152768773,1.0160377364644602,1.723382161992756,0.5379702773731162,0.23853763349663817,0.22349208913024587,0.5396505420817799,0.23802773673009445,0.222321721188126,0.5358737742190525,0.24087766160136864,0.22324856417957895,0.53976,0.24076,0.21948,0.5244506800872359,0.24180102011037047,0.23374829980239364,0.517875474669351,0.2632533662902535,0.2188711590403955
499,Monza,Bologna,1,2,3.4,3.3,2.2,1.2806027826275548,1.077112435078793,0.02822518381851393,1.3088279664460687,1.105337618897307,1.3242948512728767,1.1212108177268134,1.3008380389673277,1.0928573391565695,1.298607121383737,1.0962162675217728,0.3120081192543699,0.2751723273801942,0.41281955336543597,0.31335606726223014,0.27519567999538597,0.4114482527423837,0.3115005033218846,0.2777147937978782,0.41078470288023705,0.3134,0.27586,0.41074,0.31531484503268137,0.27182473955076814,0.4128604154165504,0.2796610169491525,0.288135593220339,0.43220338983050843
500,Udinese,Lecce,1,1,5.5,3.9,1.61,1.857335885068789,0.9311062230690673,0.022560334652690386,1.8798962197214795,0.9536665577217577,1.8499234480373075,0.9241109041494341,1.8866843046203312,0.9447168524620616,1.8834486695421908,0.9476204667940745,0.18431495449458316,0.22114917852593854,0.5945358669794785,0.1853546260153951,0.22153543836451633,0.5931099356200886,0.18489345858186296,0.22376121938282603,0.5913453220353109,0.18332,0.22256,0.59412,0.18423979978757415,0.22435261099559423,0.5914075892168316,0.1716324076098841,0.24204570303958015,0.5863218893505356
501,Empoli,Sassuolo,1,0,2.45,3.4,2.8,1.2642664729640984,1.382663309324544,0.017436302022354588,1.2817027749864531,1.4000996113468986,1.2910961692419398,1.3360018507305975,1.2842435935117502,1.4028746637460379,1.2820411351514047,1.4071864392468718,0.3981953886495746,0.25836671491268887,0.3434378964377365,0.3997755528890338,0.2581894892159074,0.34203495789505856,0.3971874562886575,0.26063687696766313,0.34217566674367905,0.40086,0.2598,0.33934,0.37935003555620084,0.26224426556547886,0.3584056988783204,0.38526912181303113,0.2776203966005666,0.3371104815864023
502,Salernitana,Cremonese,2,2,3.3,3.6,2.15,1.3980007211646281,1.052265741488193,0.026188402734415098,1.4241891238990432,1.078454144222608,1.4130055594409219,1.1561148223832263,1.420091023746909,1.0676474441076136,1.4176555890961118,1.0709288891375912,0.28343468396224747,0.2656970075975896,0.4508683084401629,0.2847342970404226,0.26580904079217554,0.44945666216740165,0.28320940209208817,0.26822709089598357,0.4485635070119284,0.28594,0.26586,0.4482,0.3081032673271653,0.26313574488981695,0.42876098778301774,0.28972487366647953,0.26558113419427287,0.4446939921392476
503,Atalanta,Napoli,1,2,2.15,3.6,3.3,1.1401406260057931,1.5202402075168424,0.016644445112560927,1.156785071118354,1.5368846526294033,1.1841089779308778,1.5387913554199317,1.1581563902564993,1.5424626194610334,1.156170169544794,1.5472034225458826,0.461686505786185,0.25264376812659783,0.28566972608721675,0.46333693123363723,0.25230560126018786,0.28435746750617485,0.4601671807512352,0.2549212727105203,0.28491154653824424,0.45976,0.2555,0.28474,0.45486901351818537,0.2522757122227778,0.2928552742590369,0.4446939921392476,0.26558113419427287,0.28972487366647953
504,Milan,Spezia,2,1,13.0,6.0,1.22,2.3676531136658667,0.7223570988574766,0.026773889565542167,2.394427003231409,0.7491309884230187,2.39885616359623,0.7482767628323437,2.4050652357763527,0.7329162966357288,2.4009405852330494,0.735168935886877,0.09474055717285326,0.16088808768744553,0.7443713551397011,0.09539048311322042,0.16141581402318103,0.7431937028635986,0.09563832373320356,0.16364389111054914,0.7407177851562472,0.09444,0.162,0.74356,0.09765999761518017,0.1624703025313734,0.7398696998534464,0.07234631350069183,0.15675034591816564,0.7709033405811425
505,Bologna,Torino,2,1,2.5,3.1,3.0,1.2288172205767864,1.3439826519576432,0.01919639057638905,1.2480136111531754,1.3631790425340322,1.198788584750009,1.3034258802518879,1.2482341949816673,1.3636285842188567,1.246093492195766,1.3678197357690396,0.3956194749486721,0.2626930299082262,0.3416874951431018,0.39717686301071753,0.2625144565337481,0.3403086804555343,0.3945838792882985,0.2650122792397782,0.3404038414719236,0.39402,0.26454,0.34144,0.3901880578271481,0.26945438270251776,0.3403575594703343,0.3788187372708758,0.3054989816700611,0.3156822810590631
506,Monza,Hellas Verona,2,0,3.3,3.4,2.2,1.3137054647402004,1.0910366879724547,0.026553251071958463,1.3402587158121588,1.117589939044413,1.3652704804093978,1.1627625889805244,1.3344637882380104,1.1069851325711881,1.3321752030024427,1.1103874831145093,0.30953263989402635,0.27164445690052164,0.41882290320545235,0.31088630180926324,0.2716801797357268,0.4174335184550103,0.3090776407531194,0.2741568738807423,0.4167654853661382,0.30406,0.2768,0.41914,0.31874885736518316,0.26661687527318584,0.414634267361631,0.288135593220339,0.2796610169491525,0.43220338983050843
507,Sampdoria,Fiorentina,0,2,1.9,3.4,4.2,1.0733431103202733,1.5321202544492287,0.01781764213913524,1.0911607524594085,1.549937896588364,1.1113695886265749,1.5315012740145073,1.0903033834607827,1.554516325329384,1.0884335296305994,1.5592941758248116,0.4804306256321983,0.253084059491913,0.26648531487588867,0.48207752127332915,0.2526942435924183,0.26522823513425253,0.4787221316206308,0.25541541965228765,0.26586244872708154,0.47822,0.25394,0.26784,0.46967304279255556,0.25466273497201347,0.27566422223543074,0.4972144846796657,0.27785515320334264,0.22493036211699163
508,Roma,Lazio,0,1,3.8,3.5,2.0,1.6099243508362702,1.1177357749172565,0.019086178467083655,1.6290105293033539,1.1368219533843402,1.6034770891003087,1.1253882527313537,1.6353633334534812,1.1340744987006133,1.6325587100439003,1.1375601091874121,0.2642428321946102,0.24538929875530477,0.4903678690500852,0.2655504644371999,0.24557822427795578,0.4888713112848444,0.26431787089314457,0.24778839110551149,0.4878937380013437,0.26472,0.24586,0.48942,0.26726268624618277,0.2482227196420897,0.4845145941117275,0.25089605734767023,0.27240143369175623,0.4767025089605735
509,Juventus,Inter,2,0,2.37,3.4,3.1,1.2400003603937706,1.4706217221215134,0.015832572309836732,1.2558329327036073,1.4864542944313501,1.2330305126572556,1.4538514375930418,1.2595940435360915,1.4921188260406635,1.2574338587815455,1.4967048960330287,0.4263279036804451,0.2533820043665893,0.320290091952966,0.4279597538180732,0.25313822598608615,0.31890202019584046,0.4251298608777113,0.2556114383584711,0.31925870076381746,0.4254,0.25386,0.32074,0.4223543834977845,0.2570738271932838,0.32057178930893193,0.4062439776450183,0.28317594912314514,0.31058007323183656
510,Napoli,Empoli,2,0,9.5,6.5,1.25,2.33708737778558,0.709559626454479,0.028252654179842893,2.365340031965423,0.7378122806343219,2.3195035595677704,0.7590422114766573,2.3740165199204313,0.7199317546484789,2.3699451174557327,0.7221444855375497,0.0947971574598331,0.16288829242403502,0.7423145501161319,0.0954427352477386,0.16341574095556038,0.7411415237967011,0.09568292628018833,0.1656719688629207,0.7386451048568909,0.09596,0.16524,0.7388,0.10529190065396021,0.17052864167239554,0.7241794576736444,0.09938837920489296,0.1452599388379205,0.7553516819571866
511,Spezia,Udinese,1,1,1.9,3.5,4.0,1.088886263124664,1.5155841135842636,0.01784930824557847,1.1067355713702425,1.533433421829842,1.1374881170517892,1.5253684332555844,1.1060921391059544,1.5377384641543972,1.1041952077983783,1.5424647474124653,0.4724865995324058,0.2542392972899312,0.273274103177663,0.474129018077303,0.25386848425131253,0.2720024976713846,0.47084156201038724,0.25656399017172127,0.27259444781789144,0.47342,0.25504,0.27154,0.4620820780072829,0.2545619064140898,0.28335601557862755,0.49557522123893805,0.26902654867256637,0.23539823008849559
512,Cremonese,Milan,0,0,1.55,4.2,6.0,0.9260114865727355,1.9719665019494004,0.013198174337788117,0.9392096609105236,1.9851646762871884,0.9568984424909751,1.97674076485643,0.940643720750711,2.0007921123560894,0.939030530980997,2.0069416042781136,0.6201171158992731,0.20990458292262132,0.1699783011781053,0.6217955500365031,0.20926081522889742,0.1689436347345996,0.6175798273974856,0.2122471263482593,0.1701730462542551,0.61438,0.21568,0.16994,0.6111091332416386,0.21270659273840553,0.17618427401995584,0.6144842721287491,0.22677395757132407,0.15874177029992684
513,Lecce,Atalanta,2,1,1.8,3.5,4.75,1.0755448385608497,1.5884632356279367,0.016529057368304633,1.0920738959291543,1.6049922929962412,1.1098871607160832,1.6079472744216114,1.092539901986015,1.611682911180384,1.0906662125603506,1.6166364648164473,0.4942274834788742,0.247982867380343,0.25778964914078284,0.49589566695243026,0.24756706280470503,0.25653727024286455,0.4924489479128134,0.25028712722706875,0.25726392486011784,0.49824,0.24744,0.25432,0.4892347852321749,0.24807392707063153,0.2626912876971935,0.5281969817315331,0.27164416203335984,0.20015885623510724
514,Sassuolo,Roma,1,1,2.1,3.6,3.4,1.154317602354339,1.567456450115841,0.015390898043802618,1.1697085003981416,1.5828473481596437,1.1632112507407553,1.5368879756020588,1.1725573820096868,1.5903690548258222,1.1705464638146967,1.5952570997132902,0.47040404417140325,0.2484481239686558,0.28114783185994097,0.47207635842699724,0.24809525328947943,0.27982838828352363,0.46885438551840003,0.2506912675761415,0.28045434690545845,0.46708,0.25294,0.27998,0.45912529446351263,0.2529694210644027,0.2879052844720845,0.45434298440979953,0.2650334075723831,0.2806236080178174
515,Fiorentina,Salernitana,2,1,6.25,4.2,1.53,1.8537801444003603,0.8926709715256803,0.024610173769765147,1.8783903181701254,0.9172811452954455,1.8830521916886755,0.8990084779289937,1.8830723784392054,0.9057197660265619,1.879842937759896,0.9085035216953301,0.17613793451553922,0.22054112898989997,0.603320936494561,0.17713689902658594,0.2209424271558199,0.6019206738175944,0.17673547412017315,0.2232097195349658,0.600054806344861,0.17734,0.22324,0.59942,0.17466080326147423,0.2203638347300442,0.6049753620084819,0.15213608437799636,0.22639298270535171,0.6214709329166518
516,Torino,Sampdoria,2,0,5.75,3.8,1.61,1.8022230734021585,0.9079421482145948,0.024737733078501047,1.8269608064806595,0.9326798812930959,1.8236486527956934,0.9191536383726976,1.8307006359738403,0.9212141721614386,1.8275610120416197,0.9240455503317024,0.18596699767201277,0.22624093671233972,0.5877920656156475,0.18699953720084347,0.22661913102628034,0.5863813317728762,0.18650219743596513,0.22889515336765365,0.5846026491963814,0.18472,0.23104,0.58424,0.18637865218285296,0.22691739570720357,0.5867039521099436,0.16434970651838124,0.2486870559159716,0.5869632375656473
517,Inter,Bologna,6,1,10.0,5.75,1.28,2.300012916401052,0.6864718545583357,0.030861518156494145,2.330874434557546,0.7173333727148299,2.3094044509511247,0.7588494845493614,2.3363562318924256,0.6965064926797716,2.3323494162527183,0.698647225354556,0.09357679788940192,0.16486375183896526,0.7415594502716328,0.09420899106712416,0.16539147358502365,0.7403995353478521,0.09444446302528639,0.16769140906554675,0.7378641279091669,0.09448,0.16856,0.73696,0.10603073645986523,0.1714718366984943,0.7224974268416404,0.09477208344063869,0.16482101467937163,0.7404069018799897
518,Hellas Verona,Juventus,0,1,1.66,3.8,5.0,0.9269869668617885,1.8546785046128074,0.01489847682746562,0.9418854436892541,1.869576981440273,0.9934787714068422,1.854002525565571,0.9416346149479415,1.8817896345182998,0.9400197258096498,1.8875733689127703,0.5942064461259046,0.22156147992597858,0.18423207394811703,0.5958814166875462,0.22095053356419847,0.1831680497482555,0.5917645184263783,0.22393665943385285,0.1842988221397689,0.59626,0.22362,0.18012,0.5753754622710934,0.22530277248069389,0.199321765248213,0.5653415853368245,0.24696500833134966,0.18769340633182577
519,Lazio,Monza,1,0,5.0,4.2,1.61,1.8849026808202871,0.9138660461935383,0.022946172526939076,1.9078488533472262,0.9368122187204774,1.8809220313483377,0.925396161972209,1.914686693036522,0.9272246638908648,1.9114030342853117,0.9300745154797857,0.177100489566498,0.21793582874813358,0.6049636816853682,0.17811235323904798,0.21833789154822372,0.6035497552127285,0.17771658943517704,0.2205684683856853,0.6017149421791375,0.17622,0.21976,0.60402,0.18074228141436885,0.22125998923806547,0.5979977293475656,0.18881939014855356,0.22478498827208754,0.5863956215793588
520,Empoli,Cremonese,2,0,2.8,3.4,2.5,1.3088794673614714,1.1642789210975808,0.02343676942424514,1.3323162367857166,1.187715690521826,1.3561350649357373,1.223692273184518,1.329561533572183,1.1812979985266863,1.3272813556293035,1.1849287517941454,0.33053775245496536,0.2684574912962721,0.4010047562487624,0.33195480429704427,0.26844346423122106,0.3996017314717345,0.3299639922221528,0.2708914454248716,0.39914456235297546,0.3287,0.27168,0.39962,0.33667799479186866,0.26442115272995925,0.3989008524781721,0.33972821742605913,0.2797761790567546,0.38049560351718625
521,Napoli,Udinese,3,2,5.75,4.75,1.5,2.0843107581656386,0.8188552007242933,0.024861488444425418,2.109172246610064,0.8437166891687187,2.0849659638957827,0.8522462279857048,2.1172456877592554,0.8308249785943717,2.1136146433923844,0.833378542986659,0.13564043418744204,0.1941190835476484,0.6702404822649097,0.13648230026340286,0.19460075694241055,0.6689169427941866,0.13644192143688727,0.1968479418270264,0.6667101367360861,0.1358,0.19556,0.66864,0.14297561817921886,0.1983066980197555,0.6587176838010258,0.16545718432510886,0.20029027576197386,0.6342525399129173
522,Sampdoria,Lecce,0,2,3.0,3.0,2.62,1.2714306396821555,1.0822802315864353,0.02823620676707482,1.2996668464492303,1.11051643835351,1.2884230147450468,1.1361217110060742,1.2915209637554965,1.098100676951877,1.2893060248151305,1.101475720866126,0.31522572603419796,0.2757018450548687,0.4090724289109334,0.3165799858072893,0.27571584024726264,0.4077041739454482,0.31468982494424896,0.2782422623643739,0.4070679126913769,0.31408,0.27902,0.4069,0.32627286337145245,0.2739706820741877,0.39975645455436004,0.3179611650485437,0.3179611650485437,0.3640776699029127
523,Bologna,Sassuolo,3,0,3.0,3.5,2.3,1.3410359608804538,1.1276905016635048,0.024155824803083106,1.365191785683537,1.151846326466588,1.3746978310935316,1.207331518786993,1.3622261431894374,1.1441747406341676,1.3598899459345655,1.1476913945041334,0.31435594224669994,0.2676875578034127,0.4179564999498875,0.3157362175366119,0.26771731213685634,0.4165464703265316,0.31390683246161605,0.27014751755255106,0.4159456499858327,0.31154,0.26808,0.42038,0.32877956138371756,0.26387500573333134,0.4073454328829508,0.3163064833005893,0.2711198428290766,0.41257367387033395
524,Atalanta,Inter,2,3,2.2,3.75,3.1,1.1858859722614472,1.6174223559118943,0.013924088369862204,1.1998100606313093,1.6313464442817565,1.2003875689281265,1.6103566350337806,1.2046245748663973,1.6410653471333456,1.2025586619201336,1.6461092085287339,0.47559787101082907,0.24383290082578554,0.28056922816338525,0.4772945566902126,0.2434758208716159,0.2792296224381712,0.4740576496026068,0.24602823216139139,0.2799141182360019,0.47306,0.24496,0.28198,0.4690304728220939,0.24630127713142155,0.28466825004648433,0.43547480801648253,0.2554785540363364,0.3090466379471811
525,Roma,Torino,1,1,4.33,3.4,1.9,1.640976148595975,0.9802612541594371,0.024166501130170333,1.6651426497261455,1.0044277552896075,1.6629853999139885,0.9772636394730047,1.6669057916240506,0.9945904169424961,1.664047073375255,0.9976473191048643,0.22528874500414464,0.2434500611330559,0.5312611938627994,0.2264496793303839,0.24372978075119534,0.529820539918421,0.2255619842744978,0.24602369438176347,0.5284143213437387,0.22714,0.24368,0.52918,0.2216344152477514,0.24382655407360695,0.5345390306786415,0.21966064810092148,0.2797442959638206,0.5005950559352579
526,Monza,Salernitana,3,0,3.6,3.25,2.15,1.28245111310167,1.0628335557437563,0.028930780397952285,1.3113818934996224,1.0917643361417086,1.3228239567950422,1.103664446281029,1.302715575563319,1.0783697354784219,1.3004814380328322,1.0816841357783464,0.30766287361796607,0.27571865782024163,0.4166184685617924,0.3089977730389272,0.27575248726480894,0.4152497396962638,0.3071804484828393,0.27827736015318866,0.41454219136397186,0.3075,0.28004,0.41246,0.31081479460812195,0.27278114457070624,0.41640406082117154,0.2644026109166588,0.29287673824614513,0.4427206508371961
527,Hellas Verona,Spezia,1,2,3.6,3.4,2.1,1.3243530558212286,1.0512093012583348,0.02828517202288864,1.3526382278441174,1.0794944732812235,1.37834453582015,1.1431400059783738,1.3452796256619706,1.0665755611537264,1.342972491428628,1.0698537117207134,0.2965364774506164,0.27247771836072426,0.4309858041886593,0.29785200423463276,0.27254573965430917,0.42960225611105807,0.2961618573872158,0.2750340608736533,0.42880408173913065,0.29566,0.27736,0.42698,0.31106958949996233,0.2664377580706661,0.4224926524293714,0.26503340757238314,0.28062360801781744,0.4543429844097996
528,Milan,Fiorentina,2,1,5.0,3.8,1.7,1.8588726402046842,0.9915175568080851,0.01987217153154115,1.8787448117362253,1.0113897283396263,1.858355275619175,0.969223872568942,1.8882453425662657,1.0060112608216614,1.8850070303316324,1.009103265275139,0.19771054584916462,0.22227573398815645,0.5800137201626788,0.1988144445479875,0.22263608733546622,0.5785494681165463,0.19825010882361824,0.22480363934222256,0.5769462518341595,0.19736,0.22364,0.579,0.19330856160164647,0.22444806627398062,0.5822433721243729,0.19022379269729095,0.2502944640753828,0.5594817432273262
529,Juventus,Lazio,3,0,4.0,3.5,1.95,1.6561362834611815,1.0903212156627826,0.019286476336490572,1.675422759797672,1.1096076919992732,1.6597964066108655,1.1058196883926987,1.6823054771284596,1.1062592017035058,1.6794203486516845,1.1096593210774919,0.2500699279635323,0.24163807193769013,0.5082920000987776,0.25133802777318526,0.24186505523075472,0.50679691699606,0.2502503941992361,0.24406299605588228,0.5056866097448817,0.24988,0.24486,0.50526,0.253459341945304,0.24360672471119704,0.502933933343499,0.23842794759825325,0.2724890829694323,0.48908296943231444
530,Sassuolo,Sampdoria,1,2,4.75,3.75,1.73,1.7528899589147515,0.955815168587892,0.023197212021721807,1.7760871709364734,0.9790123806096137,1.7757469766753617,0.9477041755114497,1.7805879915406653,0.9697869858795558,1.7775343100365388,0.972767653985413,0.20355749830194533,0.23208774646331348,0.5643547552347412,0.20465766184954473,0.23242606488881032,0.5629162732616448,0.20400115643411545,0.2346793113929962,0.5613195321728883,0.20442,0.23218,0.5634,0.19907117759413548,0.2322754048926983,0.5686534175131661,0.1995079572537864,0.25271007918812943,0.5477819635580841
531,Salernitana,Milan,1,2,1.45,4.33,7.0,0.8664017040263202,2.0288281097255694,0.013673364741366281,0.8800750687676865,2.0425014744669356,0.9039492556562503,2.0358209816858968,0.8800920230011209,2.058484905931426,0.8785826784782241,2.0648117183086137,0.6466632810088997,0.20210104713772684,0.1512356718533735,0.6483055470188916,0.20141726432842638,0.15027718865268191,0.6439656563903362,0.20449814629791946,0.15153619731174417,0.64166,0.20584,0.1525,0.636265779591273,0.20524607745508217,0.15848814295364488,0.6485017704889973,0.2171657199097104,0.13433250960129228
532,Spezia,Atalanta,2,2,1.67,3.8,4.75,1.0453873800558517,1.6132422712473644,0.01666950831393281,1.0620568883697845,1.6299117795612972,1.0903919736071868,1.695270169089725,1.0619059148402212,1.636824159254391,1.0600847622396894,1.6418549852372344,0.5076856044436535,0.24603705995958516,0.24627733559676102,0.5093558268476448,0.24558968481552976,0.24505448833682575,0.5057971845476753,0.24836095142418435,0.24584186402814046,0.50324,0.25102,0.24574,0.5151530387013901,0.24058768007241021,0.24425928122619978,0.5583308845136645,0.24537173082574198,0.1962973846605936
533,Torino,Hellas Verona,1,1,4.5,3.4,1.83,1.6093354640553867,0.9618759058292357,0.025785729246251044,1.6351211933016379,0.9876616350754867,1.6756286076182112,0.9442264240675841,1.6347651414648252,0.9759363171463677,1.6319615439454673,0.978935885398181,0.22540506767636778,0.24665129013220688,0.5279436421914251,0.22655634058731924,0.2469267530048439,0.526516906407837,0.22565057381063588,0.24925679041671198,0.5250926357726523,0.22378,0.24938,0.52684,0.2118091635840912,0.24244000985607486,0.5457508265598341,0.20909365863494306,0.2767416070168364,0.5141647343482206
534,Roma,Bologna,1,0,5.5,3.8,1.6,1.892484361099125,0.8910989394274328,0.02399976998308731,1.9164841310822125,0.9150987094105201,1.8889848779279348,0.9325928706516851,1.9223881741201136,0.9041247544381626,1.9190913074451998,0.9069036077930833,0.17118042689368465,0.21651401567585984,0.6123055574304554,0.17216491410463014,0.21692744669087996,0.61090763920449,0.17181568890158394,0.2191784697462629,0.6090058413521532,0.17052,0.22006,0.60942,0.1813568134571337,0.22063078535484096,0.5980124011880253,0.169927333705981,0.24594745667970933,0.5841252096143097
535,Lecce,Lazio,2,1,2.05,3.3,3.6,1.0388049125324383,1.6468001916784705,0.016137730903056997,1.0549426434354954,1.6629379225815275,1.074858721914865,1.6186438848478226,1.0552194354253053,1.6708726192253167,1.0534097500359498,1.6760080941260838,0.5176042035454277,0.24294835691616104,0.2394474395384112,0.5192828505790431,0.2424816499746256,0.23823549944633093,0.515656826603225,0.24526596801469686,0.2390772053820781,0.5146,0.24706,0.23834,0.5001240559777759,0.24756931165688495,0.252306632365339,0.4564841498559078,0.28357348703170027,0.25994236311239194
536,Fiorentina,Monza,1,1,4.75,3.8,1.7,1.7842240985894486,0.9605230645524928,0.022413138695770874,1.8066372372852195,0.9829362032482637,1.8099549339257084,0.9431630909327472,1.8124172530104306,0.9745637004446637,1.8093089848037642,0.9775590499196899,0.20044968723196688,0.22902448918325136,0.5705258235847818,0.20154482639940632,0.22937230337360084,0.5690828702269928,0.20092720199137884,0.23160490740611753,0.5674678906025035,0.19912,0.23198,0.5689,0.19358158255636795,0.22876106174130692,0.577657355702325,0.19825072886297374,0.24781341107871718,0.5539358600583091
537,Cremonese,Juventus,0,1,1.67,3.8,4.75,0.9599015397154106,1.8567571139947376,0.014163349014739039,0.9740648887301496,1.8709204630094767,1.0157299163260212,1.8409040725612558,0.9750692825788377,1.8838986283840293,0.9733970534906945,1.889688844831613,0.5865252483177643,0.22208744607648598,0.19138730560575,0.5882152445062945,0.22149382004719131,0.19029093544651432,0.5841580295502732,0.2244233057776018,0.1914186646721252,0.58636,0.22306,0.19058,0.5670419855993468,0.22688567108667088,0.20607234331398272,0.5583308845136645,0.24537173082574198,0.1962973846605936
538,Inter,Napoli,1,0,3.1,3.4,2.25,1.4603784847481198,1.1904262368640524,0.01926096282546456,1.4796394475735843,1.2096871996895169,1.4531979329713183,1.2282005926087016,1.4834544403784315,1.207827527853439,1.4809103384254143,1.2115398203899117,0.30868906190591977,0.25581257419606784,0.435498363898012,0.31009928649907204,0.2558764796389176,0.4340242338620106,0.30839776889646797,0.25816434824817985,0.43343788285535223,0.30666,0.2583,0.43504,0.31945063485128267,0.2573063167314552,0.423243048417262,0.3039936419630439,0.27717067355454006,0.41883568448241604
539,Udinese,Empoli,1,1,5.75,4.2,1.6,1.850379766937334,0.9477261401746809,0.021889556635383018,1.872269323572717,0.969615696810064,1.8691486971431608,0.9131086757633059,1.8796182704122995,0.961579714493466,1.8763947534760712,0.9645351573154075,0.18892606378659596,0.22221983876898482,0.5888540974444192,0.18998596332941498,0.2225966469807635,0.5874173896898217,0.1894866708314049,0.22480925802074078,0.5857040711478543,0.18786,0.22406,0.58808,0.1794400056916291,0.22214549054890628,0.5984145037594646,0.1677065136011979,0.22959820314449714,0.602695283254305
540,Fiorentina,Sassuolo,2,1,5.0,3.8,1.7,1.7649422853999575,1.00924284328727,0.020609505372420307,1.7855517907723777,1.0298523486596902,1.782517765427822,0.9672415421790322,1.7928307610884877,1.0239956501821026,1.7897560834195523,1.02714293017191,0.2144652794188553,0.23150136933247065,0.5540333512486744,0.21561805104244808,0.2318183516538444,0.5525635973037075,0.21487931537797034,0.2340168242708841,0.5511038603511456,0.21656,0.23232,0.55112,0.2027101749596534,0.23186422699936157,0.565425598040985,0.19022379269729095,0.2502944640753828,0.5594817432273262
541,Juventus,Udinese,1,0,4.5,3.8,1.75,1.828121475949806,0.9505723616952417,0.022126727238691003,1.8502482031884968,0.9726990889339328,1.8441359457189856,1.0001869830747303,1.85700826831659,0.9644675412200998,1.8538235271923609,0.9674318598602825,0.19241177239761806,0.2244880491916523,0.5831001784107296,0.19348201464287024,0.2248560645652403,0.5816619207918896,0.1929464515280022,0.22707651808162096,0.5799770303903768,0.19244,0.2278,0.57976,0.20212340947306195,0.22635206271623518,0.5715245278107026,0.2102766798418972,0.24901185770750986,0.5407114624505929
542,Monza,Inter,2,2,1.55,4.33,5.75,0.8844266469009695,2.0067301729818205,0.013582918824692376,0.8980095657256619,2.020313091806513,0.9302226276626834,2.003761003439926,0.8984017843569779,2.0360639482262473,0.8968610388699823,2.042321849147097,0.637659922075141,0.20501595574192502,0.157324122182934,0.6393142278603947,0.2043446696728848,0.1563411024667204,0.6350119405201897,0.2073978371042448,0.15759022237556541,0.63356,0.20946,0.15698,0.6232591102804785,0.20928216141757933,0.1674587283019422,0.6144269091716742,0.21994496748639608,0.16562812334192958
543,Salernitana,Torino,1,1,2.15,3.2,3.7,1.1017534998972243,1.3550862196242912,0.021967269182526124,1.1237207690797504,1.3770534888068173,1.1335232334964227,1.3845484475541738,1.1191626956260659,1.3748944604822109,1.1172433485115296,1.3791202380260932,0.42697238491805767,0.26772334419270344,0.3053042708892387,0.4285380035127968,0.26744879029864427,0.3040132061885591,0.4255946888304379,0.27012726893772,0.3042780422318423,0.42428,0.27132,0.3044,0.42630667434534236,0.26633447642726055,0.3073588492273972,0.44386129334582947,0.2982193064667292,0.2579194001874414
544,Spezia,Lecce,0,0,2.9,3.1,2.6,1.2703881091237688,1.092721362577695,0.027730693130314753,1.2981188022540835,1.1204520557080098,1.295313314222209,1.1376608619750734,1.2904619598039724,1.1086944332407074,1.2882488370393836,1.1121020373686437,0.31834689114427883,0.275246628147261,0.4064064807084602,0.31971042618241347,0.2752531607189514,0.4050364130986349,0.3177930493689803,0.277775463589748,0.40443148704127185,0.31478,0.27754,0.40768,0.32535600955079685,0.2733416007416058,0.40130238970759735,0.3277755185034567,0.3066287108580724,0.36559577063847093
545,Lazio,Empoli,2,2,6.0,4.2,1.53,2.0057284188721773,0.8505747960776162,0.024302451566914705,2.030030870439092,0.8748772476445309,2.0160346825634763,0.8815443364905079,2.0374216412003143,0.86300824140706,2.0339274938672993,0.8656607219803283,0.1499515400211805,0.20350116939987317,0.6465472905789464,0.15085404035512973,0.20395794044343793,0.6451880192014324,0.15069552807158507,0.2062032304187686,0.6431012415096464,0.14884,0.20992,0.64124,0.1559967688932806,0.2063627281141878,0.6376405029925316,0.15747684164093514,0.22496691662990734,0.6175562417291575
546,Sampdoria,Napoli,0,2,1.4,4.75,8.0,0.8617708737149421,2.1335765875427395,0.01245590992290802,0.8742267836378501,2.1460324974656477,0.9003497028790651,2.1366162371187167,0.8753880193063268,2.1647645653428405,0.8738867420786979,2.1714180313003726,0.6687119018665029,0.1915964823808842,0.1396916157526129,0.6703414619811467,0.19089252338797133,0.138766014630882,0.665953777301117,0.19396748283192428,0.14007873986695862,0.66374,0.1949,0.14136,0.6573197968278484,0.1953905684911378,0.14728963468101408,0.6803939122649956,0.20053715308863027,0.11906893464637423
547,Milan,Roma,2,2,4.33,3.6,1.83,1.7146307749885432,1.0715371961578826,0.01903062910040877,1.733661404088952,1.0905678252582913,1.7400673967761047,1.016132528963515,1.7417242607521513,1.0872006030779235,1.7387372299591686,1.090542145302605,0.23654438281376605,0.23646795648422336,0.5269876607020108,0.2377765948570882,0.23673200702379968,0.5254913981191123,0.23683174919797592,0.23890819106313602,0.524260059738888,0.23734,0.23546,0.5272,0.21997722492723942,0.23643687910490177,0.5435858959678588,0.2188711590403955,0.2632533662902535,0.517875474669351
548,Hellas Verona,Cremonese,2,0,3.8,3.3,2.05,1.3716935820089535,1.0444641675735389,0.02729028990738544,1.398983871916339,1.0717544574809243,1.384080060290351,1.0825984137600682,1.3933681962047944,1.059731829143073,1.3909785907994996,1.0629889453035086,0.286031007658903,0.26839166113192925,0.44557733120916765,0.28732951273601853,0.2684929673183827,0.44417751994559873,0.2857638453547902,0.2709399925123629,0.44329616213284684,0.28266,0.26996,0.44738,0.29382837324864475,0.26838580555366554,0.4377858211976897,0.24967706218859564,0.28750692009595863,0.46281601771544567
549,Bologna,Atalanta,1,2,2.15,3.4,3.4,1.1417053044660628,1.4669971764632614,0.017840608473633016,1.1595459129396959,1.4848377849368946,1.1712058693250404,1.4608765900696052,1.1597457927531074,1.4884412978692994,1.157756846240133,1.4930160648733914,0.4475598223649511,0.2569705149362219,0.2954696626988268,0.44918560887460385,0.25666169727834315,0.2941526938470529,0.4461208667822869,0.25927450558384346,0.29460462763386974,0.448,0.2561,0.2959,0.43786598293221995,0.2587944293273429,0.303339587740437,0.44155844155844154,0.2792207792207792,0.2792207792207792
550,Napoli,Juventus,5,1,4.0,3.5,1.91,1.5480665056901486,1.161300752920867,0.018667785571649644,1.5667342912617983,1.1799685384925167,1.606223542930522,1.1094720561961202,1.5725280506739745,1.1782762963875535,1.5698311888250365,1.1818977623668527,0.2855899886865519,0.24975159409778855,0.4646584172156598,0.2869543574168511,0.24988276985258698,0.46316287273056145,0.28550395351164576,0.2521124800733307,0.4623835664150233,0.28182,0.25228,0.4659,0.2628663641955095,0.24822961194630852,0.4889040238581823,0.23601059135039718,0.26972639011473964,0.4942630185348632
551,Cremonese,Monza,2,3,2.55,3.3,2.8,1.2062615417996152,1.4003623991904062,0.01814169929369039,1.2244032410933057,1.4185040984840966,1.234040425694252,1.3058919514721437,1.2253221059669381,1.4208324735589792,1.223220697067538,1.4251994429031414,0.415504570463587,0.2597516912308607,0.32474373830555203,0.4170968603842339,0.2595246725745697,0.32337846704119666,0.41432784810921597,0.2620470508018551,0.3236251010889287,0.41374,0.26336,0.3229,0.38333317720968935,0.26733795661479487,0.34932886617551573,0.37265577737447064,0.2879612825166364,0.33938294010889286
552,Lecce,Milan,2,2,1.62,3.8,5.75,0.9383888873799012,1.937595770918095,0.013421278908960044,0.9518101662888613,1.9510170498270551,0.9690706509789097,1.9316001483317407,0.9532167012345343,1.9659189603652385,0.9515819489932448,1.971961268654771,0.6096920429515497,0.21364139262185444,0.176666564426596,0.6113764797451754,0.21301270706393666,0.17561081319088778,0.607207575209417,0.21597913250381492,0.1768132922867679,0.60984,0.2119,0.17826,0.5984600527659286,0.21736102692948034,0.1841789203045907,0.5854612684547574,0.24959138286755447,0.16494734867768818
553,Inter,Hellas Verona,1,0,9.5,5.5,1.3,2.2442810438826286,0.6822553972523167,0.03232470006881533,2.276605743951444,0.714580097321132,2.2600062928490106,0.7650557661959662,2.27974372039523,0.6922284004750463,2.2758339943574306,0.6943559843107824,0.09685595121760304,0.17006074921660227,0.7330832995657945,0.0974999065368591,0.17058613789839047,0.7319139555647504,0.0977076376167037,0.17291896054563335,0.729373401837663,0.09888,0.17186,0.72926,0.11097948714388518,0.17657657529726434,0.7124439375588505,0.09965156794425088,0.1721254355400697,0.7282229965156795
554,Sassuolo,Lazio,0,2,2.2,3.5,3.2,1.161901403648267,1.5772869467996724,0.015062311436023336,1.1769637150842904,1.5923492582356957,1.1747972834224696,1.5322329590094073,1.1802610176232764,1.600343250739449,1.1782368878095966,1.6052619516040278,0.4711227133099334,0.24749439376020466,0.28138289292986207,0.472800040324114,0.2471416014207531,0.28005835825513303,0.46957840856929234,0.24972679885310048,0.2806947925776072,0.47056,0.24916,0.28028,0.4553174056272657,0.2530409635907277,0.29164163078200667,0.4317656129529684,0.27139552814186585,0.2968388589051658
555,Udinese,Bologna,1,2,4.2,3.4,1.91,1.5083566546148774,1.0224665298892122,0.024964706001451533,1.533321360616329,1.0474312358906637,1.5590533159955455,1.0125071695769605,1.5321907302330087,1.0374126366386573,1.5295630462792051,1.0406011541210172,0.25666157756692826,0.2560767722217255,0.48726165021134626,0.2579039600901973,0.2562683992577376,0.4858276406520653,0.2566787316152362,0.2586170162012525,0.48470425218351143,0.25724,0.2603,0.48246,0.24603323455945875,0.2538748529646813,0.50009191247586,0.22551743297680232,0.2785803583831088,0.4959022086400889
556,Torino,Spezia,0,1,5.5,3.8,1.62,1.8205907312036271,0.9262273446123601,0.023438896797143057,1.8440296280007702,0.9496662414095032,1.8233468177796623,0.9265422587538069,1.8493585276159783,0.939766656034448,1.8461869056814773,0.9426550557958135,0.1878253821325987,0.22474717374025815,0.5874274441271432,0.1888718090681718,0.22512344911745905,0.5860047418143692,0.1883683617460036,0.2273716622642071,0.5842599759897895,0.18714,0.23184,0.58102,0.18809370004725845,0.2270978494410987,0.5848084505116427,0.171161652671968,0.24773397097258523,0.5811043763554469
557,Atalanta,Salernitana,8,2,7.0,5.0,1.4,2.0002237485126564,0.8789729301899365,0.02284433030659776,2.023068078819254,0.9018172604965342,2.020758921131939,0.8409793119116362,2.031829989602503,0.8918214908620544,2.028345431867499,0.8945625297836272,0.1564267096109898,0.20518477278694855,0.6383885176020616,0.15736218066806268,0.20563093358674708,0.6370068857451903,0.15715795041132763,0.20784765612208275,0.6349943934665897,0.15538,0.20946,0.63516,0.14717362337119316,0.20428105745410702,0.6485453191746997,0.13513513513513511,0.1891891891891892,0.6756756756756757
558,Roma,Fiorentina,2,0,4.0,3.5,1.95,1.6033080497191008,1.0576365753490578,0.021438940434749514,1.6247469901538503,1.0790755157838072,1.6009090466573506,1.0864004761333148,1.6286424858282584,1.073096787194816,1.6258493885708154,1.0763949809370104,0.25030471217699785,0.24668298770626076,0.5030123001167414,0.25155557460162203,0.2469025497033937,0.5015418756949844,0.2504387109845534,0.2491579602632097,0.5004033287522371,0.25006,0.24412,0.50582,0.2579837579973572,0.24902118612993238,0.49299505587271075,0.23842794759825325,0.2724890829694323,0.48908296943231444
559,Empoli,Sampdoria,1,0,3.5,3.2,2.2,1.2874544606800742,1.0691107582151231,0.028438151471336638,1.3158926121514107,1.0975489096864597,1.3179703392420479,1.108411036224364,1.3077979828018922,1.0847386961985748,1.3055551290197769,1.0880726716818772,0.3084600577168678,0.2749685612080226,0.4165713810751096,0.3097995511044438,0.2750015536343255,0.41519889526123077,0.3079794911580871,0.277517620189271,0.41450288865264195,0.30632,0.27768,0.416,0.3130259812478739,0.27296375914108956,0.41401025961103666,0.27139552814186585,0.2968388589051658,0.4317656129529684
560,Hellas Verona,Lecce,2,0,3.2,3.1,2.38,1.2761336402296672,1.0899713497878578,0.02769702484770277,1.30383066507737,1.1176683746355607,1.3093659570297345,1.1262475490987804,1.2962982780737855,1.105904221594949,1.2940751461115398,1.1093032499273938,0.31646098359594,0.27490258182637095,0.4086364345776886,0.31782105399129434,0.2749146751851521,0.40726427082355365,0.3159242427752896,0.27743201692436803,0.4066437403003422,0.3173,0.2758,0.4069,0.3195311796234238,0.27279843626445843,0.40767038411211765,0.2961387171871237,0.3056915790318696,0.3981697037810067
561,Salernitana,Napoli,0,2,1.29,5.75,9.5,0.8633693473833324,2.267200815961084,0.011002628184839597,0.8743719755681719,2.2782034441459236,0.851116485925145,2.3415235789371125,0.8770117510210614,2.300342072351604,0.8755076891180733,2.3074122396640693,0.6934496288582855,0.17905141733367222,0.12749895380804233,0.6950605775348112,0.1783306506412909,0.12660877182389785,0.6906463041811216,0.1813798380249917,0.1279738577938866,0.69238,0.18084,0.12678,0.7066857808823414,0.17391929803531775,0.11939492108234073,0.7352198929977456,0.16494498468992902,0.09983512231232546
562,Fiorentina,Torino,0,1,3.6,3.3,2.1,1.370458819397794,1.0081017721568357,0.029331116371036577,1.3997899357688306,1.0374328885278723,1.368227145698986,1.1002130619832442,1.392113922674016,1.02283789921871,1.3897264683288768,1.0259816208277375,0.2763235169092993,0.26977174993346004,0.45390473315724056,0.27758764474691044,0.26989531848167037,0.4525170367714194,0.27610338337677565,0.2723681876926093,0.45152842893061507,0.27662,0.2733,0.45008,0.30144382750303983,0.2690680223303579,0.429488150166602,0.26279863481228666,0.28668941979522183,0.4505119453924914
563,Sampdoria,Udinese,0,1,2.15,3.25,3.6,1.1079317909957191,1.4120508235466378,0.020074425075907638,1.1280062160716269,1.4321252486225455,1.1399065500581436,1.3890032109421548,1.1254386120817876,1.4326917557702645,1.1235085018653472,1.4370951749583205,0.440873597850446,0.26265744223336784,0.2964689599161858,0.4424698446390838,0.2623551014321755,0.2951750539287409,0.43942720735343216,0.2650207593026708,0.2955520333438969,0.44166,0.26322,0.29512,0.4260546596507341,0.2657104489171337,0.30823489143213223,0.4427206508371961,0.29287673824614513,0.2644026109166588
564,Monza,Sassuolo,1,1,3.3,3.4,2.2,1.3399807325812865,1.1104300996058192,0.0249398086293286,1.3649205412106151,1.1353699082351478,1.3717936213829975,1.1800042378621283,1.3611542408556512,1.1266620312352134,1.3588198818970874,1.1301248592907347,0.309860873524116,0.26854373865592795,0.4215953878199561,0.31122631462705663,0.2685837535729536,0.4201899317999894,0.3094345125847755,0.27102353663224077,0.41954195078298373,0.3084,0.26898,0.42262,0.3221012332193124,0.2653385954495193,0.41256017133116807,0.288135593220339,0.2796610169491525,0.43220338983050843
565,Spezia,Roma,0,2,1.83,3.5,4.75,0.9656324135026705,1.7446683626014137,0.015909891542738676,0.9815423050454092,1.7605782541441524,1.0155390154697999,1.7322426697044249,0.9808907119245497,1.7701713974955202,0.9792084991730295,1.7756120700382954,0.5592172745809584,0.23324308490283105,0.20753964051621066,0.5608954064157562,0.23269101670789877,0.2064135768763451,0.5569734912620675,0.2356068136729143,0.20741969506501834,0.55862,0.23386,0.20752,0.5418764304272732,0.23717998790134712,0.2209435816713795,0.5240759713137364,0.27401686500118216,0.2019071636850816
566,Juventus,Atalanta,3,3,3.5,3.4,2.1,1.5225611537202741,1.079655924685648,0.022100988070559463,1.5446621417908335,1.1017569127562075,1.5495058479198607,1.1543865880613182,1.5466196796398375,1.095438008725867,1.543967250255796,1.0988048688529821,0.2690895566706425,0.2536829716299953,0.4772274716993624,0.2703839837578111,0.25384836490438195,0.47576765133780685,0.2690615069466533,0.2561459032403002,0.4747925898130465,0.26846,0.2567,0.47484,0.28351492595953415,0.25215972259559694,0.46432535144486864,0.27055702917771884,0.2785145888594165,0.4509283819628648
567,Bologna,Cremonese,1,1,4.33,3.4,1.91,1.5463807622012449,0.9695234924376248,0.02682386741818969,1.5732046296194346,0.9963473598558145,1.5949366298022314,0.9835427875692464,1.5708156701575056,0.9836956938647344,1.5681217450152825,0.9867191107833606,0.2369093904750761,0.25302262427251426,0.5100679852524095,0.2380873119548103,0.2532642638099626,0.5086484242352272,0.23705054411782364,0.2556288665441886,0.5073205893379877,0.23742,0.25608,0.5065,0.23321025772923779,0.2506103682196179,0.5161793740511444,0.2202378731817827,0.28047940908150565,0.4992827177367116
568,Inter,Empoli,0,1,9.5,6.0,1.29,2.3340956704680993,0.6486080468743473,0.03387220276730834,2.3679678732354077,0.6824802496416555,2.348731592509062,0.7503452818760387,2.3709775395802115,0.6580892032973195,2.366911348920883,0.6601118593317251,0.08504915251403643,0.15888640614785884,0.7560644413381047,0.08563215912402815,0.15941735024433973,0.754950490631632,0.08590581495392362,0.1617423764324287,0.7523518086136476,0.08652,0.16348,0.75,0.10163157244890382,0.16723612384371134,0.7311323037073848,0.10052600818234952,0.1591661796220534,0.7403078121955972
569,Lazio,Milan,4,0,2.25,3.4,3.2,1.220740920163902,1.5180771373593112,0.015184083849698564,1.2359250040136005,1.5332612212090098,1.2234606973737536,1.4859001794059998,1.2400302780967989,1.5402679301976088,1.2379036449044092,1.545001987842083,0.4427514284784051,0.2505916037350236,0.30665696778657137,0.4444071715700593,0.25030895104651346,0.3052838773834272,0.4414369018000979,0.25280798450837816,0.3057551136915241,0.4416,0.2514,0.307,0.4326635291101184,0.25509699461960256,0.3122394762702789,0.42285270112708895,0.27982899339292655,0.29731830547998445
570,Bologna,Spezia,2,0,4.5,3.4,1.85,1.6267991121063963,0.9636313184455454,0.025310386271602973,1.6521094983779991,0.9889417047171484,1.6658526911880391,0.9482001320170684,1.6525047387795204,0.9777173898538254,1.6496707181187802,0.9807224322836701,0.22325931857501927,0.24487376616934534,0.5318669152556352,0.22440714328775307,0.24515610875203897,0.5304367479602079,0.22352849204565037,0.24747367259616443,0.5289978353581853,0.22114,0.24698,0.53188,0.21414476468492843,0.2434628976954581,0.5423923376196134,0.21026241016212607,0.2782884840381081,0.5114491057997661
571,Lecce,Salernitana,1,2,4.75,3.4,1.8,1.6321778597045835,0.9599946394505248,0.025386099662716783,1.6575639593673004,0.9853807391132415,1.6796341840423217,0.9529544103207693,1.6579684778660229,0.9740275509842425,1.6551250869752963,0.9770212525885302,0.22156718149222374,0.24432500652957703,0.5341078119781991,0.2227095402771127,0.24461167780382168,0.5326787819190657,0.22184760519456787,0.24692928754237975,0.5312231072630524,0.21796,0.24964,0.5324,0.21336356625273326,0.24207329028848937,0.5445631434587775,0.19857235561323813,0.2774172615184945,0.5240103828682673
572,Empoli,Torino,2,2,2.4,3.1,3.25,1.2118755998556534,1.2893109389534092,0.021264170511223625,1.233139770366877,1.3105751094646327,1.2104229596065537,1.2988724227493162,1.231024873734849,1.3081576966354558,1.2289136846748852,1.3121783568222458,0.384577433685938,0.26735230507279545,0.3480702612412664,0.38609998743918816,0.26719487241145967,0.34670514014935183,0.3835836104787904,0.2697236470881994,0.3466927424330103,0.38056,0.2715,0.34794,0.38646942929047357,0.26913681487940816,0.34439375583011833,0.3979853841595892,0.3081177167687142,0.29389689907169664
573,Cremonese,Inter,1,2,1.5,4.33,6.5,0.8350510097148814,2.0003937232216717,0.01480200559697098,0.8498530153118524,2.0151957288186426,0.8987392499393445,2.0459634876350576,0.8482459453089588,2.029634874158349,0.8467912163281692,2.035873015135723,0.6485723989373897,0.20368023735318375,0.14774736370942665,0.6501972045330726,0.20298838801332128,0.1468144074536062,0.6458267692736396,0.2061250469272416,0.14804818379911877,0.64444,0.20868,0.14688,0.6396029951027661,0.2040597159408811,0.15633728895635268,0.6340391980175715,0.2196440639783735,0.14631673800405498
574,Atalanta,Sampdoria,2,0,9.0,5.25,1.33,2.099112029906351,0.7858406022640062,0.026730855969551968,2.125842885875903,0.8125714582335581,2.11492785343622,0.8244902684904998,2.13228083961634,0.7973277827106452,2.1286240101911873,0.799778392510986,0.12779554459330217,0.19095719198418942,0.6812472634225085,0.12859642948988093,0.19144965179188345,0.6799539187182356,0.128607469402862,0.19372820771208776,0.6776643228850502,0.12948,0.19454,0.67598,0.13463043958354373,0.19404542347960158,0.6713241369368546,0.10547184773988898,0.18080888183980967,0.7137192704203014
575,Milan,Sassuolo,2,5,6.5,4.5,1.5,2.02839363537596,0.8349781715063422,0.024829087105440267,2.0532227224814004,0.8598072586117825,2.0248362363258288,0.865317041597208,2.0604449987859157,0.8471836300910283,2.0569113667424817,0.8497874732677094,0.14441057512659808,0.20053052169512656,0.6550589031782753,0.14528845402522592,0.2009969809431826,0.6537145650315915,0.14517416863858496,0.20324995073224103,0.651575880629174,0.14636,0.2016,0.65204,0.15173090353477792,0.20485543621168387,0.6434136602535382,0.1475409836065574,0.21311475409836067,0.639344262295082
576,Juventus,Monza,0,2,6.5,4.0,1.55,1.8937770990260179,0.8293251655547287,0.027682046531957355,1.9214591455579753,0.8570072120866861,1.9323301645229145,0.8918733379598991,1.9237013390550417,0.8414479902067252,1.920402220322104,0.8440342047297755,0.1575281313464688,0.21435607270769313,0.6281157959458381,0.15844393465500187,0.21479336202262736,0.6267627033223705,0.15819166889005568,0.21711311006392306,0.6246952210460213,0.15784,0.21608,0.62608,0.16739592380732213,0.21513684466874072,0.6174672315239371,0.1466587817859255,0.23832052040212892,0.6150206978119456
577,Lazio,Fiorentina,1,1,3.6,3.4,2.1,1.4715090488613916,1.0823210707276896,0.023056862515953385,1.4945659113773448,1.1053779332436429,1.4906654195111722,1.179727119381646,1.4947608824619012,1.0981421130673568,1.49219739013153,1.1015172843366947,0.27850309863457756,0.25817221742453583,0.46332468394088655,0.2798131048644346,0.25830801484866517,0.46187888028690016,0.27837895734338847,0.26064403890741333,0.46097700374919803,0.27794,0.26264,0.45942,0.3002022275639595,0.2561763611225944,0.4436214113134467,0.26503340757238314,0.28062360801781744,0.4543429844097996
578,Napoli,Roma,2,1,5.25,3.6,1.73,1.7484275912746188,1.074969188619349,0.01840458220209833,1.7668321734767172,1.0933737708214475,1.7542814015458266,1.0125848287358963,1.7760551124552153,1.09068276336806,1.773009204770237,1.0940350081122303,0.23234079131314117,0.2334283435060517,0.5342308651808072,0.23356623135235785,0.2337054015835743,0.5327283670640677,0.23267211918684294,0.23585999676596117,0.5314678840471959,0.23266,0.23464,0.5327,0.21714528462235444,0.23505997497769943,0.5477947403999464,0.1820493708072083,0.2654886657605121,0.5524619634322796
579,Udinese,Hellas Verona,1,1,4.33,3.75,1.8,1.7399200417879632,0.9885933391862955,0.021908810720922194,1.7618288525088854,1.0105021499072178,1.7765754328216259,0.9584592047939894,1.7674131321778248,1.003044297870361,1.764382045358458,1.0061271832781422,0.21308860830200152,0.23372784520887208,0.5531835464891265,0.2142276341526689,0.2340450466725991,0.5517273191747321,0.21348864226636816,0.23627491989659946,0.5502364378370324,0.213,0.2332,0.5538,0.20146030454047265,0.23233945013357948,0.5662002453259478,0.21928755908581452,0.25320403489108717,0.5275084060230983
580,Cremonese,Lecce,0,2,2.8,3.1,2.63,1.2371717980223533,1.2008786028968805,0.023819350249774454,1.2609911482721279,1.224697953146655,1.2767406023906418,1.1925487434199518,1.2567207860527823,1.2184326834142802,1.2545655288914106,1.2221775712004297,0.3550485265098104,0.2715757275582287,0.3733757459319611,0.3565051982112494,0.27149060560439137,0.3720041961843594,0.3542526020724963,0.2740086770274861,0.3717387209000178,0.35286,0.27568,0.37146,0.3439747625781588,0.27171927088946535,0.38430596653237603,0.3369425961896103,0.3043352481712609,0.35872215563912885
581,Roma,Empoli,2,0,6.5,4.2,1.5,2.0587209718476447,0.8151813991280531,0.025519313896834,2.0842402857444786,0.8407007130248871,2.066590364243727,0.8483121750742417,2.0912515482000775,0.8270974744766028,2.0876650833898274,0.829639582278113,0.13739660624035618,0.19653594704470387,0.66606744671494,0.13824278293543402,0.19701401840863886,0.6647431986559271,0.13818314285141842,0.19927635751581188,0.6625404996327696,0.13708,0.20058,0.66234,0.1440213996035133,0.19996408647792363,0.6560145139185631,0.1453287197231834,0.22491349480968856,0.629757785467128
582,Sassuolo,Atalanta,1,0,1.91,3.6,3.75,1.1499571979476,1.6194169697648317,0.014494917142779831,1.1644521150903797,1.6339118869076115,1.1689494764084096,1.5785614555607035,1.168128077314652,1.6430891176488225,1.1661247553102956,1.6481391991609136,0.4844051722817913,0.24426590220659258,0.27132892551161625,0.486097369318745,0.24388436945107375,0.27001826123018113,0.48277354566089353,0.24648991300223935,0.2707365413368674,0.48214,0.24872,0.26914,0.4682871164872276,0.2494738386104868,0.2822390449022856,0.49022277901846506,0.2600904188681301,0.24968680211340488
583,Spezia,Napoli,0,3,1.36,5.25,8.0,0.8434854517520447,2.182685633715235,0.012260821821925666,0.8557462735739704,2.1949464555371607,0.8786892183328139,2.2258955985785467,0.8568136629402565,2.2145914727117675,0.8553442404531715,2.221398083097685,0.682523105919807,0.1859659569335906,0.13151093714660234,0.6841333544276584,0.18524864540952096,0.13061800016282055,0.6797138684859397,0.1883427814932877,0.1319433500207724,0.67576,0.1927,0.13154,0.6794715762046146,0.185989965365542,0.13453845842984336,0.6997667444185273,0.18127290903032325,0.11896034655114963
584,Torino,Udinese,1,0,3.3,3.25,2.25,1.2897162740828112,1.0738224388337128,0.028120641066225614,1.3178369151490368,1.1019430798999383,1.3075370462291507,1.1205193747310291,1.310095535916129,1.0895192507405995,1.3078487418651346,1.09286791939535,0.30934092622383275,0.27454023170451647,0.4161188420716506,0.31068415686279305,0.27457163341015123,0.4147442097270557,0.30885843931409457,0.27708272577440246,0.41405883491150297,0.3133,0.2789,0.4078,0.31831732748052466,0.27323469061507777,0.40844798190439735,0.2871870397643594,0.2916053019145803,0.4212076583210604
585,Fiorentina,Bologna,1,2,4.5,3.5,1.83,1.6418760760771431,0.9613772465800029,0.025106128315431443,1.6669822043925746,0.9864833748954344,1.6739425092704314,0.9584878803681682,1.6678199391768254,0.9754303686469221,1.6649596531787878,0.9784283818515163,0.22049325206520673,0.24334081245086853,0.5361659354839248,0.22163410173720569,0.24363099642564823,0.5347349018371459,0.22078610664268014,0.2459414466600369,0.533272446697283,0.22446,0.24398,0.53156,0.21550504245127972,0.24267641000802592,0.5418185475406944,0.21076011846001974,0.27097729516288255,0.5182625863770978
586,Inter,Milan,1,0,4.0,3.5,1.95,1.660753404451373,1.0314175759257762,0.021469251644686105,1.6822226560960591,1.0528868275704624,1.6730477195602413,1.0843120692034012,1.6869955548762465,1.0464945263612209,1.6841023829869923,1.0497109572920298,0.23492107451168714,0.24148320387368905,0.5235957216146239,0.2361288093683474,0.2417443594969056,0.5221268311347468,0.23517149387291542,0.2439832467919853,0.5208452593350994,0.23254,0.2424,0.52506,0.24617987445844236,0.24259955340345138,0.5112205721381061,0.23842794759825325,0.2724890829694323,0.48908296943231444
587,Hellas Verona,Lazio,1,1,2.0,3.6,3.6,1.0593336157244995,1.658508355664629,0.015484928322679184,1.0748185440471787,1.6739932839873082,1.0820814449932052,1.6408919397709167,1.076072519898627,1.6827519296144737,1.0742270717844509,1.6879239159163135,0.5155217088187781,0.24177313596693037,0.24270515521429137,0.5172087291449606,0.24131453066199904,0.24147674019304022,0.5136120022994008,0.2440654919975657,0.24232250570303326,0.51458,0.24098,0.24444,0.5039003820008773,0.24549483840087535,0.25060477959824745,0.47368421052631576,0.2631578947368421,0.2631578947368421
588,Monza,Sampdoria,2,2,4.75,3.5,1.8,1.654541476422825,0.9583566561390171,0.024996973611951898,1.679538450034777,0.983353629750969,1.690056572903567,0.9407960506644064,1.6806854699814735,0.9723656241276779,1.6778031197924803,0.9753542177521228,0.21791403016463515,0.24204601039873436,0.5400399594366305,0.21904779732913857,0.2423432647727229,0.5386089378981385,0.2182274543054439,0.24464894641962198,0.5371235992749339,0.22028,0.24522,0.5345,0.20897840961937975,0.24093396900392694,0.5500876213766932,0.20015885623510724,0.27164416203335984,0.5281969817315331
589,Salernitana,Juventus,0,3,1.5,4.2,7.0,0.9177803878709015,1.9457183191587948,0.01372548075710901,0.9315058686280105,1.9594437999159038,0.9187952418166336,2.0063906232055606,0.9322825595545197,1.9741602415615256,0.9306837090499355,1.9802278796651005,0.6165212718439377,0.21222581131953666,0.17125291683652566,0.61819522275751,0.21158469529724375,0.1702200819452463,0.6139854795342662,0.2145854358143154,0.17142908465141837,0.61118,0.21918,0.16964,0.6265770188479127,0.20864591495052437,0.16477706620156307,0.6363636363636365,0.2272727272727273,0.13636363636363638
590,Milan,Torino,1,0,4.75,3.5,1.8,1.766266471810143,0.9578836986407242,0.022855035439055642,1.7891215072491986,0.9807387340797799,1.7750870700914814,0.9718003189456736,1.7941758714352876,0.9718857530796005,1.7910988869224294,0.9748728718066207,0.2022380958201305,0.23077581117202986,0.5669860930078398,0.20333618709556375,0.23111819570000333,0.5655456172044331,0.20269630673004302,0.23336250147311616,0.5639411917968409,0.20704,0.23228,0.56068,0.20476039084524253,0.23265579020593263,0.5625838189488248,0.20015885623510724,0.27164416203335984,0.5281969817315331
591,Empoli,Spezia,2,2,3.75,3.5,2.0,1.4322520736431064,1.0674353929945744,0.024609702408518258,1.4568617760516247,1.0920450954030927,1.4417478894438058,1.1212551040463885,1.4548835939291032,1.0830388409955192,1.4523884905460942,1.0863675919251186,0.2814330765202742,0.2621026265753429,0.4564642969043825,0.28273871629525016,0.2622251935882538,0.4550360901164964,0.28125418509460826,0.2646035150349087,0.4541422998704828,0.27994,0.26722,0.45284,0.29375528155172426,0.26204006958868764,0.4442046488595881,0.25339366515837103,0.27149321266968324,0.4751131221719457
592,Lecce,Roma,1,1,1.95,3.25,4.33,0.9916175380475323,1.7258678831755347,0.015670880154905583,1.0072884182024378,1.7415387633304402,1.0369008225824528,1.6739186882438495,1.0072864365893857,1.7510960983428083,1.0055589555688556,1.75647814240673,0.5483283838536758,0.2353280991944266,0.21634351695189757,0.5500121844752637,0.23479891152109672,0.21518890400363933,0.5461694026943194,0.2376684851052051,0.21616211220047576,0.54982,0.23574,0.21444,0.5227308094786404,0.24272651880042037,0.23454267172093946,0.4877224600135166,0.29263347600810996,0.2196440639783735
593,Lazio,Atalanta,0,2,3.0,3.4,2.38,1.50095136029179,1.1300842398420416,0.020576220806723534,1.5215275810985136,1.1506604606487651,1.499247895958308,1.2158056277752247,1.52466842224188,1.1466034697540222,1.5220536389326333,1.150127588392572,0.28579579562580165,0.2543893118420129,0.45981489253218544,0.28714304647820327,0.2545128954821662,0.4583440580396305,0.2856640481733085,0.25679667200190737,0.45753927982478404,0.28932,0.25402,0.45666,0.30787683844922764,0.2543662003883158,0.43775696116245666,0.3181818181818181,0.2807486631016043,0.40106951871657753
594,Udinese,Sassuolo,2,2,3.6,3.6,2.0,1.4559095406405267,1.1154832941523167,0.022029351900517587,1.4779388925410444,1.1375126460528344,1.44725331419855,1.1608366974224875,1.478914880908439,1.1317890918525406,1.4763785642313283,1.135267678075867,0.2899380349065288,0.2585922238186287,0.45146974127484263,0.2912826319923813,0.2586990163971903,0.4500183516104287,0.2897404322560326,0.2610283506944253,0.44923121704954216,0.29196,0.26054,0.4475,0.3031050058598615,0.2602329506325568,0.43666204350758153,0.2631578947368421,0.2631578947368421,0.47368421052631576
595,Bologna,Monza,0,1,3.5,3.2,2.2,1.2814421224292871,1.0741970665620078,0.02835283730795558,1.3097949597372427,1.1025499038699633,1.3245350812251573,1.1121944991140043,1.3016906414733698,1.089899354663816,1.2994582616893624,1.0932491915788727,0.3110325244273562,0.27524509359220467,0.41372238198043887,0.3123777323627559,0.2752708847509512,0.41235138288629314,0.3105310947123547,0.2777906430913837,0.4116782621962617,0.31046,0.27554,0.414,0.3128166854867185,0.27223439771076724,0.41494891680251433,0.27139552814186585,0.2968388589051658,0.4317656129529684
596,Juventus,Fiorentina,1,0,4.5,3.5,1.83,1.777164033476441,0.9485060623656042,0.023111316374612063,1.800275349851053,0.9716173787402163,1.7997242667789808,0.9820111202450023,1.80524562931792,0.9623710373512874,1.8021496603375364,0.9653289123267204,0.19859269723871997,0.2295454014525395,0.5718619013087405,0.19967724627547767,0.22989626385964948,0.5704264898648728,0.19907107871161112,0.2321439861073816,0.5687849351810073,0.20082,0.22924,0.56994,0.20383661942460632,0.23036884647466013,0.5657945341007333,0.21076011846001974,0.27097729516288255,0.5182625863770978
597,Napoli,Cremonese,3,0,13.0,7.5,1.18,2.550755018900381,0.6647655974723868,0.028512705148845286,2.579267724049226,0.6932783026212321,2.5230753244912534,0.7074024645184406,2.5910603988102285,0.674482940087267,2.5866167693723625,0.6765559827417211,0.07433007152780362,0.14036717454085137,0.7853027539313451,0.07487055854288716,0.14089669678557235,0.7842327446715405,0.07522050208330591,0.14308995875388678,0.7816895391628074,0.07722,0.1413,0.78148,0.08307533823087714,0.14859054906455896,0.768334112704564,0.07272577861779932,0.12605801627085214,0.8012162051113485
598,Hellas Verona,Salernitana,1,0,4.5,3.4,1.85,1.628336029426228,0.9380103004019691,0.026676997078571157,1.655013026504799,0.9646872974805403,1.6767249439126801,0.9501468650538779,1.6540659414721168,0.9517218515110367,1.6512292433723457,0.9546469959084669,0.21667190066945277,0.24468323137711107,0.5386448679534364,0.2177921476465754,0.24497994077963242,0.5372279115737921,0.21696784605465003,0.24732066153853524,0.5357114924068149,0.21702,0.24326,0.53972,0.21309101454117133,0.24235698530682384,0.5445520001520046,0.21026241016212607,0.2782884840381081,0.5114491057997661
599,Sampdoria,Inter,0,0,1.44,4.5,7.0,0.8065494469286671,2.087719354690883,0.014259746650281584,0.8208091935789488,2.101979101341165,0.8740295706319624,2.1165218327086683,0.8192940192743687,2.118237005318991,0.8178889424093188,2.1247474674867988,0.6732242275163153,0.19346345098495057,0.13331232149873418,0.6748216824394272,0.19274565816371325,0.13243265939685955,0.6703834532506348,0.19591543635094844,0.13370111039841626,0.67006,0.19654,0.1334,0.6596835242809346,0.19617396362319534,0.14414251209587015,0.6554307116104868,0.2097378277153558,0.1348314606741573
600,Sassuolo,Napoli,0,2,1.6,4.0,5.0,1.0059396134494059,1.901976518428783,0.012649292106896456,1.0185889055563022,1.9146258105356793,1.011971414783552,1.8979999954446838,1.0218348201572307,1.9297790364070047,1.0200823888786807,1.9357102676040838,0.5853773656593542,0.21871239974797035,0.19591023459267576,0.5870914743491505,0.2181294703868262,0.19477905526402273,0.5830741899077653,0.22098427068122345,0.1959415394110111,0.58346,0.22098,0.19556,0.5807453713870939,0.22147137094863004,0.19778325766427596,0.5813953488372093,0.23255813953488372,0.186046511627907
601,Sampdoria,Bologna,1,2,2.38,3.1,3.25,1.160960120555931,1.3523932281511113,0.02051138201388587,1.1814715025698168,1.372904610164997,1.1786631043924563,1.319528383252921,1.179304860984732,1.372162103673485,1.1772823709652418,1.3763794832403762,0.41281199187051465,0.26534213365536485,0.32184587447412016,0.41437651437395273,0.26511135134272235,0.32051213428332526,0.41159310818642375,0.26770151899966577,0.3207053728139104,0.41366,0.2664,0.31994,0.39888113677603954,0.26934152703830266,0.33177733618565797,0.39999205971097346,0.30709067810068286,0.2929172621883437
602,Monza,Milan,0,1,2.1,3.3,3.75,1.0503468551988149,1.569462697755119,0.017497296850581538,1.0678441520493964,1.5869599946057005,1.0722156395910818,1.5517799357610744,1.0669437563995237,1.5924046291868128,1.0651139639768301,1.5972989304704412,0.4954707889781403,0.25004535978040315,0.25448385124145667,0.49712758042826594,0.24962170487421173,0.25325071469752247,0.4936519652616917,0.2523824108078142,0.25396562393049404,0.49592,0.25008,0.254,0.48399207920272697,0.25365742158861093,0.2623504992086624,0.4552980132450331,0.2897350993377484,0.25496688741721857
603,Inter,Udinese,3,1,6.0,4.2,1.53,2.1052880032544263,0.767899383962265,0.027880765163547202,2.1331687684179736,0.7957801491258122,2.121210864119859,0.8601599304085858,2.1385544016980504,0.7791243051015191,2.1348868132087095,0.7815189659915165,0.12377213774288094,0.18937219837847558,0.6868556638786435,0.12455137224933284,0.18986975481958301,0.6855788729310841,0.12458721384245457,0.19216661420051606,0.6832461719570294,0.12314,0.19238,0.68448,0.1409677714167425,0.19509691883468588,0.6639353097485715,0.15747684164093514,0.22496691662990734,0.6175562417291575
604,Atalanta,Lecce,1,2,7.0,4.0,1.5,1.8743149029461612,0.8536900210673496,0.026501212263352007,1.9008161152095133,0.8801912333307016,1.903707047439508,0.8881163937333276,1.9039316139490474,0.8661690038142873,1.900666399995983,0.8688311990814365,0.16506046393256707,0.21724876347959218,0.6176907725878407,0.1660097136393337,0.21767166829769,0.6163186180629764,0.16569697380951562,0.21997234123600085,0.6143306849544835,0.16738,0.21886,0.61376,0.16986185419789893,0.21794121529256869,0.6121969305095323,0.1348314606741573,0.23595505617977527,0.6292134831460674
605,Salernitana,Lazio,0,2,1.7,3.75,5.5,0.9931611650000745,1.7952809913966203,0.01445131259874989,1.0076124775988244,1.8097323039953703,1.0302398837674416,1.7686503362269315,1.0088544549359661,1.8215238664035618,1.0071242847876614,1.8271223722318521,0.5642860668707238,0.22862402023259218,0.207089912896684,0.565982352590098,0.2280699382149308,0.2059477091949713,0.5620571126963808,0.23094054531758318,0.20700234198603606,0.5598,0.23224,0.20796,0.5469047744727268,0.23382067710259413,0.2192745484246793,0.5674002751031636,0.2572214580467675,0.17537826685006877
606,Fiorentina,Empoli,1,1,5.75,4.0,1.6,1.857054283755409,0.9034905180004407,0.023965587007992197,1.8810198707634012,0.9274561050084329,1.8398112090995764,0.9205875345999772,1.886398253625255,0.9166974693620753,1.8831631091202494,0.9195149653167869,0.17816218802623382,0.22049048812169017,0.6013473238520758,0.17917191595264584,0.22088830408376733,0.5999397799635866,0.17875686609052616,0.22314257929738318,0.5981005546120908,0.17942,0.223,0.59758,0.184695648037984,0.2253005107860699,0.5900038411759461,0.16580310880829016,0.2383419689119171,0.5958549222797929
607,Spezia,Juventus,0,2,1.62,3.75,6.0,0.8739484414837152,1.8755541159691247,0.01580833407393247,0.8897567755576477,1.8913624500430573,0.9546805955147893,1.8822858772149993,0.8877580091194207,1.9029703992529141,0.8862355175461498,1.90881923333507,0.6121250509460152,0.2180061673791054,0.1698687816748795,0.6137749905339662,0.2173612212371262,0.1688637882289078,0.6095439059902051,0.22044062022620448,0.17001547378359017,0.609,0.2175,0.1735,0.5911282513126696,0.22180865720941972,0.18706309147791067,0.5875440658049352,0.25381903642773207,0.15863689776733253
608,Roma,Hellas Verona,1,0,5.75,3.6,1.65,1.7235561497179233,0.8926862048652568,0.027223545791211928,1.7507796955091353,0.9199097506564687,1.7740138577967777,0.9326318792180854,1.750790668476327,0.9057352220424929,1.747788088931074,0.9085190252157692,0.1925355948508259,0.23422091088938754,0.5732434942597866,0.19357689557277025,0.23457850048203027,0.5718446039451996,0.1929925013447522,0.23691121126208578,0.5700962873931619,0.1924,0.2397,0.5679,0.1957972654497567,0.23223008702694384,0.5719726475232993,0.1644176873572763,0.26261158397342743,0.5729707286692962
609,Torino,Cremonese,2,2,5.25,3.8,1.65,1.809598444531834,0.9108839027710559,0.024439470603527157,1.8340379151353612,0.935323373374583,1.8160276873312098,0.923932696560894,1.8381925479446217,0.924198928397022,1.8350400754965601,0.9270394803011518,0.18571024850931656,0.22554271794086192,0.5887470335498217,0.1867435903221207,0.22592208354851273,0.5873343261293664,0.18625146641978305,0.22819140404765353,0.5855571295325636,0.18794,0.22558,0.58648,0.18842007022470977,0.22779112483501468,0.5837888049402754,0.1797462911201892,0.24833369167920874,0.571920017200602
610,Empoli,Napoli,0,2,1.44,4.75,7.0,0.8642788770588165,2.07729134958496,0.013087231463533236,0.8773661085223496,2.090378581048493,0.9008398988699202,2.108511317370106,0.8779356524958121,2.1076565667857223,0.8764300061157532,2.114134509672346,0.6570009675271707,0.19720447867991828,0.14579455379291095,0.6586380974553523,0.19651077579038762,0.14485112675425993,0.6542736164375569,0.19958953628506243,0.14613684727738063,0.65328,0.201,0.14572,0.6516733440796669,0.1980915826888975,0.1502350732314356,0.6627466613514053,0.20091688259916285,0.13633645604943193
611,Lecce,Sassuolo,0,1,2.9,3.25,2.45,1.2631477053332059,1.151502169256489,0.02517043116573602,1.2883181364989418,1.176672600422225,1.286186952486908,1.172924247419263,1.2831071478388427,1.1683344799882547,1.2809066384656567,1.171925389509809,0.33611881399759597,0.2726240338795045,0.39125715212289924,0.33753293036213083,0.2725878957831385,0.3898791738547307,0.3354597680272014,0.2750922870073197,0.3894479449654792,0.33842,0.27682,0.38476,0.33676058582691837,0.27213836732994034,0.3911010468431413,0.3250995202613045,0.29008880269470244,0.384811677043993
612,Bologna,Inter,1,0,1.7,3.75,5.5,0.922890401341214,1.8320579800061176,0.015362673389971406,0.9382530747311855,1.847420653396089,0.9938375114583402,1.841450275473038,0.9374733181503888,1.8588384499187234,0.9358655655732354,1.8645516431892937,0.5901165532450133,0.2237510119307412,0.18613243482424546,0.5917879540192796,0.22314471380562848,0.18506733217509197,0.5876847855012524,0.2261379776581616,0.18617723684058585,0.58842,0.22256,0.18902,0.5724529672657943,0.22650970874969611,0.20103732398450924,0.5674002751031636,0.2572214580467675,0.17537826685006877
613,Salernitana,Monza,3,0,2.05,3.3,3.6,1.107969110885574,1.4305969992951668,0.01955639845534062,1.1275255093409147,1.4501533977505074,1.121951618374419,1.4551873492284413,1.1254765216763878,1.4515090339113204,1.1235463464455653,1.4559702885432528,0.4457926168149259,0.2610809735898465,0.29312640959522773,0.44739820802843366,0.260768430439218,0.29183336153234873,0.4443190607034687,0.2634334759904223,0.29224746330610896,0.44154,0.26586,0.2926,0.44755916038608656,0.26088514050311196,0.29155569911080126,0.4564841498559078,0.28357348703170027,0.25994236311239194
614,Udinese,Spezia,2,2,5.75,3.8,1.62,1.7980157907667926,0.9080139650786667,0.024814075888269435,1.822829866655062,0.9328280409669362,1.8185930143070763,0.9190482640609817,1.8264268725813064,0.9212870388227269,1.8232945780887353,0.9241186409507632,0.18651591739893203,0.2266778686305758,0.5868062139704922,0.1875499051540335,0.22705461170644037,0.5853954831395263,0.18704651647555054,0.22933264489895316,0.5836208386254964,0.18946,0.22756,0.58298,0.18698639140173443,0.22743208223575218,0.5855815263625133,0.16494734867768818,0.24959138286755447,0.5854612684547574
615,Milan,Atalanta,2,0,3.4,3.4,2.15,1.5479820260166754,1.074241406655101,0.02181781690038083,1.5697998429170563,1.0960592235554818,1.541230305369429,1.154986567442924,1.572442236107378,1.0899443429069908,1.5697455214291252,1.0932943180947026,0.26346214312444777,0.2515004179131855,0.48503743896236684,0.2647446013419082,0.25168243897253895,0.4835729596855526,0.26348501505998295,0.25396470609976807,0.48255027884024915,0.26532,0.25534,0.47934,0.2850796442739126,0.2528216287091178,0.46209872701696986,0.2792207792207792,0.2792207792207792,0.44155844155844154
616,Hellas Verona,Fiorentina,0,3,2.25,3.25,3.25,1.1490618380671784,1.3919407716137882,0.01964085839851625,1.1687026964656946,1.4115816300123043,1.1513427793193967,1.3602453699898012,1.1672185695368946,1.4122877411754216,1.1652168073246358,1.416628448039617,0.42608798314081725,0.2627569862748682,0.3111550305843145,0.4276750865805519,0.2624949939322755,0.30982991948717264,0.4247787838214732,0.26509932118604657,0.3101218949924801,0.42568,0.26474,0.30958,0.41582837342066675,0.26752512451552385,0.3166465020638095,0.4193548387096774,0.2903225806451613,0.2903225806451613
617,Lazio,Sampdoria,1,0,8.0,4.33,1.44,2.1319770806494636,0.7141304321246089,0.03167926586811733,2.163656346517581,0.7458096979927262,2.157066187996974,0.805131864898921,2.165665202620388,0.7245693749746193,2.161951119517059,0.7267963597227276,0.11129800892607662,0.18354161984518164,0.7051603712287418,0.11201001189047623,0.18405342561447635,0.7039365624950475,0.1121198544932672,0.18640295186670494,0.7014771936400279,0.1129,0.1883,0.6988,0.1270403830633185,0.18889073352975644,0.6840688834069251,0.11900326747488318,0.2198674687757657,0.661129263749351
618,Cremonese,Roma,2,1,1.75,3.4,5.25,0.9457692307949125,1.7346145809567892,0.01656526767433773,0.9623344984692502,1.751179848631127,1.008195558400878,1.73918779602505,0.9607136640594862,1.759970652709019,0.9590660546402171,1.7653799729702275,0.56177453877027,0.23402612057171865,0.20419934065801104,0.5634437205435555,0.23346574873910989,0.20309053071733463,0.5594917425382135,0.23641649740160972,0.20409176006017649,0.56216,0.23466,0.20318,0.5452988833851437,0.23647678071588887,0.21822433589896728,0.5411140583554376,0.27851458885941643,0.18037135278514588
619,Juventus,Torino,4,2,5.5,3.4,1.73,1.7905983732351956,0.8617719072828544,0.027706834219004606,1.8183052074542,0.889478741501859,1.8396233647648075,0.9396949910138449,1.8188922498185736,0.8743690286001831,1.8157728770902064,0.8770564268786145,0.17681031037171946,0.22641016281948875,0.5967795268087916,0.17779588979701652,0.22680476113734943,0.5953993490656341,0.17736177996889715,0.2291368257468507,0.593501394284252,0.17828,0.23072,0.591,0.18902802871417923,0.22571959890363394,0.5852523723821867,0.1725078452649793,0.2790568085168783,0.5484353462181424
620,Napoli,Lazio,0,1,5.25,3.8,1.65,1.8463494838792658,1.025090552467691,0.018766823285258034,1.8651163071645238,1.043857375752949,1.8504794332360763,0.999522617625511,1.8755243034298261,1.0400750163862214,1.8723078075851205,1.0432717167690684,0.20696973162552074,0.22401974753623627,0.5690105208382428,0.2081130421122765,0.22436032597481223,0.5675266319129113,0.20746970593541417,0.22650447129065474,0.5660258227739311,0.20708,0.22734,0.56558,0.2011432416894003,0.22573771430337655,0.5731190440072234,0.1797462911201892,0.24833369167920874,0.571920017200602
621,Monza,Empoli,2,1,3.8,3.25,2.1,1.376616731023041,1.0342967156792946,0.02769161800625944,1.4043083490293005,1.061988333685554,1.3802715053816186,1.0742193091154726,1.3983691376332437,1.049415752509594,1.395970955688954,1.0526411619127245,0.28238005033342795,0.26829046559707814,0.4493294840694937,0.28366778335988846,0.2684011295603428,0.4479310870797686,0.2821366910011523,0.270850295859296,0.4470130131395518,0.28236,0.26828,0.44936,0.2922624732927362,0.2690416407319141,0.4386958859753498,0.2513349291106611,0.2938685324986191,0.45479653839072
622,Atalanta,Udinese,0,0,5.5,4.0,1.62,1.820890727326996,0.8955500938696908,0.025066483593680824,1.845957210920677,0.9206165774633716,1.842963495524561,0.9326640677721315,1.8496632640839252,0.9086409745109401,1.8464911195309857,0.911433708597739,0.1808034468403638,0.22402428478080563,0.5951722683788305,0.18181634981899447,0.22441404163644954,0.5937696085445558,0.18136616522930005,0.22669400158353076,0.5919398331871691,0.18228,0.22712,0.5906,0.18702488082997615,0.22523981873020507,0.5877353004398189,0.17330837122225196,0.23829901043059643,0.5883926183471516
623,Fiorentina,Milan,2,1,2.55,3.3,2.8,1.2254236949604775,1.3625445754996637,0.01874865597974317,1.2441723509402207,1.3812932314794069,1.2386304873307292,1.370387144667601,1.244787047069926,1.3824618403498903,1.2426522560906132,1.3867108764527603,0.40129336492897144,0.2615781949187201,0.33712844015230825,0.40286257114988566,0.2613863288415156,0.33575110000859876,0.40022123550799915,0.26388634140076395,0.335892423091237,0.39692,0.26448,0.3386,0.39944822016758924,0.26270152750662285,0.337850252325788,0.37265577737447064,0.2879612825166364,0.33938294010889286
624,Spezia,Hellas Verona,0,0,2.8,3.1,2.7,1.2541920066165537,1.1736810754233666,0.024468257215210627,1.2786602638317643,1.1981493326385773,1.2728695073112233,1.1896039489867578,1.2740099369673745,1.1908375907031206,1.271825029173391,1.1944976641806435,0.3440558064546776,0.2720142637243079,0.3839299298210147,0.3454890760862297,0.27195795526925953,0.3825529686445106,0.3433420470576723,0.27446450344265244,0.3821934494996754,0.34314,0.27416,0.3827,0.3439483845558795,0.27216782756836366,0.38388378787575683,0.34010564811052413,0.30719219829337663,0.3527021535960991
625,Sampdoria,Salernitana,0,0,3.2,3.25,2.3,1.264929563950964,1.0672956922203025,0.029241665937270442,1.2941712298882344,1.096537358157573,1.2936037077055211,1.12053259481315,1.2849171622332247,1.082897098117546,1.2827135487126982,1.086225413396346,0.31228352948625376,0.2770433160094628,0.4106731545042831,0.31362587329531233,0.2770627977202813,0.40931132898440636,0.31175525574545826,0.27960424629276664,0.40864049796177493,0.31376,0.27606,0.41018,0.3209957536373684,0.27437422528513156,0.4046300210774998,0.29621557360808404,0.2916584109371904,0.41212601545472566
626,Inter,Lecce,2,0,9.5,4.75,1.36,2.2498784470712394,0.6781022245317677,0.0326090893163236,2.282487536387563,0.7107113138480913,2.2765081676326093,0.7622629017402066,2.2854295701262775,0.6880145179307372,2.281510092942092,0.6901291502776571,0.09573478852500734,0.16922137880635968,0.7350438326686329,0.09637269207547507,0.16974748780871274,0.7338798201158122,0.09658642639495024,0.1720823844647614,0.7313311891402883,0.09616,0.17316,0.73068,0.1091788659859578,0.17481936876379475,0.7160017652502475,0.10014727540500737,0.20029455081001474,0.6995581737849779
627,Roma,Juventus,1,0,2.88,3.0,2.7,1.2851490412721243,1.2095504135420194,0.02227294744432442,1.3074219887164487,1.2318233609863438,1.3088088985517254,1.2554476393920067,1.3054561346485707,1.2272312559668501,1.3032172971006575,1.2310031864180035,0.34759414874270617,0.26774670208492396,0.38465914917236976,0.3490510860647814,0.2676885445442013,0.3832603693910175,0.3468982044373171,0.2701467651237021,0.3829550304389808,0.34762,0.2678,0.38458,0.3544521929010001,0.26594397460725505,0.3796038324917447,0.33039647577092507,0.3171806167400881,0.35242290748898675
628,Sassuolo,Cremonese,3,2,4.5,3.6,1.8,1.6946052916296763,0.9500681519624541,0.024605368041207547,1.7192106596708838,0.9746735200036616,1.6987359713055927,0.9450269747657482,1.7213823476661343,0.9639559611018081,1.7184302029467657,0.9669187073858296,0.21020692671107818,0.2379210710493129,0.5518720022396086,0.2113194235996573,0.23823931108693513,0.5504412653134075,0.21058176236957887,0.24052970443564733,0.5488885331947739,0.2102,0.24108,0.54872,0.2088000393108382,0.24007251050662842,0.5511274501825332,0.21052631578947367,0.2631578947368421,0.5263157894736842
629,Torino,Bologna,1,0,3.4,2.9,2.4,1.2755986921114904,1.118793621676865,0.026303631517946985,1.3019023236294374,1.145097253194812,1.3030067487814057,1.1296727521544938,1.2957548770516742,1.1351478087444775,1.2935326770139717,1.138636718080469,0.32458340210671605,0.2734383331509985,0.4019782647422854,0.3259682900518637,0.27343146451985445,0.400600245428282,0.32400237125139003,0.275935593364582,0.40006203538402796,0.32202,0.27758,0.4004,0.3216870951528831,0.2731399240909534,0.4051729807561637,0.2786228983186549,0.32666132906325057,0.39471577261809443
630,Spezia,Inter,2,1,1.4,4.6,8.0,0.8041446287758781,2.123026028380547,0.013846591818553177,0.8179912205944313,2.1368726201991004,0.8572010189162299,2.1518760055417934,0.8168512017415749,2.1540597812951434,0.8154503142716872,2.160680345791988,0.6806785370687011,0.1897898399695926,0.1295316229617065,0.6822695061534901,0.18906648207522084,0.12866401177128928,0.6778209169464081,0.19223278237112143,0.1299463006824707,0.68014,0.19212,0.12774,0.670580101199066,0.19198186851357332,0.1374380302873608,0.6759735488611316,0.20573108008817048,0.11829537105069801
631,Empoli,Udinese,0,1,2.4,3.25,3.0,1.176728343005373,1.3966929682886509,0.018874620207816814,1.1956029632131897,1.4155675884964676,1.1763141005405926,1.3403904517827816,1.1953222426798165,1.4171094040251864,1.1932722830927118,1.4214649304083924,0.42111436257003265,0.26126063678011113,0.3176250006498562,0.4227045153301368,0.26101528347112113,0.316280201198742,0.41986883932171604,0.26357922223608704,0.31655193844219676,0.41728,0.26672,0.316,0.40499827009512135,0.26789078831074997,0.32711094159412857,0.393939393939394,0.2909090909090909,0.3151515151515151
632,Napoli,Atalanta,2,0,5.0,4.0,1.67,1.836181943743345,1.0206811471333512,0.01907475975170973,1.855256703495055,1.039755906885061,1.8648202407840817,0.9899603558029637,1.8651961024053094,1.0356011556972053,1.861997319269321,1.0387841055409548,0.2073347364036263,0.22490415629725122,0.5677611072991224,0.2084767187230643,0.22524302708024765,0.5662802541966879,0.2078263103964007,0.22739580393008793,0.5647778856735115,0.20742,0.2295,0.56308,0.1971343162984872,0.2242071772632788,0.5786585064382341,0.19069369112189552,0.2383671139023694,0.5709391949757351
633,Bologna,Lazio,0,0,2.38,3.1,3.1,1.114064590101111,1.4196628131152238,0.019708360717215614,1.1337729508183267,1.4393711738324395,1.1387547118043977,1.3949706237664474,1.1316683177093747,1.4404150151020574,1.1297275236419022,1.4448421719491031,0.4414797367411105,0.26179983773744026,0.2967204255214496,0.443080211210688,0.2614976149621642,0.29542217382714764,0.4400382457300465,0.26415349820308887,0.29580825606686467,0.43908,0.26448,0.29644,0.4278982178989885,0.2652720720260566,0.30682971007495496,0.3944020356234097,0.30279898218829515,0.30279898218829515
634,Lecce,Torino,0,2,2.63,3.0,3.0,1.2224828022944896,1.3662243689793216,0.018710004619904828,1.2411928069143945,1.3849343735992266,1.207126931824286,1.3058358936469565,1.2417996843214336,1.3861954239386178,1.239670016624101,1.3904559353176933,0.40291099078389614,0.2614615693163406,0.33562743989976285,0.40448257355849326,0.2612655228213458,0.334251903620161,0.4018260303588286,0.26376903628977455,0.33440493335139687,0.40052,0.26464,0.33484,0.38904741032289347,0.2688276877306759,0.34212490194643086,0.36319612590799033,0.31840193704600483,0.31840193704600483
635,Cremonese,Fiorentina,0,2,1.85,3.6,4.33,1.047609147049621,1.6233372238149633,0.016414456137154722,1.0640236031867756,1.639751679952118,1.0927658411629086,1.6145375478487718,1.0641627887580547,1.647066676787977,1.062337765652851,1.652128983442123,0.5096637727466147,0.24508247183519757,0.24525375541818772,0.5113376129542067,0.24463197215966426,0.24403041488612875,0.5077682652920276,0.24740010732495346,0.24483162738301922,0.50794,0.2491,0.24296,0.49488188660233184,0.2477271808954859,0.25739093250218215,0.5151610291323099,0.2647355288596593,0.22010344200803078
636,Hellas Verona,Monza,1,1,2.9,3.2,2.5,1.2394721538409927,1.118773595222734,0.02737319488992427,1.266845348730917,1.1461467901126583,1.2773815798495398,1.1472581877490784,1.2590574906052323,1.135127489549692,1.2568982260308563,1.1386163364340558,0.331754398296105,0.27635088160929006,0.3918947200946047,0.33314544464694845,0.27631985766727296,0.39053469768577853,0.3310897634876443,0.2788653974272912,0.3900448390850647,0.3338,0.27792,0.38828,0.33148406042049444,0.27423250257108506,0.3942834370084205,0.32613126783530366,0.29555646147574394,0.3783122706889523
637,Roma,Sassuolo,3,4,5.5,3.6,1.67,1.7151338140455927,0.9217449343289464,0.025708074643183334,1.740841888688776,0.9474530089721298,1.751764583246421,0.9586434415371285,1.7422352485068036,0.9352187232320742,1.7392473413775418,0.938093144791578,0.20058227251823307,0.2355177792976499,0.563899948184117,0.20165787183525172,0.23585820519041942,0.5624839229743288,0.20100678258632482,0.23816515543370687,0.5608280619799682,0.19884,0.23464,0.56652,0.20481631930960728,0.23482405241285048,0.5603596282775423,0.17178615309883705,0.26245106723433437,0.5657627796668286
638,Juventus,Sampdoria,4,2,10.0,4.75,1.33,2.177991252330122,0.7058559292305873,0.031480695832138944,2.209471948162261,0.7373366250627262,2.205630116446593,0.7821717703724562,2.2124064604606675,0.7161739178978078,2.2086122168063156,0.7183750989678845,0.10606204535609055,0.17829286164797364,0.7156450929959358,0.10675105527995221,0.1788105050153631,0.7144384397046848,0.10689994968606126,0.18114787849095926,0.7119521718229795,0.10688,0.18138,0.71174,0.1185327856851475,0.18286264212386094,0.6986045721909915,0.09412597310686482,0.1981599433828733,0.7077140835102618
639,Milan,Salernitana,1,1,11.0,6.0,1.25,2.2925019304189194,0.7057942897214946,0.02932752815105767,2.3218294585699772,0.7351218178725523,2.311742723170521,0.7517437141565625,2.328726562171061,0.7161113773609984,2.3247328312996554,0.7183123662109421,0.09736672812447777,0.16690265884395172,0.7357306130315704,0.09802147244336283,0.16742831763536456,0.7345502099212726,0.0982401137674408,0.16971021744165576,0.7320496687909035,0.0977,0.17168,0.73062,0.10463628232965168,0.17080790185016875,0.7245558158201796,0.08595988538681948,0.15759312320916904,0.7564469914040115
640,Sassuolo,Spezia,1,0,4.5,3.75,1.7,1.7579547187916156,0.9428079586965686,0.02374654205012437,1.78170126084174,0.966554500746693,1.7810307731241235,0.9468600673120219,1.7857327814750914,0.9565896405247575,1.7826702767339557,0.9595297462112857,0.19981772113905089,0.23139954662845696,0.5687827322324919,0.20090233002804514,0.23174600359705963,0.5673516663748952,0.20027773069534416,0.23400917306313662,0.5657130962415193,0.20176,0.23414,0.5641,0.19818193540423987,0.2317308263309936,0.5700872382647664,0.20631067961165048,0.24757281553398058,0.546116504854369
641,Atalanta,Empoli,2,1,7.5,4.5,1.4,2.037724418073431,0.7752005662397199,0.028623328273693502,2.0663477463471245,0.8038238945134134,2.044668617041011,0.8394888889422714,2.0699232204725058,0.7865322138551236,2.066373333422077,0.7889496431650673,0.131442328557488,0.19676185181903688,0.6717958196234755,0.13225117960753216,0.19724700351897034,0.6705018168734975,0.13222034940371766,0.19956564879475355,0.6682140018015288,0.13354,0.1949,0.67156,0.14444647011967798,0.20178812178366723,0.6537654080966548,0.12462908011869436,0.20771513353115725,0.6676557863501484
642,Monza,Cremonese,1,1,4.5,3.5,1.8,1.6777362980193038,0.9506422846791001,0.024918812804356677,1.7026551108236605,0.9755610974834568,1.6922597984621384,0.941688095412192,1.7042468011366751,0.9645384863170059,1.7013240436207184,0.967503023008978,0.21271740336003175,0.23964547001743758,0.5476371266225307,0.21383579208462836,0.2399565023465996,0.5462077055687722,0.21306944099298522,0.2422559273106981,0.5446746316963167,0.21374,0.24236,0.5439,0.20888942600363833,0.240713373509065,0.5503972004872966,0.208955223880597,0.26865671641791045,0.5223880597014926
643,Salernitana,Bologna,2,2,2.2,3.25,3.4,1.1144582994431578,1.3701441703264423,0.021148310967779155,1.135606610410937,1.3912924812942216,1.1410655973843504,1.3694150405052599,1.132068248191628,1.3901725237572855,1.1301267682494205,1.394445258866681,0.42813158931741085,0.2659324947314882,0.3059359159511006,0.42970585871150413,0.2656584162746787,0.30463572501381697,0.4267648537477708,0.268316182344182,0.3049189639080473,0.4261,0.26598,0.30792,0.4205746779255058,0.2672460728051208,0.31217924926937346,0.43029595015576316,0.29127725856697817,0.27842679127725856
644,Udinese,Milan,3,1,2.15,3.4,3.5,1.073420408504992,1.5835854858676868,0.01667667885304745,1.0900970873580396,1.6002621647207342,1.1259389031924758,1.5566615133632795,1.0903819030613877,1.6067338599481713,1.0885119145712756,1.611672202533378,0.4935066432373695,0.24844980074692274,0.25804355601570805,0.49517271870595253,0.24803490406245252,0.25679237723159487,0.49172908058076475,0.2507581722574187,0.2575127471618167,0.49292,0.24934,0.25774,0.4726732146283871,0.25219421333101366,0.2751325720405996,0.44510940714419295,0.2814662427529456,0.27342435010286137
645,Sampdoria,Hellas Verona,3,1,2.45,3.1,2.88,1.2204014933868894,1.346951136360196,0.019294786970805215,1.2396962803576945,1.3662459233310011,1.2101857002162701,1.2885446159808291,1.2396854879175396,1.3666404610293443,1.2375594460350983,1.3708408696692578,0.3982374987797372,0.26290800728844144,0.33885449393182154,0.3997971502762865,0.2627218839241954,0.33748096579951814,0.3971766455210765,0.26523043883119984,0.3375929156477234,0.39976,0.26332,0.33692,0.38373662288252797,0.2698732830865834,0.3463900940308887,0.37864201195979474,0.29924933203274107,0.3221086560074643
646,Fiorentina,Lecce,1,0,5.75,3.75,1.6,1.7965046047755409,0.8633446694128654,0.027480262696971684,1.8239848674725125,0.890824932109837,1.8128846219040902,0.9190934855448653,1.8248918078070901,0.8759647808917295,1.821762145927415,0.8786570837605807,0.176449292684024,0.22581429207872453,0.5977364152372513,0.17743469145750665,0.22621009492453553,0.5963552136179575,0.1770059327569737,0.22853742459448825,0.594456642648538,0.1808,0.23102,0.58818,0.18771233581142366,0.22801727972249777,0.5842703844660788,0.16320979258755525,0.25025501530091804,0.5865351921115267
647,Torino,Napoli,0,4,1.75,3.6,4.33,0.9951766237374698,1.713815364873345,0.015813345552536075,1.010989969290006,1.729628710425881,1.0385494592438023,1.7093936192707797,1.0109017606478854,1.7388673999702902,1.0091680794012157,1.7442118587791549,0.5445675926934451,0.23652300088470532,0.21890940642184986,0.5462501421103565,0.23600070763591166,0.2177491502537321,0.5424308685423087,0.2388634759634635,0.21870565549422782,0.54186,0.23792,0.22022,0.5308864939017446,0.2394002213593965,0.22971328473885877,0.5290254704654596,0.2571651592540429,0.21380937028049754
648,Lazio,Roma,1,0,2.75,3.0,2.75,1.2383537790700232,1.342887461599684,0.01902278316526382,1.257376562235287,1.3619102447649478,1.2938218952674614,1.2863700936752411,1.257921443999966,1.362517384699206,1.2557641277283544,1.366705120945806,0.393267588927019,0.2622848642309912,0.3444475468419901,0.39482379085699715,0.26211347888159503,0.3430627302614081,0.3922570244954898,0.26459900779826384,0.34314396770624633,0.39244,0.2645,0.34306,0.3657015801522563,0.26509351144312276,0.36920490840462117,0.34285714285714286,0.3142857142857143,0.34285714285714286
649,Inter,Juventus,0,1,4.0,3.4,1.91,1.6781651855578716,1.0255548373273844,0.02140375480130286,1.6995689403591745,1.0469585921286872,1.7060281716879204,1.053591135568398,1.7046824656785429,1.040546088021689,1.701758961004479,1.0437442362567138,0.23088039607027813,0.23984127532958077,0.529278328600141,0.2320769064432548,0.24011338682986708,0.527809706726878,0.23116201362578923,0.2423465561032543,0.5264914302709562,0.23138,0.24354,0.52508,0.23381045491196492,0.23971229900998445,0.5264772460780508,0.2341530251676642,0.27547414725607555,0.4903728275762601
650,Cremonese,Atalanta,1,3,1.67,3.8,5.5,0.9973918756956691,1.7290336682299592,0.015488396775028997,1.012880272470698,1.7445220650049882,1.0731795865284905,1.7647078542603076,1.0131520165837735,1.7543081598864734,1.011414476182171,1.7597000763136423,0.5476638356696331,0.2350612931418198,0.21727487118854694,0.5493501743482985,0.23453442002063155,0.2161154056310698,0.5455157508324232,0.2373942101383098,0.2170900390292667,0.54782,0.23784,0.21434,0.5357205788955086,0.23439099218284482,0.2298884289216464,0.5736872443797865,0.2521204468721693,0.17419230874804426
651,Inter,Fiorentina,0,1,4.5,3.8,1.75,1.9000181735002182,0.9610044192097217,0.02052185356977183,1.92054002706999,0.9815262727794936,1.919326688693291,0.9737990056710967,1.9300410309487372,0.9750520913988088,1.9267310397399828,0.9780489419574352,0.1856697271042362,0.21765562147539377,0.5966746514203701,0.18672754382734802,0.21804289278445022,0.5952295633882018,0.1862731227654759,0.2202199043081148,0.5935069729264093,0.18424,0.2217,0.59406,0.18670800849115832,0.21865171013676837,0.5946402813720733,0.2102766798418972,0.24901185770750986,0.5407114624505929
652,Juventus,Hellas Verona,1,0,9.0,4.2,1.4,2.0890384765422105,0.7458522534407834,0.029872522753776713,2.1189109992959874,0.7757247761945602,2.121846690899167,0.8066549536164597,2.1220481104817415,0.7567548962886115,2.118408830032457,0.7590808041592693,0.12097977381229169,0.18984648502144622,0.6891737411662621,0.12173991201395568,0.19034668980788147,0.6879133981781629,0.12178581975158223,0.19267750222393523,0.6855366780244825,0.12298,0.19266,0.68436,0.13053774590097839,0.1924772077537232,0.6769850463452984,0.1044776119402985,0.22388059701492535,0.6716417910447762
653,Bologna,Udinese,3,0,3.4,3.3,2.2,1.343470283042324,1.0608307819581078,0.02722812750014101,1.3706984105424649,1.0880589094582487,1.3494660291611154,1.108658124018323,1.3646989309345683,1.0763376857508034,1.3623584928860728,1.0796458404876292,0.2956483201746346,0.27034431147980736,0.4340073683455582,0.2969684727007228,0.27041804926618873,0.43261347803308847,0.2953003121322679,0.2728817330912218,0.4318179547765102,0.29506,0.26776,0.43718,0.3071856920725703,0.270304458914508,0.42250984901292177,0.2796610169491525,0.288135593220339,0.43220338983050843
654,Spezia,Salernitana,1,1,3.2,3.3,2.3,1.2785404360012542,1.1259126900128809,0.02588925975570088,1.304429695756955,1.1518019497685816,1.3035104638874695,1.1513511441220734,1.2987431044744295,1.1423709414700811,1.2965157796718436,1.1458820513115993,0.3259771872978689,0.2728229162939386,0.4011998964081923,0.3273675606115026,0.27281341545847737,0.39981902393002045,0.32539218064660125,0.27531106160690233,0.3992967577464962,0.32694,0.27548,0.39758,0.32749842459866746,0.271979784272577,0.4005217911287553,0.29753038024304196,0.28851430811446493,0.4139553116424932
655,Monza,Lazio,0,2,2.05,3.3,3.8,1.0312413795806588,1.574727782231052,0.017828392416092145,1.049069771996751,1.5925561746471442,1.062443382123521,1.56498069677945,1.047536388421089,1.5977466770765318,1.0457398793412693,1.602657397297511,0.5014240372262496,0.24978494531174955,0.24879101746200083,0.503078819942312,0.24934593082491513,0.24757524923277296,0.4995482747565314,0.2521391676947505,0.24831255754871795,0.49816,0.2492,0.25264,0.4896453905369407,0.25261659766188566,0.25773801180117417,0.46281601771544567,0.28750692009595863,0.24967706218859564
656,Roma,Sampdoria,3,0,9.0,4.2,1.44,2.0066124850609204,0.7812283590258512,0.028790807069529228,2.0354032921304497,0.8100191660953804,2.0375497297185663,0.8310827398427091,2.0383196768307865,0.7926481190946326,2.034823989380233,0.795084345814679,0.13565233684541028,0.20033474381462585,0.6640129193399639,0.1364778756385687,0.200812675488455,0.6627094488729763,0.13641077664592094,0.20313818397773387,0.6604510393763453,0.13618,0.20556,0.65826,0.14346298290618903,0.20214834059198022,0.6543886765018307,0.1064638783269962,0.22813688212927757,0.6653992395437263
657,Napoli,Milan,0,4,5.0,3.6,1.73,1.7242497393590634,1.060753368898225,0.019269538266654743,1.7435192776257182,1.0800229071648797,1.7353621630111264,1.0335727407042428,1.7514952177720715,1.076259141090205,1.7484914299354206,1.0795670544177645,0.23252882853654538,0.23558623417799898,0.5318849372854556,0.23374724539549996,0.2358601577137029,0.530392596890797,0.23284061168478515,0.23803897035267027,0.5291204179625447,0.22848,0.23866,0.53286,0.224774352609751,0.23695810305738305,0.5382675443328662,0.1894275807530872,0.26309386215706554,0.5474785570898474
658,Empoli,Lecce,1,0,3.1,3.1,2.45,1.2772671191370166,1.1032157799915205,0.027002745714209766,1.3042698648512263,1.1302185257057302,1.2972469086097427,1.1309798346022728,1.297449667481219,1.1193422548769256,1.2952245609035349,1.1227825853899445,0.3199291633153323,0.2741210769978362,0.40594975968683167,0.3213004700451105,0.2741253492621812,0.40457418069270834,0.3193752343984172,0.2766349186521425,0.40398984694943996,0.32002,0.2774,0.40258,0.3231549422979126,0.27353634371123847,0.403308713990849,0.30625,0.30625,0.3875
659,Sassuolo,Torino,1,1,3.0,3.3,2.4,1.3445455522390732,1.1115757346082786,0.02477138521021277,1.369316937449286,1.1363471198184913,1.3329393471145328,1.1550847771510608,1.3657911908392293,1.1278244127839334,1.3634488795814992,1.1312908134524713,0.3093098653051663,0.26811216693404816,0.4225779677607856,0.3106753871758608,0.26815432541765,0.4211702874064892,0.30889161760118117,0.2705889317112337,0.4205194506875848,0.3085,0.2705,0.421,0.32283632101767956,0.2694970568358586,0.40766662214646177,0.31654676258992803,0.2877697841726619,0.3956834532374101
660,Salernitana,Inter,1,1,1.45,4.5,7.5,0.8409121790149197,2.056807706667433,0.013866083537806634,0.8547782625527263,2.0706737902052397,0.884931030391999,2.082096504254002,0.8541997290128122,2.0868735001660856,0.852734789382921,2.0932875657015826,0.6586222476646939,0.19820401109108535,0.14317374124422044,0.6602461786835815,0.19750440935239677,0.14224941196402163,0.6558597962285487,0.20062360773579607,0.14351659603565525,0.65782,0.20082,0.14136,0.6502398883941056,0.19998580190174187,0.1497743097041525,0.6598240469208211,0.21260997067448678,0.12756598240469208
661,Lecce,Napoli,1,2,1.65,3.6,5.75,0.95171542210133,1.78100103314508,0.01557770077039117,0.9672931228717212,1.7965787339154713,1.0102008269253522,1.843149364086912,0.9667538132324357,1.8070351680376353,0.9650958450485904,1.8125891424360927,0.5711998872547002,0.22943551924913183,0.19936459349616786,0.5728781182079695,0.22886227221648772,0.19825960957554256,0.5688850016554321,0.23180384697524736,0.1993111513693202,0.56716,0.23086,0.20198,0.5688833219723174,0.2265955141105573,0.2045211639171256,0.5729707286692962,0.26261158397342743,0.1644176873572763
662,Milan,Empoli,0,0,9.0,4.75,1.36,2.200552338297155,0.7372411198417863,0.028448145657504066,2.2290004839546587,0.7656892654992904,2.2048349870275357,0.7868733833740736,2.2353240421061726,0.7480178877409075,2.2314904951455405,0.7503169421652952,0.10992965053922761,0.17796068319515834,0.7121096662656141,0.11064570654587584,0.17847550160012565,0.7108787918539985,0.11078293244778264,0.18076497573505526,0.7084520918171621,0.11146,0.17976,0.70878,0.11946091313728391,0.18320324166873567,0.6973358451939804,0.10512611879576893,0.19918633034987795,0.6956875508543532
663,Udinese,Monza,2,2,3.8,3.5,2.0,1.4857050944501187,1.0767124745075045,0.022989712586430767,1.5086948070365493,1.0997021870939352,1.4739844268144098,1.1123349025275875,1.5091812447750614,1.0924515320825159,1.506593021741188,1.0958092131880424,0.2745883850847909,0.25704696937447946,0.46836464554072954,0.27588950783936583,0.2571940527491537,0.46691643941148075,0.2744977289629558,0.25952217651448856,0.46598009452255573,0.27758,0.25846,0.46396,0.28575833753175134,0.25958097626870386,0.4546606861995449,0.25089605734767023,0.27240143369175623,0.4767025089605735
664,Fiorentina,Spezia,1,1,8.5,4.5,1.4,1.9219604237091887,0.7915012393139974,0.029775038235270668,1.9517354619444593,0.8212762775492681,2.011199872127327,0.8451045645167345,1.952329998394054,0.8030711652424158,1.9489817819428756,0.8055394274936366,0.14635028078272885,0.20986642075004014,0.6437832984672311,0.14721465144724075,0.21032374265869458,0.6424616058940646,0.14704825500824587,0.21267586933273241,0.6402758756590217,0.14778,0.21332,0.6389,0.14900159014898495,0.20542562216819704,0.6455727876828179,0.11160318866253321,0.21080602302922938,0.6775907883082374
665,Atalanta,Bologna,0,2,5.5,3.8,1.65,1.8309042793302357,0.9233399418569961,0.02340176903168177,1.8543060483619174,0.9467417108886779,1.8288431690780924,0.9317791677482029,1.8598350437549522,0.9368370460981652,1.8566454547535536,0.9397164416193968,0.18586674667774503,0.22363751143930127,0.5904957418829536,0.18690667060250835,0.22401849436126248,0.5890748350362291,0.18642260406377043,0.22626465505848115,0.5873127408777485,0.18272,0.2286,0.58868,0.18859159377568072,0.22664544600540767,0.5847629602189114,0.17298937784522,0.25037936267071315,0.5766312594840667
666,Sampdoria,Cremonese,2,3,3.2,3.25,2.38,1.334377641379103,1.0411013651782948,0.028537234063505917,1.362914875442609,1.0696385992418007,1.3209115187268645,1.1176837744702217,1.3554626132327217,1.056319870318638,1.3531380153295414,1.0595664997258025,0.2918938648097027,0.27197694754024254,0.4361291876500545,0.29319781571674963,0.2720576857315509,0.43474449855169917,0.29155470197451777,0.27454234209684014,0.4339029559286419,0.29154,0.2746,0.43386,0.31499682799449025,0.2722730627051068,0.41273010930040266,0.3003766844006058,0.29575550464059647,0.4038678109587977
667,Hellas Verona,Sassuolo,2,1,2.7,3.3,2.63,1.2441711159427833,1.3094885575699855,0.019875988037772442,1.2640471039805556,1.3293645456077579,1.2693015042641977,1.2561078211448564,1.2638307026648945,1.32863026558339,1.2616632521039506,1.3327138487978103,0.38309994126549013,0.26419608595055294,0.35270397278395715,0.38463377333978555,0.26404868515579044,0.35131754150442407,0.38215441499053776,0.26653198615500034,0.3513135988544617,0.38524,0.2663,0.34846,0.3626490362842563,0.26844098510111425,0.3689099786146294,0.3515188335358444,0.28760631834750905,0.3608748481166464
668,Torino,Roma,0,1,2.38,3.0,3.4,1.1564254355947645,1.4439194059251053,0.018091343729874813,1.1745167793246394,1.4620107496549801,1.168561574212002,1.4035264091261042,1.1746985218667465,1.465026183455408,1.1726839316492503,1.4695289834340144,0.43815484521630715,0.2583493872658484,0.3034957675178446,0.43976993200092535,0.2580633777743219,0.3021666902247525,0.4367873717241863,0.260654622389953,0.30255800588586057,0.44088,0.25912,0.3,0.42348370448881434,0.2633876774293406,0.3131286180818452,0.40106951871657753,0.3181818181818181,0.2807486631016043
669,Lazio,Juventus,2,1,2.9,2.9,2.75,1.2877062133733583,1.2145080759144333,0.022030697724768372,1.3097369110981267,1.2365387736392017,1.317007441812879,1.2546677726217046,1.3080537135282964,1.2322613879496422,1.3058104211718489,1.2360487786556638,0.3484215533853985,0.2672908165706147,0.38428763004398714,0.3498819709844724,0.2672312611512615,0.3828867678642658,0.3477240282523946,0.26968495400698905,0.3825910177406163,0.34724,0.26816,0.3846,0.35260049913615327,0.26545368478715764,0.3819458160766892,0.32738095238095233,0.32738095238095233,0.3452380952380952
670,Cremonese,Empoli,1,0,2.88,3.3,2.45,1.286135715752217,1.1545692627532258,0.024418764278209278,1.3105544800304263,1.178988027031435,1.3105208468887732,1.1706945883512678,1.3064583999202026,1.1714464073308657,1.304217843502491,1.1750468814503294,0.3323769540572804,0.27069884037510916,0.39692420556761043,0.3337898451660999,0.2706760436889828,0.3955341111449173,0.3317662403880876,0.2731530506871058,0.3950807089248066,0.32874,0.27188,0.39938,0.3313808335838134,0.2704318860780222,0.39818728033816464,0.328058429701765,0.28630553864881314,0.38563603164942173
671,Spezia,Lazio,0,3,1.7,3.6,5.25,0.9378871695726312,1.7805441771245882,0.015905110032764277,0.9537922796053955,1.7964492871573525,1.0027898926611982,1.7694392538696226,0.9527070556071954,1.8065716338338955,0.9510731774004569,1.8121241835466877,0.5745360758577667,0.229260604033346,0.19620332010888697,0.576208675528595,0.22867946713789325,0.19511185733351188,0.572187958929978,0.23164550344730156,0.1961665376227204,0.56976,0.23282,0.19742,0.5537186014469246,0.2335308752343357,0.21275052331874,0.556783031374282,0.2629253203711887,0.18029164825452937
672,Bologna,Milan,1,1,2.45,3.1,3.1,1.2215577974562977,1.3632764879529924,0.018810732600192986,1.2403685300564906,1.3820872205531853,1.1980319680655804,1.3433554452455132,1.24086006315547,1.3832044516782813,1.2387320068942411,1.3874557702183603,0.4023304697871838,0.26171180768076974,0.3359577225320466,0.4039002653444309,0.2615168551011748,0.33458287955439414,0.40124769033240987,0.26402192656009305,0.33473038310749703,0.40078,0.26576,0.33346,0.401053960028513,0.26660315738663054,0.33234288258485656,0.3875,0.30625,0.30625
673,Napoli,Hellas Verona,0,0,6.5,4.0,1.53,1.8569770848868525,0.8258672261166635,0.028684007651450044,1.8856610925383026,0.8545512337681136,1.9145518166101996,0.8843991751709079,1.8863198349101422,0.8379395036549271,1.8830848248920482,0.8405149347439685,0.1608924999627401,0.21819835208266058,0.6209091479545992,0.16181647601700214,0.21862720490222098,0.6195563190807769,0.16152565040252026,0.22096847905379813,0.6175058705436816,0.16084,0.21958,0.61958,0.1678084925957711,0.21671805158468468,0.6154734558195442,0.1454891239748009,0.23641982645905146,0.6180910495661476
674,Inter,Monza,0,1,7.5,4.5,1.44,2.107776010587818,0.7222472156669136,0.031465208086524935,2.139241218674343,0.7537124237534386,2.145238545786328,0.8009811594616287,2.141081722913037,0.7328048072058924,2.1374098001059956,0.7350571037910816,0.11484784740143603,0.1865463384258888,0.698605814172675,0.11557618633938278,0.1870538826789324,0.6973699309816849,0.11566051811012033,0.18940497068032502,0.6949345112095546,0.11634,0.1892,0.69446,0.1273194690241661,0.1898501994556183,0.6828303315202155,0.126984126984127,0.21164021164021166,0.6613756613756615
675,Lecce,Sampdoria,1,1,4.33,3.2,1.95,1.4834947351133374,0.9874196485143684,0.02739212531856652,1.510886860431904,1.014811773832935,1.5202105667625858,1.0155115620476443,1.5069359587706286,1.0018534505428753,1.5043515863683306,1.0049326758472528,0.2515720579084222,0.2591303403264418,0.48929760176513615,0.2527861440865331,0.25932970403551037,0.48788415187795653,0.25158816553000035,0.2617245887725424,0.48668724569745725,0.25348,0.26232,0.4842,0.25296785115958137,0.2575979506211152,0.4894341982193037,0.2186443350444121,0.29585311585697016,0.48550254909861773
676,Torino,Salernitana,1,1,5.25,3.5,1.73,1.678586016815047,0.9335827259561464,0.02581970014254223,1.7044057169575892,0.9594024260986886,1.7051401080468658,0.9365641449857607,1.705109946638874,0.9472295561199569,1.7021857088414216,0.950140893318704,0.20845184169937028,0.23943721195547174,0.5521109463451581,0.20955174193921902,0.23975730577227733,0.5506909522885035,0.20881999292679795,0.2420727726598186,0.5491072344133836,0.21066,0.24032,0.54902,0.20589449477055427,0.23934658665879568,0.5547589185706499,0.1806788511749347,0.2710182767624021,0.5483028720626633
677,Sassuolo,Juventus,1,0,2.0,3.5,3.8,1.0286216061075464,1.6789441185158613,0.015739170571932564,1.044360776679479,1.6946832890877939,1.0798379667865652,1.6569587964908186,1.0448752189831234,1.7034864162714762,1.0430832737686844,1.7087221306125346,0.5279532873964993,0.23995227583281503,0.23209443677068609,0.5296378611836945,0.2394651884156071,0.23089695040069835,0.525941054237913,0.24226870007080106,0.23179024569128626,0.52524,0.24116,0.2336,0.5083638965344808,0.24407161261793497,0.24756449084758414,0.4767025089605735,0.27240143369175623,0.25089605734767023
678,Roma,Udinese,3,0,4.5,3.4,1.85,1.6970420789052059,0.9797874411582665,0.023089295200573977,1.7201313741057798,1.0028767363588404,1.719757275913006,0.9722387079435607,1.723857639477055,0.9941096778860584,1.7209012496696279,0.9971651024831534,0.21703651588890485,0.23787906391130348,0.545084420199792,0.21817971201612185,0.23818317551816431,0.5436371124657138,0.2173881096357275,0.24044460789137428,0.542167282472898,0.21696,0.24164,0.5414,0.2124029518050461,0.2381450617836633,0.5494519864112904,0.21026241016212607,0.2782884840381081,0.5114491057997661
679,Fiorentina,Atalanta,1,1,2.9,3.4,2.4,1.3682550480447775,1.1624815719142938,0.022107210833459404,1.390362258878237,1.1845887827477533,1.3876167625625866,1.2287263542658415,1.3898753287524033,1.1794743762361883,1.3874917135620186,1.1830995245482525,0.318552298952333,0.263985064244916,0.41746263680275086,0.3199571129994879,0.26401009983386575,0.41603278716664605,0.31811108610316613,0.2663969339406216,0.41549197995621234,0.3209,0.26594,0.41316,0.3319331021189807,0.2619661508838825,0.40610074699713716,0.32666132906325057,0.2786228983186549,0.39471577261809443
680,Hellas Verona,Bologna,2,1,2.8,3.0,2.75,1.2281488670103162,1.2528939372357415,0.02210577683368764,1.2502546438440039,1.2749997140694291,1.2613017832173954,1.2214061948367003,1.2475552805247114,1.2712083621917223,1.2454157420668466,1.2751154575397252,0.37119825350888075,0.26884050885251376,0.35996123763860555,0.3726942251867144,0.26871668398624693,0.3585890908270387,0.37030046115510223,0.2712319758332681,0.35846756301162985,0.3706,0.26842,0.36098,0.3549222161028196,0.2710841662387365,0.37399361765844386,0.33880903490759756,0.3162217659137577,0.3449691991786448
681,Salernitana,Sassuolo,3,0,2.25,3.5,3.1,1.2378951851801046,1.392609953176539,0.017697717843968033,1.2555929030240727,1.4103076710205071,1.2392435401943052,1.4101203463910084,1.25745560370621,1.4129667046320333,1.2552990863436642,1.417309498309879,0.4065144983399628,0.25891762871778257,0.33456787294225465,0.408101705344976,0.25871673998285555,0.3331815546721685,0.4054275882508732,0.26119721451567934,0.3333751972334469,0.40474,0.26302,0.33224,0.4096989610352304,0.2599154710678683,0.3303855678969012,0.42217898832684825,0.2714007782101167,0.306420233463035
682,Lazio,Torino,0,1,4.75,3.4,1.83,1.6912722314440363,0.9355528736321437,0.025444144000871735,1.716716375444908,0.9609970176330154,1.7448550323871486,0.9703783943812526,1.717996620620663,0.9492285028193126,1.7150502823720253,0.952145983838052,0.20716529438339984,0.2381404324961082,0.5546942731204919,0.208263319459859,0.23846465098416794,0.5532720295559728,0.20754827850712723,0.24077099810748503,0.5516807233853878,0.20562,0.23906,0.55532,0.20851254390506987,0.23563404505824165,0.5558534110366886,0.20029293888522268,0.2798210175602376,0.5198860435545397
683,Sampdoria,Spezia,1,1,2.88,3.2,2.55,1.2790581659793887,1.1187577589530848,0.02620675414483521,1.305264920124224,1.14496451309792,1.2901918748094452,1.1490383454448099,1.2992690152865936,1.1351114217902387,1.2970407885549102,1.1386002192898832,0.32389358229393617,0.2731596955775849,0.40294672212847915,0.32527782408062256,0.2731551329555858,0.4015670429637913,0.32332047551795057,0.2756554280218959,0.40102409646015347,0.3215,0.27806,0.40044,0.32946150937607016,0.2731390228043452,0.3973994678195848,0.33009708737864074,0.29708737864077667,0.37281553398058254
684,Empoli,Inter,0,3,1.53,4.2,6.5,0.8565973249721208,1.970161379862762,0.014730347865476645,0.8713276728375975,1.9848917277282385,0.909592905028694,2.0136215612917594,0.870132721494694,1.9989606035402878,0.8686404570234142,2.0051044662674555,0.6368976797165585,0.20764555508347,0.15545676519997154,0.6385371761091763,0.20696947152232187,0.15449335236850192,0.634214032768975,0.2100726664923112,0.1557133007387137,0.63408,0.21206,0.15386,0.6303146723776387,0.2076215066447862,0.1620638209775751,0.6251288040118157,0.22772549289001856,0.14714570309816585
685,Udinese,Cremonese,3,0,5.0,3.8,1.7,1.8326783336207453,0.9141107335868566,0.023844670949649257,1.8565230045703944,0.9379554045365058,1.825258889471908,0.9349598210389465,1.8616371305031578,0.9274729280505553,1.8584444509502123,0.930323542686489,0.18355243672205843,0.2232468176523596,0.593200745625582,0.18458174878230268,0.22363238840326394,0.5917858628144335,0.18411599275164217,0.2258871601513627,0.5899968470969952,0.1825,0.22366,0.59384,0.1897645052642745,0.22706968148133297,0.5831658132543924,0.19022379269729095,0.2502944640753828,0.5594817432273262
686,Monza,Fiorentina,3,2,2.05,3.4,3.7,1.1279804663185287,1.4453263849964084,0.01869031128805786,1.1466707776065865,1.4640166962844663,1.1364413184566717,1.4881919819727853,1.1458040835961512,1.4664537293215931,1.1438390469037478,1.4709609169033484,0.4450481003308595,0.2591883893791301,0.29576351029001047,0.4466623139893131,0.2588818218609287,0.2944558641497582,0.44360526830251606,0.2615156887749879,0.2948790429224958,0.44592,0.26198,0.2921,0.45280020864234966,0.2576832845202704,0.28951650683738006,0.4636078864934587,0.2795282845034089,0.2568638290031325
687,Milan,Lecce,2,0,7.0,4.2,1.5,2.1005731012953937,0.7955688067830038,0.026055982781190028,2.126629084076584,0.8216247895641938,2.0898236398653767,0.8340486583530057,2.1337649979098385,0.8071981911834848,2.1301056231756355,0.8096791379672613,0.129546939480869,0.19131257306593147,0.6791404874531997,0.13035801822752324,0.19180290535330963,0.6778390764191673,0.13035935863482595,0.19406957418248608,0.675571067182688,0.13064,0.19346,0.6759,0.13890233779653807,0.19700150649767206,0.6640961557057898,0.13636363636363638,0.2272727272727273,0.6363636363636365
688,Juventus,Napoli,0,1,2.6,3.1,2.88,1.2462611196605897,1.2797300691714797,0.020762758534537698,1.2670238781951275,1.3004928277060175,1.2819061087614292,1.2879545256702967,1.2659537312687583,1.298436776594347,1.2637826397458338,1.3024275592546821,0.3746520020229036,0.26600759293362064,0.35934040504347553,0.3761652298693396,0.26587970171085007,0.3579550684198105,0.3737570117306695,0.268366122685329,0.35787686558400145,0.37608,0.26662,0.3573,0.3685658059287055,0.2657169211237978,0.36571727294749645,0.3647654845563001,0.3059323418859291,0.3293021735577709
689,Atalanta,Roma,3,1,3.2,3.25,2.3,1.365004222746662,1.116660791016826,0.02403784099603813,1.3890420637427003,1.1406986320128643,1.3700098808318903,1.1709618224502585,1.3865731360169251,1.1329838010103814,1.3841951840371918,1.136466059206558,0.30684191918476,0.2661907073374024,0.42696737347783775,0.3082077145426941,0.266242411029518,0.4255498744277879,0.30645970428861025,0.2686541716362826,0.4248861240751073,0.30648,0.2686,0.42492,0.32003691621986,0.265881699267196,0.41408138451294396,0.29621557360808404,0.2916584109371904,0.41212601545472566
690,Lecce,Udinese,1,0,3.2,3.0,2.45,1.2444091924078269,1.1328997495058892,0.02654813426736059,1.2709573266751875,1.1594478837732498,1.2829104058618723,1.1373637945558788,1.264072541060151,1.1494601356873024,1.261904675750013,1.1529930343705015,0.3347146718741412,0.2751384204420762,0.390146907683782,0.3361165768959886,0.2751016064501275,0.388781816653884,0.33404010318017974,0.2776353684574766,0.38832452836234366,0.33866,0.27218,0.38916,0.32768738531875763,0.2743411679740254,0.3979714467072174,0.2964905203711174,0.3162565550625252,0.3872529245663574
691,Spezia,Monza,0,2,2.55,3.3,2.8,1.2163965273106043,1.3507602069394893,0.019273732681529286,1.2356702599921336,1.3700339396210186,1.23887876781388,1.2877017334214675,1.23561723795941,1.3705052114512828,1.233498173064183,1.3747174985124244,0.40012582580388784,0.26283858374208663,0.3370355904540254,0.4016880304693597,0.26264744615366736,0.33566452337697306,0.39904926916079375,0.2651608679996926,0.33578986283951384,0.39764,0.2651,0.33726,0.3774418594150862,0.2682778951268219,0.3542802454580918,0.37265577737447064,0.2879612825166364,0.33938294010889286
692,Roma,Milan,1,1,2.75,3.0,2.75,1.2516763020253396,1.2876612224437687,0.020384902860883413,1.272061204886223,1.308046125304652,1.2767770542399206,1.2766333793468314,1.2714544808404236,1.3064838650684139,1.2692739556150896,1.310499380685892,0.375645754172931,0.2651823671438911,0.359171878683178,0.3771640295801092,0.2650533296499052,0.35778264076998567,0.37475170278712283,0.26753132381662575,0.3577169733962514,0.37608,0.26684,0.35708,0.3666066243278856,0.26671889730083104,0.36667447837128364,0.34285714285714286,0.3142857142857143,0.34285714285714286
693,Torino,Atalanta,1,2,2.45,3.3,2.88,1.2442915211101586,1.3563956160381319,0.018522565353269557,1.262814086463428,1.3749181813914013,1.2252526868872695,1.323191245522738,1.2639530103967962,1.3762229972571358,1.2617853500799399,1.3804528580968862,0.3955740348129795,0.2610784345273195,0.34334753065970103,0.39713857238601186,0.2609031007754794,0.3419583268385089,0.3945574475846006,0.2633791557579976,0.34206339665740193,0.39268,0.26148,0.34584,0.38981883044468835,0.2666363458669054,0.34354482368840633,0.3856360316494218,0.2863055386488132,0.3280584297017651
694,Inter,Lazio,3,1,4.5,3.6,1.8,1.7871790137413357,1.0366810182549326,0.019196934557303445,1.8063759482986392,1.0558779528122362,1.7917011339049376,1.0127602551567059,1.8154188598190684,1.0518349080997578,1.812305443902074,1.0550677528469543,0.21776964933554718,0.22966159409869863,0.5525687565657544,0.21894391640033514,0.22997395902708898,0.5510821245725759,0.2181879205880086,0.23213783904664761,0.5496742403653436,0.2178,0.2303,0.5519,0.21201907419181074,0.23149938974772616,0.5564815360604631,0.21052631578947367,0.2631578947368421,0.5263157894736842
695,Cremonese,Hellas Verona,1,1,2.45,3.3,3.0,1.2268368222466872,1.3127658780976215,0.02016523361113901,1.2470020558578263,1.3329311117087606,1.2251009799693628,1.3165730890353198,1.2462225036789085,1.3319554929921082,1.2440852509131985,1.3360492963883068,0.3876912033334361,0.26492453908729807,0.34738425757926583,0.3892284204301988,0.2647632643493126,0.3460083152204889,0.38669834277507087,0.2672683261623421,0.34603333106258716,0.38824,0.2646,0.34716,0.38808499181514167,0.2671010470913103,0.34481396109354834,0.3907637655417407,0.29011249259917116,0.31912374185908826
696,Sassuolo,Empoli,2,1,4.5,3.8,1.75,1.8043504555209038,0.9437943742599519,0.022856584935820833,1.8272070404567247,0.9666509591957728,1.8073346197920344,0.9509611852933809,1.8328616336079424,0.9575904752127563,1.8297183035974278,0.960533656993393,0.19393345329336334,0.2267337757157804,0.5793327709908562,0.1950041437524302,0.22709657816006992,0.5778992780875001,0.194446503507859,0.22933524690886778,0.5762182495832735,0.1933,0.22804,0.57866,0.19570443720041036,0.22915579475268108,0.5751397680469086,0.2102766798418972,0.24901185770750986,0.5407114624505929
697,Napoli,Salernitana,1,1,12.0,6.5,1.22,2.375925813783338,0.7081474820962135,0.027724793883090276,2.4036506076664286,0.7358722759793037,2.401542780448988,0.7395444723097895,2.413468655746826,0.7184989679907274,2.4093295934652335,0.7207072951689262,0.09185795547078025,0.15914782919662207,0.7489942153325977,0.09249073014346182,0.15967680011697305,0.7478324697395651,0.09275143739645135,0.16191579967786315,0.7453327629256855,0.09618,0.15994,0.74388,0.09605515450289326,0.16165059682335847,0.7422942486737483,0.07885055185442974,0.14557024957740877,0.7755791985681615
698,Fiorentina,Sampdoria,5,0,9.0,5.25,1.33,2.0299804010213878,0.7876074178836617,0.027875373031039773,2.0578557740524275,0.8154827909147015,2.061611994580246,0.8316226623578251,2.0620568374750867,0.7991204251071057,2.0585204411526523,0.8015765446452489,0.13467043108139914,0.19818237678520248,0.6671471921333983,0.13549551012223662,0.1986628166294715,0.6658416732482919,0.13544267319369827,0.20097004370303181,0.6635872831032701,0.13394,0.19988,0.66618,0.14118030519347752,0.19972830611571293,0.6590913886908096,0.10547184773988898,0.18080888183980967,0.7137192704203014
699,Bologna,Juventus,1,1,2.2,3.3,3.4,1.106150788085993,1.5270753304810143,0.01720248848051742,1.1233532765665104,1.5442778189615316,1.1052938050440018,1.5066625532397915,1.1236294669167821,1.549397656187154,1.1217024593569669,1.5541597743062154,0.4713732288350307,0.2528601880618987,0.2757665831030707,0.47302267270649656,0.2524953389193391,0.27448198837416415,0.4697570414741361,0.25516371322542064,0.27507924530044325,0.4676,0.2562,0.2762,0.4647292099683402,0.2569548398440323,0.27831595018762745,0.43220338983050843,0.288135593220339,0.2796610169491525
700,Sampdoria,Torino,0,2,1.91,3.4,4.2,1.0811914953583657,1.476323995763894,0.01899708795330542,1.1001885833116711,1.4953210837171995,1.1271705271792802,1.5007146209618947,1.098275783599618,1.4979044537959487,1.0963922572236446,1.5025083060810995,0.4641047575119838,0.2578939571014246,0.2780012853865914,0.46572940937813795,0.25753810498582463,0.2767324856360376,0.46249467239859937,0.2602453564305597,0.2772599711708408,0.4605,0.26082,0.27868,0.4581479461438401,0.256895476650519,0.28495657720564105,0.4959022086400889,0.2785803583831088,0.22551743297680232
701,Juventus,Lecce,2,1,6.0,3.8,1.6,1.9024519338030192,0.8396307464880216,0.02683614472161149,1.9292880785246307,0.866466891209633,1.9266649266820741,0.9170032564731606,1.9325132479566656,0.851904215007804,1.9291990169330933,0.8545225670375707,0.15880291191437845,0.21379888020864707,0.6273982078769744,0.1597273300897126,0.21423463343352211,0.6260380364767653,0.15946981858898335,0.21653833575452724,0.6239918456564896,0.1585,0.21732,0.62418,0.1734716237116149,0.21645906546197408,0.610069310826411,0.15800415800415799,0.24948024948024947,0.5925155925155925
702,Salernitana,Fiorentina,3,3,1.73,3.75,4.75,1.0761113456378566,1.6189481284446225,0.01590082205045476,1.0920121676883114,1.6348489504950774,1.0970002132474637,1.652739919772447,1.0931153606411983,1.6426134229478762,1.0912406843126343,1.6476620423986652,0.5017198355075696,0.24523706044246638,0.253043104049964,0.5033984560962133,0.24480729718943275,0.2517942467143538,0.49990290136471977,0.24752822105566805,0.2525688775796122,0.49698,0.24848,0.25454,0.5032842214614414,0.24430569144764414,0.2524100870909143,0.5477819635580841,0.25271007918812943,0.1995079572537864
703,Atalanta,Spezia,3,2,8.0,5.0,1.36,2.1414543023858346,0.7182738240066049,0.03112290865914727,2.172577211044982,0.7493967326657521,2.174258858354507,0.7923359240043236,2.175292177280793,0.7287733337070331,2.171561584061367,0.7310132394428372,0.11128621111849853,0.182809794087014,0.7059039947944874,0.11199983687050503,0.18332186753961088,0.704678295589884,0.11211270373387527,0.18566174341524946,0.7022255528508754,0.11166,0.18838,0.69996,0.12311283922114294,0.18651237500480478,0.6903747857740525,0.11789181692094314,0.18862690707350901,0.6934812760055478
704,Milan,Cremonese,1,1,9.5,5.0,1.33,2.1332761120386707,0.7535360931345451,0.028428595632221883,2.1617047076708924,0.781964688766767,2.1399051210070708,0.8098684605024971,2.166984760462849,0.7645510560289971,2.163268414337756,0.7669009256201406,0.11857028637266151,0.18571272647474263,0.6957169871525957,0.1193249562103644,0.18621713249088018,0.6944579112987554,0.11939799460757525,0.18851834247935711,0.6920836629130676,0.12122,0.18904,0.68974,0.12949546824957367,0.19083640251361206,0.6796681292368143,0.09957325746799431,0.1891891891891892,0.7112375533428165
705,Lazio,Sassuolo,2,0,5.0,4.0,1.67,1.8447698731157225,0.9364036143316926,0.022516675931520215,1.8672865490472428,0.9589202902632128,1.8512424455249796,0.9652516717735775,1.8739197326793524,0.9500916793893178,1.8707059886492419,0.9530118134059933,0.18707961756604327,0.2225301838911145,0.5903901985428421,0.1881291452201781,0.22291006094157134,0.5889607938382508,0.18764168731101588,0.22513646838213147,0.5872218443068529,0.18952,0.2252,0.58528,0.1933198577159697,0.22506724664520225,0.581612895638828,0.19069369112189552,0.2383671139023694,0.5709391949757351
706,Hellas Verona,Inter,0,6,1.67,3.75,5.5,0.9268605998281684,1.878092508672717,0.014532062288079467,0.9413926621162478,1.8926245709607965,0.9922686299744601,1.8666882126614428,0.9415062511442435,1.9055458974139574,0.9398915821479358,1.9114026473635533,0.5994733632860008,0.21921111570101484,0.18131552101298465,0.6011497237561877,0.21859317928226948,0.1802570969615429,0.5970112477386625,0.2215794988209777,0.18140925344035985,0.60112,0.21846,0.18042,0.5785185918221897,0.22406985210490585,0.1974115560729044,0.5717651950932151,0.2546261002148451,0.17360870469193984
707,Monza,Roma,1,1,2.15,3.1,3.75,1.1311359998542414,1.4166921115543194,0.01937830638720858,1.15051430624145,1.436070417941528,1.1371996093975831,1.4236997519085566,1.1490094788304719,1.4374008887234675,1.1470389449336693,1.4418187815666708,0.43675902232967484,0.26144205721388175,0.3017989204564434,0.43835883592733466,0.2611535092044301,0.3004876548682356,0.4353665108580548,0.263783379621169,0.3008501095207763,0.43932,0.26174,0.29894,0.43583773016036303,0.2629836541857087,0.30117861565392823,0.44113461720899344,0.3059482022578503,0.25291718053315626
708,Udinese,Napoli,1,1,1.75,3.6,4.75,1.019538687886402,1.6565179207334155,0.016368204523787185,1.035906892410189,1.6728861252572027,1.0426034717459318,1.7079257139470756,1.0356487783668917,1.6807323991069358,1.0338726563587153,1.6858981783238587,0.5246833399932711,0.24208895302387828,0.23322770698285034,0.5263596590779726,0.2416055882697832,0.23203475265224416,0.5226748743251237,0.2444231549731387,0.23290197070173746,0.52068,0.24686,0.23246,0.5295621676157094,0.23953921841373718,0.2308986139705531,0.5392195506503745,0.2621206148994876,0.19865983445013796
709,Empoli,Bologna,3,1,2.55,3.2,2.9,1.1977488724383079,1.3711605597962953,0.019109324271572442,1.2168581967098804,1.3902698840678678,1.1941293553284655,1.3182110880733844,1.2166749249139506,1.3912037705012608,1.2145883457994135,1.3954796751770906,0.40965441386855994,0.2622558542617903,0.32808973186964974,0.41122961771184996,0.2620398465696518,0.3267305357184984,0.40850041745934873,0.26457638270104267,0.3269231998396088,0.4117,0.26402,0.32428,0.3951703770690367,0.26863486862479186,0.3361947543061713,0.37366619689953695,0.29776525065431847,0.3285685524461445
710,Milan,Lazio,2,0,4.0,3.4,1.95,1.6366615411297525,1.0428737224591202,0.02142983399921587,1.6580913751289683,1.064303556458336,1.648110821122365,1.0928933975244242,1.6625230075231456,1.0581181353825968,1.6596718056828674,1.0613702918089933,0.24141582621393076,0.2437032846118505,0.5148808891742187,0.2426422987846808,0.24394707720847392,0.5134106240068455,0.24161816057915791,0.24619191453232245,0.5121899248885196,0.2416,0.248,0.5104,0.2521287299304098,0.2447523303452535,0.5031189397243369,0.2365322868355333,0.2782732786300392,0.48519443453442734
711,Roma,Inter,0,2,2.45,3.1,3.1,1.1640612483098887,1.4485665896843067,0.01781222538120217,1.1818734736910907,1.4663788150655088,1.2005749892406474,1.4010815236423613,1.182454990752347,1.4697412983424447,1.1804270983078977,1.4742585903618435,0.4376330628136209,0.257718532518139,0.30464840466824017,0.4392508967634964,0.2574352395290119,0.3033138637074919,0.43627823883731914,0.2600151683880066,0.30370659277467416,0.43612,0.26216,0.30172,0.4157629425136671,0.26223808292885137,0.3219989745574816,0.3875,0.30625,0.30625
712,Cremonese,Spezia,2,0,3.0,3.4,2.35,1.3225554759589995,1.1208778202889402,0.024925178094144424,1.3474806540531439,1.1458029983830846,1.3642120775126916,1.182200224788513,1.3434536416061875,1.1372624735420294,1.3411496389079134,1.140757882360906,0.3160334806248534,0.2695089560775968,0.4144575632975498,0.3174114596102957,0.2695312795361266,0.4130572608535774,0.315554184953877,0.2719837868473807,0.41246202819874234,0.31346,0.27136,0.41518,0.32412410803241093,0.2658121820478752,0.41006370991971375,0.3165610142630745,0.2793185419968304,0.4041204437400951
713,Atalanta,Juventus,0,2,3.1,3.4,2.3,1.3807023331052837,1.2469327937183172,0.018974426313969575,1.3996767594192532,1.2659072200322867,1.3975168962096742,1.2966467244577284,1.4025192977553078,1.2651600804797893,1.40011399834911,1.2690485862605405,0.33856729695446763,0.25927388480565094,0.40215881823988175,0.3400390615279378,0.2592546120542512,0.40070632641781123,0.3380297106879748,0.26159695386585124,0.40037333544617404,0.33982,0.25998,0.4002,0.3476823704240648,0.2581217639813345,0.39419586559460074,0.3067869752844252,0.27971753628874063,0.41349548842683403
714,Torino,Monza,1,1,4.0,3.3,2.0,1.4683894892030582,1.093804707026079,0.02264176859186114,1.4910312577949194,1.1164464756179402,1.465604161602648,1.0790321443662132,1.4915920295408873,1.1097936136908564,1.4890339717454002,1.1132045961814208,0.28205418217676864,0.2581404307401415,0.4598053870830896,0.283375739660882,0.2582675195582762,0.45835674078084143,0.28190917088877854,0.2605990246587415,0.45749180445247994,0.28668,0.25726,0.45606,0.27853468837204554,0.26126172042682855,0.4602035912011261,0.23741007194244607,0.2877697841726619,0.47482014388489213
715,Napoli,Fiorentina,1,0,4.33,3.8,1.8,1.8093452581992346,1.0565172442055062,0.018169747678881763,1.8275150058781164,1.074686991884388,1.8279091735531774,1.0165473104771945,1.8379353609254616,1.0719610940068647,1.8347833295492522,1.0752557971634844,0.21926008205701888,0.22780757027113896,0.5529323476718423,0.2204477976837748,0.22811906717166808,0.5514331351445573,0.21968890504726485,0.23025569459221099,0.5500554003605242,0.21412,0.22926,0.55662,0.20799197163946656,0.22811927735919474,0.5638887510013384,0.22002058672156458,0.2507076685537828,0.5292717447246527
716,Lecce,Hellas Verona,0,1,3.75,3.0,2.2,1.3148539723382153,1.077543358131919,0.02718947812343015,1.3420434504616454,1.104732836255349,1.3367707188954372,1.1029073218690895,1.3356304438097524,1.093294561312663,1.3333398577775053,1.0966548334926989,0.3055922582920938,0.2721655798200613,0.4222421618878447,0.3069336894419925,0.27221069272917364,0.4208556178288335,0.3051593809752635,0.2746934510654118,0.4201471679593244,0.30642,0.27382,0.41976,0.30799340119398594,0.2716349861251201,0.4203716126808942,0.25287356321839083,0.3160919540229885,0.4310344827586207
717,Udinese,Sampdoria,2,0,6.5,4.33,1.5,1.8522255850987674,0.8844577872768564,0.025098530270475348,1.8773241153692428,0.9095563175473318,1.9116048492635573,0.8951077607728259,1.88149325499767,0.8973865239323735,1.8782665224912052,0.9001446671426429,0.17448737076728016,0.22047953396108208,0.6050330952716378,0.1754778317048205,0.22088374525676915,0.6036384230384104,0.1750878958522592,0.223160623878677,0.6017514802690636,0.17586,0.2256,0.59854,0.17047122647809249,0.21734073324146658,0.6121880402804409,0.14631673800405498,0.2196440639783735,0.6340391980175715
718,Empoli,Salernitana,2,1,3.6,3.1,2.2,1.2843935688661758,1.0669303181335796,0.028648869645910333,1.3130424385120862,1.09557918777949,1.3224807604958733,1.1117646023382046,1.30468872475662,1.0825263831028378,1.3024512033050772,1.0858535589784113,0.3084367034116109,0.2753453738883544,0.41621792270003444,0.3097748693010534,0.27537779973424803,0.4148473309646987,0.307952559346711,0.2778983301066787,0.4141491105466103,0.30956,0.27972,0.41072,0.3130876661618753,0.27242621711408777,0.4144861167240367,0.2633204633204633,0.30579150579150577,0.43088803088803085
719,Sassuolo,Bologna,1,1,3.0,3.5,2.3,1.378122807084662,1.1453790695591808,0.02254664528570359,1.4006694523703656,1.1679257148448843,1.3899467156594776,1.2093916310189055,1.3998990117340282,1.1621218746699424,1.3974982060787693,1.1656936895709293,0.3121030398297339,0.2639340006868147,0.4239629594834513,0.31349125677851586,0.2639758411843808,0.4225329020371036,0.3117073153888533,0.2663607170716759,0.42193196753947027,0.3139,0.26912,0.41698,0.32641700927779693,0.2626718822488083,0.41091110847339474,0.3163064833005893,0.2711198428290766,0.41257367387033395
720,Lazio,Lecce,2,2,5.5,3.5,1.7,1.767223887226474,0.8606536941226606,0.028289442163857606,1.7955133293903316,0.8889431362865182,1.8182884185614845,0.9419136367411375,1.7951484153103694,0.8732344697379323,1.7920697628994589,0.8759183809171717,0.17943290818808524,0.2289083561215828,0.5916587356903318,0.1804248383743382,0.2292958529050151,0.5902793087206467,0.179960493927042,0.2316410487828957,0.5883984572900623,0.17922,0.23462,0.58616,0.1922306424197959,0.22790168456229135,0.5798676730179126,0.17221418234442837,0.27062228654124454,0.557163531114327
721,Salernitana,Atalanta,1,0,1.65,4.2,4.75,1.076704776773254,1.745858904244274,0.013662661170710569,1.0903674379439645,1.7595215654149845,1.0938595239431175,1.7661543576302645,1.093718168791317,1.77137934211634,1.0918424586558828,1.7768237273115401,0.5324220783831972,0.23384846068564621,0.23372946093115698,0.5341365011448667,0.2333634962464872,0.23250000260864578,0.5304499663123314,0.23609309409546655,0.23345693959220215,0.5307,0.23676,0.23254,0.5311656746185249,0.23430959079887,0.2345247345826048,0.5746381507885073,0.22575070209548498,0.19961114711600778
722,Spezia,Milan,2,0,1.91,3.5,4.2,0.9647994305968831,1.6920577427514847,0.016934879899692702,0.9817343104965758,1.7089926226511774,1.0439977977210089,1.6834650954990844,0.9800445667620079,1.7167917315033014,0.9783638051366578,1.7220683401122014,0.5468337660923057,0.2384904550390984,0.2146757788685958,0.548501957515689,0.23795779323876706,0.21354024924554393,0.5446444332078177,0.24087290884817691,0.214482657944005,0.54588,0.24036,0.21376,0.5233407468290456,0.24181690257659408,0.23484235059436054,0.49988098071887643,0.2727921923351583,0.22732682694596523
723,Inter,Sassuolo,4,2,7.0,5.0,1.4,2.1820675801838587,0.8051668426263717,0.024131211414905707,2.2061987915987644,0.8292980540412774,2.2079589885751125,0.7984623032095901,2.2165471998088693,0.8169365282143307,2.212745854849094,0.8194474060561794,0.12396478883996158,0.18370835081732012,0.6923268603427184,0.1247600821411446,0.18420841755880143,0.6910315003000538,0.12481835672354034,0.1864294472381203,0.6887521960383393,0.12514,0.18626,0.6886,0.1213182100863358,0.18353813706374117,0.6951436528499231,0.13513513513513511,0.1891891891891892,0.6756756756756757
724,Hellas Verona,Torino,0,1,3.2,3.1,2.4,1.2636612606411681,1.1194545633478117,0.026617210997191706,1.2902784716383597,1.1460717743450033,1.2913342256551794,1.139342873648367,1.2836288180153983,1.1358184118610368,1.281427413985741,1.139309382314934,0.3271232670596512,0.2743678377913502,0.39850889514899857,0.32851080281110484,0.27435262298369567,0.39713657420519943,0.3265138960697388,0.2768698940239421,0.3966162099063191,0.32748,0.27216,0.40036,0.326588585548742,0.2735681364817358,0.39984327796952224,0.2971246006389776,0.30670926517571884,0.39616613418530355
725,Fiorentina,Udinese,2,0,3.8,3.6,1.95,1.576230117350272,1.112569762176059,0.01983694925394138,1.5960670666042134,1.1324067114300005,1.547462365042375,1.1182166395284778,1.6011366854975078,1.1288329707463094,1.5983907602720706,1.132302471246661,0.26850007933678366,0.24836591301527502,0.4831340076479411,0.26981181929110354,0.24854047039884908,0.4816477103100474,0.2685247019016289,0.2507774283945726,0.48069786970379835,0.27166,0.25156,0.47678,0.2747216199850852,0.2531410931045948,0.47213728691031964,0.2497331910352187,0.263607257203842,0.4866595517609391
726,Monza,Napoli,2,0,1.73,3.75,4.75,1.064545029332916,1.850456517928996,0.012354713543214896,1.0768997428761309,1.862811231472211,1.045779735409103,1.8097110929941684,1.0813662808919542,1.8775059321090086,1.0795117540576535,1.8832765004213061,0.559654252956219,0.22438388382811916,0.21596186321566202,0.5613852688572671,0.22385110781986803,0.2147636233228648,0.5575365943652902,0.22660894570765341,0.2158544599270561,0.55766,0.22636,0.21598,0.5527028907341065,0.23013064519283355,0.21716646407306017,0.5477819635580841,0.25271007918812943,0.1995079572537864
727,Bologna,Roma,0,0,2.45,3.1,3.1,1.2284661351149828,1.3770850172057174,0.018291840543158574,1.2467579756581413,1.3953768577488759,1.2088794818388,1.3283806021383888,1.2478775618946256,1.3972148298387514,1.2457374707290805,1.4015092096777981,0.4044806526945696,0.26042349947882026,0.33509584782660995,0.4060587058269301,0.2602252036606627,0.33371609051240714,0.4033940151567108,0.2627196208087794,0.33388636403450944,0.40446,0.26274,0.3328,0.39471260853110307,0.26713325818327116,0.33815413328562605,0.3875,0.30625,0.30625
728,Juventus,Cremonese,2,0,9.0,4.75,1.36,2.184356563352509,0.7017475620362451,0.031721808830264875,2.216078372182774,0.73346937086651,2.200388159223747,0.783372843950369,2.2188723520080753,0.7120054958333476,2.215067019447407,0.7141938651386963,0.1048202414488988,0.1773836506503738,0.7177961079007275,0.10550288847600771,0.17790244806995087,0.7165946634540414,0.10565935511351195,0.18024169298472045,0.7140989519017675,0.10476,0.18262,0.71262,0.11919805169538102,0.18344459999256532,0.6973573483120536,0.10512611879576893,0.19918633034987795,0.6956875508543532
729,Sampdoria,Empoli,1,1,2.3,3.3,3.2,1.1885032918372265,1.330367430264012,0.020518393595684026,1.2090216854329106,1.3508858238596961,1.2040994432443282,1.3164443605534801,1.2072832516321323,1.3498143393289626,1.205212779095383,1.3539630324014083,0.40076731067313265,0.26567825243965737,0.33355443688721,0.40231778643489163,0.26547981621645705,0.3322023973486512,0.3996520918407682,0.26803369895463397,0.332314209204598,0.39544,0.26806,0.3365,0.39254603936636506,0.26823606354381285,0.3392178970898222,0.41395531164249316,0.2885143081144649,0.2975303802430419
730,Sassuolo,Monza,1,2,3.2,3.6,2.15,1.4003459239339628,1.163503885013565,0.021370527272383654,1.4217164512063465,1.1848744122859487,1.4224322702837489,1.2027799897556384,1.4224732838925433,1.1805116331994066,1.4200337637015876,1.1841399695504864,0.31276015952678576,0.2614431778140525,0.4257966626591617,0.3141595447736157,0.26148743957909243,0.424353015647292,0.3123849222463078,0.2638425366265037,0.42377254112718843,0.31302,0.2613,0.42568,0.3185798984458522,0.2605608479218368,0.42085925363231136,0.29609793420045905,0.2631981637337414,0.4407039020657995
731,Cremonese,Bologna,1,5,2.4,3.4,2.88,1.2514673349935876,1.4036670466761383,0.017158691936922776,1.2686260269305105,1.4208257386130612,1.2621099841338843,1.3768360736118164,1.2712422118468834,1.4241854273830092,1.2690620506596664,1.428562702126882,0.4064584665608358,0.2575552681461691,0.335986265292995,0.4080519737653686,0.25735719083401626,0.3345908354006152,0.4053880101399739,0.25981896227262213,0.3347930275874038,0.40768,0.26142,0.3309,0.3961255244693047,0.2611276315575149,0.34274684397318056,0.3938223938223938,0.277992277992278,0.3281853281853282
732,Atalanta,Hellas Verona,3,1,6.0,4.2,1.53,1.9362670404628026,0.8675989827970727,0.024527496947032223,1.9607945374098348,0.892126479744105,1.9253891024150487,0.8991990746730832,1.9668626790460848,0.880281282543354,1.9634895392671499,0.88298685230379,0.16106140380752648,0.21125594647879808,0.6276826497136755,0.16200560012285484,0.21169024140197987,0.6263041584751653,0.16174569763016658,0.21394705939515138,0.6243072429746822,0.15844,0.21374,0.62782,0.16976898023703405,0.21606435781652109,0.6141666619464448,0.15747684164093514,0.22496691662990734,0.6175562417291575
733,Milan,Sampdoria,5,1,17.0,7.5,1.17,2.563368477240763,0.6654718791005411,0.02825834640336401,2.591626823644127,0.6937302255039051,2.587988137090221,0.6960219326454709,2.6038731668556268,0.6751995459268266,2.5994075637141396,0.6772747910898745,0.07371771145605518,0.13934102169461585,0.7869412668493289,0.07425554722313478,0.13987021630288968,0.7858742364739755,0.07460922164099738,0.1420561749866994,0.7833346033723032,0.07494,0.14152,0.78354,0.0775478858846891,0.14220814443858026,0.7802439696767306,0.05619056766881183,0.12736528671597347,0.8164441456152147
734,Lecce,Spezia,0,0,3.6,3.1,2.2,1.3276911717405089,1.0826832553103007,0.02657167996630586,1.3542628517068147,1.1092549352766066,1.3376380041711804,1.1069269429799393,1.348670488328513,1.098509591954746,1.3463575388169269,1.1018858926809805,0.3045875332664503,0.27081561955489625,0.42459684717865365,0.30593089681483987,0.2708655594425065,0.42320354374265357,0.3041748855062353,0.27333240318932867,0.4224927113044358,0.30386,0.2704,0.42574,0.3089226630864772,0.27137944935337877,0.41969788756014403,0.2633204633204633,0.30579150579150577,0.43088803088803085
735,Torino,Fiorentina,1,1,4.2,3.4,1.95,1.553062450816069,1.1095658444730396,0.020358067203489087,1.5734205180195582,1.1299239116765287,1.5547225555776496,1.0748681654532695,1.5776029384913008,1.1257851426820766,1.5748973732864282,1.1292452755954885,0.2716100914460045,0.2504183704259313,0.47797153812806414,0.2729250714827808,0.2505824882708044,0.4764924402464151,0.27159842308906734,0.2528381445458994,0.4755634323650333,0.27216,0.25472,0.47312,0.2625431052342343,0.25334463500804105,0.48411225975772443,0.22783505154639172,0.28144329896907216,0.4907216494845361
736,Napoli,Inter,3,1,2.45,3.3,2.9,1.2661306666679653,1.4108263040466205,0.016712953947988652,1.282843620615954,1.4275392579946091,1.2927653730299158,1.4083342623031252,1.2861372439979828,1.4314493366142398,1.2839315380556628,1.4358489371913983,0.4051486182537869,0.25642458999032325,0.33842679175588963,0.40674602193026044,0.2562322662956731,0.33702171177406626,0.40410285491414966,0.25867456941177225,0.3372225756740782,0.4027,0.2597,0.3376,0.3978028993333382,0.25761837523096515,0.3445787254356969,0.3865105008077544,0.28695476575121165,0.32653473344103395
737,Udinese,Lazio,0,1,2.0,3.4,3.8,1.0965696120037813,1.6684848308245255,0.01458493069206169,1.1111545426958431,1.6830697615165873,1.0891443024603893,1.651022330350338,1.113896895291245,1.6928742378734147,1.1119865789447263,1.698077335379905,0.5090499604692119,0.24066822081871922,0.2502818187120689,0.5107485940534515,0.24022909410786966,0.24902231183867884,0.5072212200003313,0.2429207044036102,0.24985807559605833,0.51036,0.24438,0.24526,0.5047148524872223,0.2445274651427874,0.2507576823699903,0.47291361639824303,0.2781844802342606,0.24890190336749632
738,Roma,Salernitana,2,2,7.5,4.2,1.45,1.9740545769151618,0.8446889831163189,0.02519203296824457,1.9992466098834063,0.8698810160845635,1.9668449814709354,0.8710138009823626,2.0052473096926273,0.8570363914105589,2.0018083408520537,0.859670517331644,0.15207925608904557,0.2065069426738618,0.6414138012370927,0.15298572165144766,0.20695846633427514,0.6400558120142772,0.15280155113058075,0.20922412010632582,0.6379743287630933,0.15272,0.21174,0.63554,0.15910702178252517,0.21093324972313227,0.6299597284943427,0.12565769111730113,0.22438873413803773,0.6499535747446611
739,Empoli,Juventus,4,1,1.65,3.75,5.5,0.964246532194063,1.8611802094941396,0.014008147017381792,0.9782546792114448,1.8751883565115215,0.9999797846494862,1.8655688748888986,0.9794829318164732,1.8883863793568034,0.9778031333865694,1.8941903890356702,0.5864509227435557,0.2217461436351358,0.1918029336213083,0.5881432197639829,0.22115350372852893,0.19070327650748864,0.584089760705261,0.2240757328569044,0.1918345064378345,0.5873,0.22446,0.18824,0.5764040922340481,0.2243111839223151,0.1992847238436366,0.5747126436781609,0.2528735632183908,0.17241379310344826
740,Sampdoria,Sassuolo,2,2,1.83,4.1,3.8,1.0873739462749503,1.5848274062031984,0.016355135659618863,1.103729081934569,1.6011825418628172,1.121623151670479,1.646523164280392,1.1045559256041826,1.6079939342998453,1.1026616288795528,1.6129361497596995,0.4904931385611771,0.24814582053984896,0.26136104089897383,0.49216217641444343,0.2477396531293022,0.2600981704562544,0.4887498335447199,0.25044038771742383,0.26080977873785605,0.48548,0.25242,0.2621,0.4959978697826579,0.24459376571602057,0.25940836450132143,0.5186936112128375,0.23151446549255922,0.24979192329460334
741,Spezia,Torino,0,4,3.1,3.25,2.38,1.2431674709292946,1.124559280511053,0.02698070015100485,1.2701481710802995,1.1515399806620579,1.2872778064624588,1.1353869823629663,1.2628111987024815,1.1409977482371492,1.2606454965754303,1.144504637529895,0.3326333874778594,0.2757203768037086,0.39164623571843216,0.33402862259656635,0.2756881083557901,0.39028326904764366,0.3319686159565863,0.278226824048667,0.3898045599947464,0.33672,0.27506,0.38822,0.32629428739698957,0.2741010274391547,0.3996046851638556,0.30709067810068286,0.2929172621883437,0.39999205971097346
742,Salernitana,Udinese,3,2,2.55,3.5,2.7,1.364426800811319,1.3204594688215487,0.01720055794735032,1.3816273587586694,1.3376600267688992,1.3588081605897326,1.2963536262058222,1.3859865900338784,1.3397615463002717,1.3836096439716443,1.3438793418251203,0.3610511976614759,0.25668413931814277,0.3822646630203813,0.36258092230816635,0.25660994485204985,0.38080913283978424,0.3603691247538813,0.2589496980031446,0.38068117724297434,0.36174,0.25924,0.37902,0.3552266864623407,0.26055492793924506,0.38421838559841415,0.37410926365795727,0.2725653206650831,0.3533254156769596
743,Fiorentina,Roma,2,1,3.6,3.5,2.05,1.4675889922123702,1.0889667517304573,0.022860668767282172,1.4904496609796523,1.1118274204977394,1.4695192498352307,1.1786398489722287,1.49077888361485,1.10488493862673,1.4882222203523408,1.1082808341637482,0.2809263291231687,0.25834205860374304,0.46073161227308823,0.2822435550877705,0.2584716263108864,0.4592848186013433,0.28078616609162177,0.2608067445428486,0.45840708936552976,0.27908,0.26004,0.46088,0.3037048516292126,0.2578646575790633,0.43843049079172436,0.2642238998342847,0.2717731541152642,0.46400294605045117
744,Inter,Atalanta,3,2,4.0,3.8,1.83,1.8540439974655336,1.0206774041900077,0.018820659262497423,1.872864656728031,1.039498063452505,1.8986246183988682,1.0213902176826137,1.8833404007397436,1.0355973580406472,1.8801105004062382,1.0387802962121904,0.20493780277762857,0.22323460717988133,0.5718275900424901,0.20607400388073308,0.22358003179720543,0.5703459643220614,0.2054501277010407,0.22572426589250302,0.5688256064064563,0.2079,0.22818,0.56392,0.19978957526345736,0.221585277085213,0.5786251476513298,0.23593675782045195,0.2483544819162652,0.5157087602632829
745,Hellas Verona,Empoli,1,1,5.0,3.8,1.7,1.8662989493513764,0.9837290455319484,0.02007682775409865,1.886375777105475,1.003805873286047,1.876064631756501,0.9610489847252411,1.8957889974436406,0.9981088994413408,1.892537747954863,1.0011766157605475,0.1949952771659553,0.2214144110288454,0.5835903118051997,0.19608847717436517,0.22178079006547516,0.5821307327601597,0.19554849440347058,0.22395195278150343,0.5804995528150261,0.19242,0.22534,0.58224,0.18925128997384122,0.22255558380819968,0.5881931262179592,0.19022379269729095,0.2502944640753828,0.5594817432273262
746,Bologna,Napoli,2,2,2.2,3.3,3.4,1.1385943366834321,1.529781056557347,0.0164684276849625,1.1550627643683946,1.5462494842423096,1.1273996270883928,1.504602227622019,1.1565856674710553,1.5521429337496133,1.1546021405251963,1.5569134895579728,0.4644872350686145,0.2518927941582962,0.2836199707730892,0.46614168891284147,0.25154862612677203,0.28230968496038655,0.4629505001441218,0.25416689995801545,0.2828825998978628,0.46142,0.25314,0.28544,0.45909332744522396,0.25656188427903504,0.28434478827574095,0.43220338983050843,0.288135593220339,0.2796610169491525
747,Monza,Lecce,0,1,2.9,3.3,2.45,1.297781216432817,1.1087155254809045,0.02615154986532528,1.3239327662981424,1.1348670753462298,1.323096449612299,1.1331868244069678,1.3182879152653604,1.1249223939838768,1.3160270714075537,1.128379875214429,0.3174658912515694,0.27213731832601823,0.41039679042241217,0.31883810179394473,0.27215145194827156,0.4090104462577838,0.3169498382596789,0.27463603295456673,0.40841412878575434,0.32034,0.2727,0.40696,0.3187952054310567,0.27134381135078867,0.4098609832181549,0.32653473344103395,0.28695476575121165,0.3865105008077544
748,Lazio,Cremonese,3,2,12.0,6.5,1.22,2.419901758845334,0.6937349253308922,0.02816364711670594,2.44806540596204,0.7218985724475981,2.437282814833191,0.7483421867647242,2.458139480230595,0.7038757328260161,2.4539238081599053,0.7060391150716735,0.08662404091840592,0.15408557939686085,0.7592903796847332,0.08722938561580885,0.15461620073228333,0.7581544136519078,0.08751841693538631,0.15684855384130203,0.7556330292233117,0.08632,0.15478,0.7589,0.09497611347425745,0.15899282928291275,0.7460310572428298,0.07885055185442974,0.14557024957740877,0.7755791985681615
749,Juventus,Milan,0,1,3.1,3.4,2.3,1.4874250853624917,1.182061033200686,0.01904393765745221,1.506469023019944,1.2011049708581383,1.4595616521257162,1.2463866491608282,1.51092841387062,1.199340044170846,1.508337194468144,1.2030262501828757,0.3016044022085017,0.2540026743156437,0.4443929234758548,0.30300150757533717,0.2540874272025561,0.44291106522210677,0.3013775596020931,0.25635566890780426,0.44226677149010263,0.29884,0.25676,0.4444,0.3229394186951457,0.2561534656625868,0.42090711564226746,0.3067869752844252,0.27971753628874063,0.41349548842683403
750,Sassuolo,Fiorentina,1,3,2.5,3.75,2.6,1.3849103638033604,1.3898569267537302,0.015208372271234465,1.4001187360745948,1.4050652990249646,1.3902950162639336,1.333671677089993,1.4067938210309552,1.4101734353009272,1.4043811908819197,1.414507643785398,0.37480119301155457,0.25192631826422296,0.3732724887242226,0.3763774864654643,0.25182413494663214,0.3717983785879039,0.37406179726507105,0.25412888185080273,0.37180932088412644,0.37386,0.25392,0.37222,0.35863329602554067,0.2567416530628477,0.3846250509116116,0.3804878048780488,0.25365853658536586,0.3658536585365853
751,Torino,Inter,0,1,3.0,3.5,2.3,1.3104967792504838,1.301625448738579,0.018719593270044747,1.3292163725205286,1.3203450420086238,1.3630247267809945,1.3904788292969676,1.3312044011769095,1.3206522162032794,1.3289214057409084,1.3247112786541915,0.36710449459676364,0.2608891786761123,0.3720063267271242,0.3686268380953375,0.26079114950584026,0.3705820123988224,0.36632810158907314,0.2631954448282275,0.37047645358269954,0.36462,0.2638,0.37158,0.37865459126832485,0.25523453789537665,0.3661108708362987,0.3163064833005893,0.2711198428290766,0.41257367387033395
752,Cremonese,Salernitana,2,0,2.5,3.6,2.6,1.2988881264945291,1.371500870215873,0.017069952411181977,1.315958078905711,1.388570822627055,1.3588025061032913,1.3059626173522394,1.3194123160034537,1.391549055475712,1.3171495438153686,1.3958260213948106,0.3879000522895493,0.2573798379957865,0.35472010971466406,0.3894711481851364,0.25723235247167664,0.3532964993431871,0.3869912911395091,0.2596382357632861,0.35337047309720504,0.38452,0.26076,0.35472,0.35772906384005493,0.2600510030458711,0.38221993311407365,0.3765084473049075,0.2614641995172969,0.3620273531777956
753,Empoli,Lazio,0,2,2.1,3.75,3.25,1.170358682099228,1.766254723277371,0.01189161117106881,1.1822502932702967,1.7781463344484398,1.1615172851728088,1.7169454346289483,1.1888519325146023,1.7920733010685441,1.1868130694116767,1.7975812897399004,0.515130490506014,0.23205625502506552,0.25281325446892045,0.5168745588874221,0.23162000108869424,0.251505440023884,0.5133583771058172,0.23420857350456284,0.25243304938961997,0.5176,0.23308,0.24932,0.5037468535024907,0.23830021306672194,0.25795293343078796,0.4532775453277545,0.25383542538354253,0.2928870292887029
754,Napoli,Sampdoria,2,0,13.0,7.0,1.18,2.4929068228297186,0.7351516662781715,0.024067471866049524,2.516974294695768,0.759219138144221,2.556943109218249,0.748708502827263,2.5322981229857477,0.7458978911765226,2.5279552699631322,0.7481904297306873,0.08825069003074834,0.15047601406622235,0.7612732959030293,0.08887715665895013,0.1510063842741669,0.760116459066883,0.08917648710099277,0.15316331057390037,0.7576602023251068,0.09202,0.15608,0.7519,0.08709263651187751,0.14856211369654715,0.7643452497915753,0.07207678883071553,0.1338568935427574,0.794066317626527
755,Atalanta,Monza,5,2,5.0,4.5,1.57,1.9963600483000572,0.9643283285220487,0.01903020497197647,2.0153902532720336,0.9833585334940252,1.995667850958804,0.9474888229796272,2.027905237699807,0.9784245886129941,2.0244274108550204,0.9814318046385012,0.1747803783724634,0.208504356631743,0.6167152649957937,0.1758096284193077,0.20891899613161646,0.6152713754490758,0.1754725989089731,0.21105160747438872,0.6134757936166382,0.1746,0.20992,0.61548,0.17200213644527834,0.21061106393051124,0.6173867996242103,0.18882801015635442,0.2098089001737271,0.6013630896699185
756,Milan,Hellas Verona,3,1,4.5,4.0,1.73,1.879468886855277,0.9217878482067361,0.02264389887925755,1.9021127857345346,0.9444317470859936,1.9177542245196557,0.9640166224538397,1.9091670377761352,0.935262264411961,1.9058928451503048,0.9381368197965295,0.17951302738931463,0.21869491593179075,0.6017920566788948,0.18053530059724915,0.21909206947789975,0.6003726299248509,0.18011936375205762,0.221317016756804,0.5985636194911385,0.18062,0.21914,0.60024,0.18476185861829456,0.2185715920824165,0.5966665492992891,0.21158844213423023,0.238036997401009,0.5503745604647607
757,Udinese,Juventus,0,1,1.95,3.5,3.8,1.1320046147822356,1.7829541613022963,0.01222149516683944,1.144226109949075,1.7951756564691357,1.0939303814262735,1.7898683789360235,1.1498918190493737,1.8090168464320278,1.1479197719524261,1.814576911575847,0.5280286245030266,0.23070910435455133,0.24126227114242216,0.5297673539620816,0.23024242426090666,0.23999022177701168,0.5261454007659542,0.23288973283169745,0.24096486640234804,0.52642,0.23142,0.24216,0.536680594543481,0.2322193427894909,0.23110006266702765,0.4830216088614491,0.26911203922280735,0.24786635191574358
758,Lecce,Bologna,2,3,2.45,3.5,2.75,1.2867239370357217,1.358728778790582,0.017620688418980825,1.3043446254547026,1.3763494672095629,1.318319480310186,1.3482091060765642,1.307055915895721,1.3785902654776305,1.3048143347471386,1.3828274021841287,0.3871260508331777,0.25878687619744994,0.3540870729693726,0.3886896097430327,0.2586388191166689,0.35267157114029857,0.3862078242236588,0.26106124266865377,0.35273093310768733,0.38618,0.26138,0.35244,0.37691363120732824,0.2600234243980993,0.36306294439457243,0.38596491228070173,0.27017543859649124,0.34385964912280703
759,Roma,Spezia,2,1,3.8,3.6,1.95,1.6231838313674418,1.057251359861001,0.021091298324536784,1.6442751296919786,1.0783426581855378,1.6068179644803693,1.0870188852419864,1.6488323317142097,1.0727059407431652,1.6460046091761031,1.0760029332075844,0.24707466331755562,0.24485829866444536,0.5080670380179991,0.24831946293696738,0.24508774020886515,0.5065927968541674,0.24724051640955813,0.24733037093950622,0.5054291126509357,0.2454,0.2419,0.5127,0.2571945377938692,0.24848620708037578,0.4943192551257548,0.2497331910352187,0.263607257203842,0.4866595517609391
760,Spezia,Hellas Verona,0,0,2.8,3.1,2.7,1.244155196543544,1.265096792293859,0.021295720369014205,1.2654509169125583,1.2863925126628732,1.2602838964949266,1.213081154595528,1.263814531717612,1.2835895948974352,1.2616471088895982,1.2875347443191414,0.37113872628177574,0.2670712312775778,0.3617900424406466,0.37264183664984424,0.26695087514848775,0.360407288201668,0.37026105271055226,0.269443146274245,0.360295801015203,0.36888,0.27224,0.35888,0.3528699990369579,0.27165933691526567,0.3754706640477763,0.34010564811052413,0.30719219829337663,0.3527021535960991
761,Eint Frankfurt,Bayern Munich,1,6,1.5,5.0,6.0,0.9392713265748289,1.8930738987996725,0.014041688099175947,0.9533130146740049,1.9071155868988485,1.0205313049679157,1.9527041177653928,0.9541130841624883,1.9207462809744846,0.95247679463802,1.926649749738764,0.599724723226509,0.2180385061179881,0.18223677065550226,0.601407823774639,0.21742277641384603,0.1811693998115148,0.5972783573823617,0.22038784058873964,0.18233380202889904,0.59992,0.2194,0.18068,0.5906779662779601,0.21657392629584224,0.1927481074261973,0.6451612903225805,0.1935483870967742,0.16129032258064513
762,Wolfsburg,Werder Bremen,2,2,3.8,3.8,1.85,1.6861221301571576,1.05907926403984,0.01993900153239557,1.706061131689553,1.0790182655722356,1.716969578513852,1.066045388008305,1.7127651407664959,1.0745605646729068,1.7098277744267703,1.077863257377148,0.23783169852330252,0.23907202999548713,0.5230962714812102,0.2390598951761739,0.23932988187279297,0.5216102229510333,0.2380906958248494,0.24153207272143168,0.5203772314537191,0.23622,0.24768,0.5161,0.23517385168219032,0.23870168733130667,0.5261244609865028,0.24666666666666667,0.24666666666666667,0.5066666666666666
763,Augsburg,Freiburg,0,4,2.15,3.5,3.3,1.1579401707229398,1.3814712703805427,0.01972809106797915,1.1776682617909189,1.4011993614485219,1.1905466783144505,1.4340708259454327,1.1762371918590508,1.4016651999369816,1.1742199628457641,1.4059732581161217,0.42128743058979534,0.263217112832929,0.3154954565772756,0.42286880619743283,0.26296734899285285,0.3141638448097146,0.4200168125767803,0.26555938520976036,0.31442380221345945,0.42142,0.2654,0.31318,0.42659303253052433,0.2601672179977212,0.31323974947175437,0.44134505158578524,0.2711119602598395,0.28754298815437523
764,Union Berlin,Hertha BSC,3,1,4.5,3.75,1.72,1.703436323112228,1.0222946551612626,0.021098831165023674,1.7245351542772518,1.0433934863262864,1.765422164592267,0.9537735835089809,1.730352921392556,1.0372382494978745,1.7273853922747753,1.0404262309963572,0.2263630840355735,0.2374384249937063,0.5361984909707203,0.22754855049067146,0.23772330974812927,0.534728139761199,0.22668350254254474,0.23994446089480637,0.5333720365626489,0.22938,0.23956,0.53106,0.2018494841265467,0.2333955729703638,0.5647549429030895,0.20762916465475614,0.2491549975857074,0.5432158377595365
765,Gladbach,Hoffenheim,3,1,3.0,4.2,2.05,1.5118156158111917,1.2100245227909625,0.017768774958798424,1.5295843907699902,1.227793297749761,1.5508606449191296,1.313717671761613,1.5357043476954393,1.2277122956015207,1.533070637940772,1.2314857045417833,0.30437633020839044,0.25129069180650165,0.44433297798510785,0.30579247459631315,0.25137279081338515,0.442834734590302,0.30415837327038825,0.2536078540079048,0.44223377272170694,0.30752,0.2492,0.44328,0.323105425694342,0.24755661380249896,0.4293379605031592,0.31469298245614036,0.22478070175438597,0.46052631578947373
766,Bochum,Mainz 05,1,2,2.2,3.4,3.2,1.1501886467623161,1.3430152974913192,0.02106929713678057,1.1712579438990967,1.3640845946280997,1.1903432458723342,1.3892577852078274,1.1683631833337402,1.3626470892572737,1.166359458126113,1.3668352241545518,0.4126955183234973,0.26656645439688686,0.3207380272796161,0.4142545722798312,0.2663335457186205,0.31941188200154835,0.4114631558344137,0.26894025422906814,0.3195965899365183,0.41086,0.27066,0.31848,0.4149028726445373,0.26356177554659604,0.32153535180886683,0.42834645669291344,0.2771653543307087,0.29448818897637796
767,Dortmund,Leverkusen,1,0,3.2,4.2,2.0,1.625284367367933,1.3007430237046587,0.013909077596215493,1.6391934449641483,1.314652101300874,1.6813623622568592,1.3487135934322154,1.6509660590250723,1.3197568921468779,1.6481346771768643,1.3238132027936327,0.3067873601949166,0.2407380820494123,0.45247455775567114,0.3082562229606386,0.24083090312152622,0.4509128739178351,0.306658718467325,0.24294026189262974,0.450401019640045,0.3039,0.24458,0.45152,0.3084538854956526,0.23805896245828098,0.4534871520460665,0.29745042492917845,0.22662889518413595,0.4759206798866855
768,Stuttgart,RB Leipzig,1,1,1.75,3.8,4.5,0.9878734877366258,1.8068249810866155,0.014373198376392938,1.0022466861130186,1.8211981794630083,1.0245041187086792,1.80172448889299,1.0034832252186892,1.833236602646307,1.0017622666482002,1.838871107905255,0.5682546833614907,0.22743838908216943,0.20430692755633995,0.569950605897036,0.2268771537960914,0.20317224030687264,0.56600132045627,0.2297572951164883,0.2042413844272416,0.56582,0.22892,0.20526,0.5559661731259838,0.23067108912576337,0.21336273774825298,0.540711462450593,0.24901185770750991,0.21027667984189727
769,Köln,Schalke 04,3,1,4.5,4.0,1.7,1.7394668314544544,0.9865771762553567,0.02200639235177797,1.7614732238062323,1.0085835686071347,1.7986834599970583,0.9525953045921454,1.7669527605079525,1.0009986632789725,1.7639224632190442,1.0040752613701867,0.2126737814395722,0.23375405682556286,0.5535721617348647,0.2138108288794984,0.2340720782300501,0.5521170928904517,0.21307498466529945,0.23630399847803185,0.5506210168566689,0.21178,0.23896,0.54926,0.1972016132417153,0.2300464076870059,0.5727519790712787,0.20955315870570107,0.2357473035439137,0.5546995377503853
770,Freiburg,Dortmund,1,3,2.2,3.75,3.0,1.1689836216850082,1.6177747125661142,0.014197731056586836,1.183181352741595,1.631972443622701,1.1910641609699504,1.5836021256830304,1.1874551442856833,1.6414228544306564,1.1854186766534673,1.6464678146349732,0.47958220646939975,0.24409646372959176,0.2763213298010082,0.4812766652515269,0.24372817474459654,0.27499516000387636,0.4779999203472141,0.24630528995200532,0.2756947897007801,0.47776,0.24372,0.27852,0.46451883739554856,0.24858940779377683,0.28689175481067464,0.4310344827586207,0.25287356321839083,0.3160919540229885
771,Hoffenheim,Bochum,3,2,5.25,4.5,1.57,1.9211812401320874,0.9456476256073689,0.020870888725633224,1.9420521288577206,0.9665185143330022,1.9111802573465342,0.9208711645917109,1.9515385026623702,0.9594708168283261,1.9481916436144135,0.9624197778928296,0.17970650421110754,0.21519821943207967,0.6050952763568129,0.18074078434236707,0.21559835021906343,0.6036608654385692,0.18033972351140143,0.2177807792453689,0.6018794972432296,0.18178,0.21582,0.6024,0.1761303728970385,0.21811336358308547,0.6057562635198762,0.18146792525524946,0.2117125794644577,0.6068194952802928
772,Werder Bremen,Stuttgart,2,2,3.0,3.6,2.25,1.3093599475077604,1.135151199113499,0.024642425884611126,1.3340023733923716,1.1597936249981102,1.3801725338723991,1.2136074560816512,1.3300496059547675,1.151744496304899,1.3277685909751256,1.1552844160359512,0.3224886584974105,0.2698859046637057,0.40762543683888364,0.3238813132700413,0.26989065646076676,0.40622803026919174,0.321959243516153,0.2723504898058087,0.40569026667803854,0.32322,0.27146,0.40532,0.32938707259103506,0.2631897359782506,0.4074231914307146,0.3157894736842105,0.2631578947368421,0.42105263157894735
773,Leverkusen,Augsburg,1,2,9.5,5.75,1.3,2.2570278137197097,0.7748596445544078,0.02486412250049452,2.2818919362202044,0.7997237670549023,2.251192986505273,0.7861851276729858,2.2926919064393165,0.7861863086796406,2.2887599744580744,0.78860267484011,0.11207340044343124,0.17470805569561948,0.7132185438609493,0.11281231750093257,0.1752223033638258,0.7119653791352416,0.11295473408924947,0.17744434143528762,0.709600924475463,0.1127,0.17804,0.70926,0.11544855063667686,0.17866468714183192,0.7058867622214913,0.10040295500335795,0.1658831430490262,0.7337139019476159
774,RB Leipzig,Köln,2,2,7.0,4.75,1.44,2.166304447211472,0.8496146285120852,0.021891282701449365,2.1881957299129215,0.8715059112135346,2.1888951108866186,0.8119936915683482,2.2005349880114626,0.8620340384022142,2.1967611037530053,0.8646835247346157,0.13378006394041322,0.18755660910171054,0.6786633269578763,0.134628563272489,0.1880442561829113,0.6773271805445998,0.13462485230878582,0.1902241012874727,0.6751510464037416,0.1311,0.18956,0.67934,0.12548570557086255,0.18612355705536304,0.6883907373737744,0.13633645604943193,0.20091688259916285,0.6627466613514053
775,Hertha BSC,Eint Frankfurt,1,1,2.3,3.5,3.0,1.1740333112834926,1.5427970625822713,0.015518249705969779,1.1895515609894625,1.5583153122882412,1.186871655376977,1.4694482117201744,1.1925846258109445,1.5653492038172354,1.1905393611954096,1.5701603494752845,0.45962502191465454,0.24998168731832107,0.29039329076702414,0.4612888694238601,0.24965466753903318,0.28905646303710675,0.45815934569665673,0.2522205701398796,0.2896200841634641,0.45642,0.25248,0.2911,0.4365698166901753,0.25759096659422703,0.305839216715598,0.41257367387033406,0.27111984282907664,0.3163064833005894
776,Schalke 04,Gladbach,2,2,2.15,3.8,3.1,1.151462406095936,1.6033124330902586,0.014760782707821746,1.1662231888037577,1.6180732157980804,1.1930147691635697,1.5728356700364419,1.1696570697879478,1.626749169723854,1.1676511255845998,1.6317490299375152,0.48005293491717754,0.24556712822833585,0.2743799368544866,0.48173924261496576,0.24519445841099763,0.2730662989740368,0.47844684989308983,0.24779669632918958,0.27375645377772073,0.4762,0.24956,0.27424,0.46139715775587253,0.2493870914626339,0.28921575078149353,0.4426075521322562,0.250422693969566,0.3069697538981777
777,Mainz 05,Union Berlin,0,0,3.4,3.25,2.2,1.2907096193480494,1.0401550314822594,0.02993853652541917,1.3206481558734686,1.0700935680076786,1.3254916278963136,1.106239057948865,1.311104577380336,1.0553597034026116,1.3088560528384752,1.0586033817092309,0.2997481368332103,0.2760556851188003,0.42419617804798915,0.3010607965861004,0.27610959173860594,0.4228296116752933,0.29931704329706815,0.27863889191448526,0.4220440647884466,0.29868,0.27868,0.42264,0.31101449110283486,0.27243501184957847,0.4165504970475865,0.27842679127725856,0.29127725856697817,0.43029595015576316
778,Bayern Munich,Wolfsburg,2,0,17.0,9.5,1.12,2.941743886966832,0.7406031866508267,0.018851998568306525,2.9605958855351386,0.7594551852191332,2.9461886553302863,0.6904369854666367,2.9882274199141805,0.751429100226562,2.9831026550355744,0.7537386391103271,0.06377866091363565,0.11569341075841501,0.8205279283279493,0.06428806066787139,0.1162101950915262,0.8195017442406024,0.06471580526619432,0.11815192300781414,0.8171322717259916,0.06458,0.11716,0.81826,0.05868337038690223,0.11418057423434154,0.8271360553787562,0.05565435715032953,0.09959200753216862,0.8447536353175017
779,Gladbach,Hertha BSC,1,0,6.0,4.5,1.5,1.9715273623632592,0.9018756308851317,0.022137812209234047,1.9936651745724931,0.9240134430943657,1.9699317785376504,0.8850168278438268,2.0026801617320387,0.9150589763149258,1.9992455955114328,0.9178714363142797,0.16440893715399127,0.20888198848932255,0.6267090743566863,0.16537897479321248,0.20931300543744702,0.6253080197693406,0.16510863002842824,0.21151779203427717,0.6233735779372945,0.16568,0.21272,0.6216,0.1617233541580046,0.21110930604570055,0.6271673397962949,0.15789473684210528,0.2105263157894737,0.6315789473684211
780,Leverkusen,Hoffenheim,0,3,4.5,4.33,1.66,1.944664957634664,1.1232045287855055,0.014546833384496898,1.9592117910191609,1.1377513621700024,1.9533544619523555,1.0019249922621132,1.9753932946697987,1.1396231931602772,1.972005525013951,1.1431258577185845,0.21562841898709972,0.21673957241471048,0.5676320085981899,0.21684086380476159,0.21707132010990204,0.5660878160853366,0.2161630977354507,0.21909429948257841,0.564742602781971,0.21568,0.22094,0.56338,0.18864242446918814,0.21609198945562375,0.5952655860751883,0.21052169124969247,0.21878697704933397,0.5706913317009736
781,Augsburg,Mainz 05,1,2,2.1,3.5,3.5,1.1209076253310504,1.3935207006399053,0.02028186625625235,1.1411894915873027,1.4138025668961576,1.155182510308335,1.484705122632604,1.1386194821530706,1.4138907651265955,1.1366667669435964,1.418236398930865,0.4329331788979782,0.26373425055125116,0.30333257055077045,0.4345203348417234,0.26345148112457234,0.3020281840337047,0.43154839201298434,0.2660979551942394,0.30235365279277604,0.43204,0.26728,0.30068,0.44763341679485374,0.2574110718801147,0.2949555113250313,0.4545454545454546,0.27272727272727276,0.27272727272727276
782,Stuttgart,Freiburg,0,1,2.55,3.6,2.62,1.2745192208305776,1.3546089067745508,0.017963768157191605,1.2924829889877691,1.3725726749317424,1.3275257816638577,1.320049423322935,1.2946583486642353,1.3744101704174747,1.2924380291561508,1.378634459481958,0.38863061302125373,0.2596714264235593,0.35169796055518676,0.3901922826199829,0.259517621523835,0.350290095856182,0.38768959519945667,0.2619556540797478,0.3503547507207957,0.38948,0.26312,0.3474,0.3676938750567783,0.2611367703354273,0.3711693546077942,0.37290950065235445,0.26414422962875106,0.36294626971889454
783,Dortmund,Werder Bremen,2,3,7.5,5.25,1.36,2.222741722185118,0.8002923755469687,0.023808730650257102,2.246550452835375,0.8241011061972259,2.2352486805731964,0.7964679086040377,2.257864048276928,0.8119908076482015,2.2539918455462504,0.8144864846760914,0.11951248149543325,0.17948915957676467,0.700998358927802,0.12028948958933428,0.1799953406864583,0.6997151697242076,0.12038384938136433,0.18220455698168958,0.697411593636946,0.12004,0.18368,0.69628,0.11862722838129686,0.18078415701123882,0.7005886146074641,0.12589262099973555,0.17984660142819361,0.6942607775720709
784,Wolfsburg,Schalke 04,0,0,4.2,3.8,1.83,1.729531120666515,1.0395927521479045,0.019977111103487055,1.749508231770002,1.0595698632513915,1.7462251946903622,1.0064059845732216,1.7568600520487296,1.0547892048388652,1.7538470636023469,1.058031129701792,0.22670098246575102,0.23504177706738832,0.5382572404668606,0.22789621477012245,0.23532891023794775,0.5367748749919299,0.22704066806636705,0.23752130363757357,0.5354380282960591,0.22632,0.23672,0.53696,0.21681585900892486,0.23578974797188756,0.5473943930191878,0.22725490196078432,0.2511764705882353,0.5215686274509804
785,Union Berlin,RB Leipzig,2,1,2.05,3.5,3.6,1.1181409379943168,1.6245811511846198,0.014974059804635847,1.1331149977989527,1.6395552109892557,1.0952259563610416,1.629668137526475,1.1358090774136964,1.648328787512014,1.1338611820058901,1.6533949732996562,0.4931397741302444,0.24427207482234034,0.2625881510474154,0.4948284355007479,0.24386723964961216,0.26130432484963995,0.4914218013491664,0.24652177062761338,0.26205642802321993,0.4867,0.249,0.2643,0.498041267620972,0.24635977091293512,0.25559896146609296,0.46400294605045106,0.27177315411526415,0.2642238998342846
786,Eint Frankfurt,Köln,1,1,3.6,3.75,1.95,1.60210547022808,1.0677720509378883,0.02105575487739295,1.6231612251054728,1.0888278058152812,1.6068961497929963,1.1489191757705102,1.6274209039544536,1.0833804201029122,1.6246299016914683,1.0867102208856916,0.25303292356926793,0.24668866848386267,0.5002784079468694,0.25429415530715943,0.24690192904399377,0.49880391564884674,0.25315346328072075,0.249150840829852,0.4976956958894273,0.25306,0.24754,0.4994,0.27253546865691514,0.24754470694659,0.47991982439649505,0.26273241713823764,0.2522231204527081,0.48504446240905413
787,Bochum,Bayern Munich,0,7,1.18,8.0,13.0,0.8401576531949189,2.384893029854072,0.010326276412976246,0.8504839296078951,2.395219306267048,0.8039754462882808,2.4439276156192573,0.8534332806641476,2.4197546754612578,0.8519696554815948,2.4271918608330587,0.7194960132161382,0.16708369054861685,0.11342029623524486,0.7210651231983274,0.16634718989167532,0.11258768690999721,0.7166346972835461,0.169398148728012,0.11396715398844182,0.7195,0.16692,0.11358,0.7345898364660091,0.16197977788648854,0.10343038564750229,0.8075788165864264,0.11911787544649789,0.07330330796707563
788,Freiburg,Bochum,1,0,6.0,4.5,1.5,1.8811365386556957,0.9157641085802886,0.022914587749781477,1.9040511264054771,0.9386786963300701,1.9107215056256914,0.8906231060475001,1.9108610407309672,0.9291504715799992,1.9075839429156625,0.9320062421940675,0.17797512203225346,0.21836726960385153,0.6036576083638951,0.17899029563596927,0.21876741339952954,0.6022422909645013,0.17858651270300058,0.2209977592043346,0.6004157280926647,0.18012,0.223,0.59688,0.16959853716622922,0.21729789504633357,0.6131035677874372,0.15789473684210528,0.2105263157894737,0.6315789473684211
789,Hoffenheim,Augsburg,1,0,7.0,4.5,1.45,2.002012165664616,0.9096391205574017,0.02130360976224375,2.02331577542686,0.9309427303196455,1.9966081491358858,0.8666155049939072,2.033646666164799,0.9229359503331358,2.0301589928569372,0.9257726204379754,0.16262965581342775,0.20614244494736728,0.6312278992392052,0.16359796682153252,0.20657849065171952,0.6298235425267481,0.1633511029058026,0.2087624309727154,0.6278864661214819,0.16424,0.20698,0.62878,0.15497713586723985,0.20775079965202517,0.637272064480735,0.13544369486248053,0.21069019200830302,0.6538661131292164
790,Mainz 05,Leverkusen,0,3,2.37,3.75,2.75,1.2006833950624853,1.4912627160462308,0.016100546831865712,1.2167839418943511,1.5073632628780966,1.2701864708760002,1.4751609004046846,1.2196558169653544,1.5130615437769632,1.217564125665985,1.5177119818127394,0.4404086791072308,0.25321471536744206,0.306376605525327,0.44205000619481005,0.2529330701544685,0.3050169236507215,0.43908351910900484,0.25545994078984197,0.3054565401011532,0.43898,0.25496,0.30606,0.4197281572296354,0.25415948066619465,0.32611236210417005,0.4009915427238262,0.2534266550014582,0.34558180227471574
791,RB Leipzig,Wolfsburg,2,0,6.0,4.75,1.45,2.087024164408494,0.9515092539525282,0.01837943617723422,2.105403600585728,0.9698886901297624,2.1305965179480104,0.870227668551789,2.12000196949139,0.965418128685279,2.1163661981429907,0.9683853689832901,0.16186911798917694,0.19953591718681443,0.6385949648240086,0.1628540361176167,0.19997845807419748,0.6371675058081856,0.16264056468985577,0.20208726246896055,0.6352721728411836,0.16188,0.20512,0.633,0.1420122706316743,0.19464143102400885,0.6633462983443168,0.15622341933654663,0.1973348454777431,0.6464417351857102
792,Schalke 04,Union Berlin,1,6,2.3,3.4,3.1,1.2170092676486555,1.3496899625507115,0.01929084098568574,1.2363001086343413,1.3689808035363973,1.2488997278628238,1.3472156002791582,1.2362396604237054,1.3694193225534526,1.234119528083356,1.3736282721039332,0.39970677111722264,0.2628837247260355,0.337409504156742,0.4012682823050597,0.26269364219276126,0.3360380755021791,0.39863335950777246,0.26520637564210237,0.3361602648501252,0.39728,0.2658,0.33692,0.39115752278729315,0.2637635661194712,0.34507891109323574,0.41349548842683415,0.2797175362887407,0.3067869752844253
793,Hertha BSC,Dortmund,0,1,1.66,4.33,4.5,0.9764697417657755,1.8786058306172682,0.013511498138864935,0.9899812399046405,1.892117328756133,0.9997156274898439,1.8970951467770574,0.9918992846347362,1.9060667229435708,0.9901981923473371,1.9119250736653646,0.587357347105182,0.2203158254338471,0.19232682746097107,0.5890565356289758,0.21972435863421658,0.19121910573680734,0.5850084990075288,0.22262657999380026,0.19236492099867075,0.5841,0.22334,0.19256,0.5834923389840386,0.22132246355853913,0.19518519745742202,0.5706913317009736,0.21878697704933397,0.21052169124969247
794,Bayern Munich,Gladbach,1,1,12.0,8.0,1.18,2.6085639228149478,0.8189716081077298,0.018211582466369454,2.626775505281317,0.8371831905740993,2.612022195853854,0.7673380213512148,2.6497827616093934,0.8309430875857615,2.645238424206512,0.8334970149894202,0.09319046054341376,0.1463817111160882,0.7604278283404982,0.09386674649474017,0.14691134784046117,0.7592219056647986,0.09417016535877877,0.14894522132181143,0.7568846133194099,0.09402,0.14886,0.75712,0.08635034991700576,0.14522583518475488,0.7684238148982393,0.07892976588628761,0.11839464882943143,0.802675585284281
795,Köln,Stuttgart,0,0,3.4,3.75,2.05,1.4018034048792138,1.1302324952016605,0.02261461210979281,1.4244180169890066,1.1528471073114532,1.4553553890306856,1.2026767024360812,1.423953795008381,1.146753892265686,1.4215117357632294,1.1502784732321378,0.30364340413507823,0.26261190049098093,0.4337446953739408,0.3050134366643802,0.2626776500379138,0.43230891329770615,0.30331818010937334,0.2650473737219261,0.4316344461687007,0.30232,0.26378,0.4339,0.3124757966108715,0.25810404230862,0.4294201610805085,0.2804889172671714,0.25430995165556874,0.4652011310772599
796,Werder Bremen,Eint Frankfurt,3,4,2.8,3.5,2.45,1.2523637415959612,1.380493748191165,0.017721989682527847,1.270085731278489,1.3982157378736928,1.3172796589424733,1.380371231747335,1.2721527828862156,1.400673388623642,1.269971060083423,1.4049783984422743,0.40019076191137143,0.2590736797804487,0.34073555830818025,0.40177007785534274,0.2588896741023731,0.33934024804228446,0.3991573507761737,0.26135250588362585,0.33949014334020056,0.39576,0.26154,0.3427,0.38546145133569193,0.25816100191332253,0.3563775467509852,0.33980582524271846,0.27184466019417475,0.3883495145631068
797,Dortmund,Hoffenheim,1,0,4.75,4.5,1.61,1.9638603506134573,1.0603778637719858,0.016100975605467596,1.9799613262189248,1.0764788393774534,2.017407240749716,0.9787342669701816,1.9948920008248072,1.0758781469435064,1.9914707911824927,1.0791848892746325,0.19936521672268004,0.2139618406463505,0.5866729426309696,0.20050684232407717,0.2143278997615581,0.5851652579143649,0.19996842706986828,0.21639020835714307,0.5836413645729885,0.19838,0.21564,0.58598,0.17605869486352918,0.2094941067370947,0.6144471983993762,0.1997656303853312,0.21086372096229405,0.5893706486523748
798,Stuttgart,Schalke 04,1,1,4.33,4.0,1.75,1.742231279329256,0.99607241420904,0.021541366727986348,1.7637726460572425,1.0176137809370265,1.7989256721916709,0.9566849684262575,1.7697608903988669,1.0106326997516475,1.7667257772096212,1.0137389083301778,0.21453788988637126,0.2335680441208081,0.5518940659928209,0.2156840409785193,0.23388245423834456,0.5504335047831361,0.21493436295868212,0.23610445703746027,0.5489611800038573,0.21392,0.23766,0.54842,0.19811094223672152,0.23008557180529332,0.5718034859579852,0.21945293518300807,0.23755780233560622,0.5429892624813857
799,Bochum,Werder Bremen,0,2,2.3,3.6,2.9,1.2165389057766567,1.382923379985611,0.01838466220423178,1.2349235679808885,1.401308042189843,1.2532868768144183,1.379632330433913,1.2357618661978327,1.4031385360414363,1.2336425532673618,1.4074511225613355,0.4086348166573027,0.2605576293855009,0.3308075539571962,0.41021670133949156,0.2603477518416931,0.32943554681881504,0.40750990330041265,0.2628575660482975,0.3296325306512897,0.40824,0.26576,0.326,0.39873509773165605,0.26136651198030825,0.3398983902880358,0.4111855061047657,0.26270185112248917,0.32611264277274515
800,Union Berlin,Bayern Munich,1,1,1.36,5.25,7.0,0.9433554143730165,2.1592663715292395,0.010728284803648253,0.9540836991766648,2.1699946563328876,0.9015507617144646,2.1709643520549795,0.9582617060727608,2.1908298748283257,0.9566183017243944,2.1975634532618797,0.6541710305504087,0.19279540487686656,0.15303356457272466,0.6558510614451516,0.19211839581548049,0.1520305427393679,0.6515494305278919,0.19506855836092346,0.15338201111118455,0.65276,0.19248,0.15476,0.6636908724554827,0.19220001581244553,0.14410911173207175,0.6880733944954128,0.1782437745740498,0.13368283093053734
801,Leverkusen,Freiburg,2,3,3.8,3.75,1.9,1.7014136830853068,1.0565417421518355,0.019785746396283575,1.7211994294815904,1.076327488548119,1.7498668827885742,1.0867516403821766,1.7282983209170217,1.0719859500567703,1.7253343154080154,1.075280729609172,0.23491718476236795,0.23767252115521306,0.5274102940824187,0.23613823938772294,0.23793858612541025,0.5259231744868669,0.23520087793823768,0.2401337103068078,0.5246654117549543,0.23648,0.24008,0.52344,0.23523977983583472,0.23574389452575617,0.5290163256384094,0.24916943521594684,0.25249169435215946,0.4983388704318937
802,Wolfsburg,Köln,2,4,3.75,3.4,2.05,1.4124830513112419,1.0624684371743274,0.02532351682475432,1.4378065681359962,1.0877919539990817,1.432859461298762,1.1476704007494762,1.4348021943012506,1.0779992797160822,1.432341530215211,1.0813125414095999,0.28360168151422793,0.26404426819913296,0.4523540502866392,0.28490742633642885,0.26415843986645965,0.45093413379711145,0.28339108789322676,0.26655710837170904,0.4500518037350646,0.28194,0.26822,0.44984,0.3022692819864987,0.26185752184140104,0.43587319617209996,0.25430995165556874,0.2804889172671714,0.4652011310772599
803,Eint Frankfurt,RB Leipzig,4,0,2.0,3.75,3.5,1.187322177268569,1.5769050768635533,0.014624262490824644,1.2019464397593935,1.591529339354378,1.2019435428090515,1.59964965412269,1.2060834738555015,1.599955798744003,1.2040150589195127,1.604873308763765,0.46517960367582595,0.246987617268911,0.28783277905526305,0.46685974297014143,0.2466518696808172,0.28648838734904136,0.46369898164661344,0.2491998688660274,0.2871011494873591,0.46402,0.24856,0.28742,0.46603760230989766,0.24710040363113286,0.2868619940589694,0.4751131221719458,0.2533936651583711,0.2714932126696833
804,Augsburg,Hertha BSC,0,2,2.87,3.3,2.45,1.2318700833415024,1.1584499493949754,0.025748901884141452,1.2576189852256439,1.1841988512791168,1.2823560536393022,1.168026993058716,1.2513352971079186,1.1753838206772194,1.2491892759787226,1.1789963965494927,0.34438407782255065,0.2745719923638887,0.3810439298135607,0.3458085050918116,0.2745102183997368,0.3796812765084514,0.343640654761783,0.27704903518301716,0.3793103100551999,0.33844,0.2802,0.38136,0.336183358322527,0.2726975805666687,0.3911190611108045,0.3288256227758007,0.28597864768683273,0.3851957295373665
805,Gladbach,Mainz 05,0,1,3.0,3.8,2.2,1.482874889686198,1.1087848281721981,0.021736332913732205,1.5046112225999302,1.1305211610859303,1.5261469866238706,1.2356618529971097,1.5063063189472257,1.1249927097209689,1.5037230263677122,1.128450407068955,0.28343401593240447,0.25648165853098376,0.46008432553661194,0.28476598541191095,0.25660787202232377,0.4586261425657653,0.28329650519626787,0.25891853137002574,0.45778496343370634,0.2841,0.25756,0.45834,0.30807779768160465,0.2517527050922082,0.44016949722618715,0.31714719271623676,0.2503793626707132,0.4324734446130501
806,Werder Bremen,Augsburg,0,1,5.5,4.5,1.53,1.875797666412022,0.916140538640932,0.022986133855195972,1.898783800267218,0.939126672496128,1.8732043903979436,0.9040422651417055,1.9054378070835218,0.9295324041815138,1.9021700100319874,0.9323893486763832,0.17870545390000042,0.21891621308283182,0.6023783330171677,0.1797227992368845,0.21931456792672208,0.6009626328363935,0.17931141288544275,0.22154697939587686,0.5991416077186805,0.17858,0.2253,0.59612,0.17694222633882892,0.22150327890401275,0.6015544947571584,0.17191011235955056,0.21011235955056176,0.6179775280898876
807,Bayern Munich,Stuttgart,2,2,17.0,8.0,1.14,2.7811558920045933,0.748208402737211,0.019965251643480984,2.8011211436480745,0.768173654380692,2.7346230678189754,0.6840681635375057,2.825101917391257,0.7591454870634373,2.820256910284955,0.7614787424833821,0.07289142691565614,0.12792484629941336,0.7991837267849304,0.07344989482805905,0.12845117557975386,0.7980989295921872,0.07384196875217441,0.13046390813865538,0.7956941231091702,0.07432,0.12926,0.79642,0.06795672336513069,0.12939300486320535,0.8026502717716639,0.05544072948328267,0.11781155015197567,0.8267477203647416
808,Eint Frankfurt,Wolfsburg,0,1,3.6,3.6,2.0,1.5680101687615948,1.1362977459249648,0.0191554553260217,1.5871656240876166,1.1554532012509866,1.5441053433615866,1.1752043163953365,1.5927868506013447,1.152907802991174,1.5900552452166041,1.1564512981786794,0.2758597701335869,0.24863828576935343,0.4755019440970596,0.2771960428447097,0.24879479634988522,0.4740091608054049,0.27584090883758067,0.2510234326224755,0.47313565853994377,0.27606,0.2479,0.47604,0.2896896046762534,0.25208667543176794,0.45822371989197863,0.2631578947368421,0.2631578947368421,0.47368421052631576
809,Hertha BSC,Leverkusen,2,2,1.9,4.0,3.6,1.0324440617763126,1.7818368144410854,0.013902268998501955,1.0463463307748146,1.7957390834395874,1.0747632235181943,1.7617356336962287,1.048758074622399,1.8078831665320565,1.0469594703692013,1.8134397472781993,0.5515702341127674,0.23032466311629257,0.21810510277093997,0.5532783504473171,0.22979869432512234,0.21692295522756055,0.5494501397560596,0.23260288225383016,0.21794697799011054,0.5508,0.23244,0.21676,0.5346476294946918,0.23466283678223357,0.23068953372307488,0.49930651872399445,0.23717059639389737,0.2635228848821082
810,Hoffenheim,Mainz 05,4,1,2.9,3.75,2.25,1.4015884111500758,1.1201493816660164,0.023028474203293396,1.4246168853533692,1.1431778558693098,1.4526381286100636,1.247876246479593,1.4237354040874832,1.1365233868234461,1.4212937193794615,1.1400165240381026,0.3009943233676125,0.26300537570418525,0.4360003009282025,0.3023554324549694,0.2630772532840753,0.4345673142609551,0.3006827820736402,0.26545238938281795,0.4338648285435417,0.29976,0.26786,0.43238,0.3246102364078974,0.25658139619728193,0.41880836739482086,0.3265602322206096,0.2525399129172714,0.420899854862119
811,RB Leipzig,Dortmund,3,0,2.75,3.9,2.3,1.4915459068406993,1.327413295319483,0.015043844921902584,1.506589751762602,1.3424571402413856,1.4940614163393455,1.3600717653286634,1.5151143499027495,1.34681702173254,1.5125159516832203,1.350956502463417,0.3379184183995749,0.24865587954355484,0.41342570205687024,0.3394349797193071,0.24865657437197983,0.4119084459087129,0.33749696520932343,0.2508680088257797,0.41163502596489665,0.33796,0.2507,0.41134,0.34519047893472343,0.2494061583357295,0.40540336272954713,0.3447348193697155,0.24308224442736354,0.4121829362029208
812,Schalke 04,Bochum,3,1,3.5,3.8,2.0,1.4351338950992403,1.0758906529280456,0.02415701759562126,1.4592909126948614,1.1000476705236668,1.4805132645083652,1.182174991044189,1.4578109520627154,1.0916176973635592,1.4553108283047342,1.09497281565417,0.2831715474915711,0.2615911343362792,0.45523731817214996,0.284484431909985,0.2617101621641259,0.45380540592588936,0.2829869380245495,0.2640806984348496,0.45293236354060096,0.28422,0.2629,0.45288,0.3026420471580297,0.25689048092457833,0.4404674719173922,0.27240143369175623,0.25089605734767023,0.4767025089605735
813,Köln,Union Berlin,0,1,2.9,3.4,2.37,1.3216073377976416,1.1670271582966796,0.0230157214174726,1.3446230592151143,1.1900428797141522,1.3661031477197607,1.2213938030984415,1.3424905215792575,1.1840864086266574,1.3401881706172787,1.1877257321525052,0.3287867633947776,0.26735333460488125,0.40385990200034105,0.33020389580282766,0.2673458385025902,0.4024502656945821,0.32823734929883,0.26977897039746734,0.4019836803037026,0.3292,0.26664,0.40416,0.33414105932842003,0.26382982757934587,0.4020291130922342,0.32503731192771573,0.2772377072324634,0.39772498083982083
814,Freiburg,Gladbach,0,0,3.5,3.6,2.0,1.4659635485483742,1.2011549319595498,0.018818594600302833,1.484782143148677,1.2199735265598526,1.453040213321527,1.2406073432135016,1.4891277557420945,1.2187130517716822,1.4865739241389417,1.2224588012780164,0.31044327379674763,0.2550212210046584,0.43453550519859363,0.31186155636031804,0.25508194581160587,0.43305649782807587,0.3101481722257226,0.25736018912780134,0.4324916386464762,0.31208,0.25632,0.4316,0.32266933893183214,0.25683808193568425,0.4204925791324837,0.26865671641791045,0.2611940298507463,0.4701492537313433
815,Mainz 05,Hertha BSC,1,1,4.33,4.0,1.72,1.7646403125253594,0.9796528256958539,0.021878499602071326,1.7865188121274307,1.0015313252979252,1.7900493175916243,0.9497673704503736,1.792524016633968,0.9939730946554964,1.7894498650271375,0.9970280994601163,0.20756086792428757,0.23121631712135263,0.5612228149543598,0.2086826240340717,0.23154762323432299,0.5597697527316052,0.20799956862360064,0.23377248100519546,0.558227950371204,0.2073,0.23506,0.55764,0.197675169692164,0.2308673727907834,0.5714574575170526,0.21739405199762382,0.2353290612874278,0.5472768867149485
816,Dortmund,Schalke 04,1,0,8.0,5.0,1.36,2.2225899363020174,0.7684562221481805,0.025824768993032425,2.24841470529505,0.794280991141213,2.2371517129555207,0.7973650982018291,2.257709863971541,0.7796892829797626,2.253837925664618,0.7820856803454673,0.11375680240566263,0.1776614696848463,0.708581727909491,0.11449963450516262,0.17817333382672235,0.707327031668115,0.11462412356848693,0.18041743957288028,0.7049584368586328,0.11636,0.1792,0.70444,0.11862876142170799,0.18065118108376194,0.7007200574945301,0.11789181692094314,0.18862690707350901,0.6934812760055478
817,Leverkusen,Werder Bremen,1,1,5.0,4.33,1.61,1.965072230233809,0.9817101188742435,0.018768761503344392,1.9838409917371536,1.000478880377588,1.9712237739337586,0.9562794551884487,1.9961230297825674,0.9960604607238637,1.992699708944189,0.9991218811079415,0.18221232699264142,0.21196576849764082,0.6058219045097178,0.18327065725669095,0.212364637016889,0.6043647057264199,0.18286676396281698,0.21449406470978347,0.6026391713273995,0.18254,0.21514,0.60232,0.17669818508711285,0.21321808963856076,0.6100837252743263,0.1901023416131962,0.21951771548867918,0.5903799428981247
818,Stuttgart,Eint Frankfurt,1,3,3.1,3.5,2.25,1.2951626420016633,1.2745844814467395,0.019843407524543714,1.315006049526207,1.2944278889712832,1.3438911997688547,1.2947726384175207,1.3156279638158386,1.2932159722232184,1.3133716817345809,1.2971907085916332,0.36307126649131216,0.2633717564868639,0.3735569770218241,0.36457581722301097,0.26328001051946537,0.37214417225752383,0.36230012320858385,0.26570833741719824,0.3719915393742179,0.36474,0.26576,0.3695,0.3577881378269671,0.2615588628095997,0.380652999363433,0.306420233463035,0.2714007782101167,0.42217898832684825
819,Augsburg,Bayern Munich,1,0,1.16,8.0,17.0,0.7538663054815425,2.477387819666946,0.011120653833899872,0.7649869593154424,2.488508473500846,0.769295934691974,2.509840302934958,0.765778412923662,2.5136015261601354,0.7644651145149824,2.521327152518242,0.754068095586939,0.15343063934901593,0.09250126506404499,0.7555392730027857,0.15267670500691696,0.09178402199029678,0.7511059626403824,0.15579379143376468,0.09310024592585275,0.75012,0.15534,0.09454,0.7527152775539897,0.15398964869466053,0.09329507375134949,0.8242424242424243,0.11951515151515152,0.05624242424242425
820,Gladbach,RB Leipzig,3,0,2.25,3.6,3.0,1.2366779587121608,1.5063561240126913,0.015146529633586444,1.2518244883457472,1.5215026536462777,1.2220583467984154,1.4882078224057795,1.2562191434134324,1.528375582619922,1.2540647465616084,1.5330730887931507,0.4362076439461318,0.2509473801242534,0.3128449759296149,0.43785823745024105,0.2506817158254147,0.31146004672434424,0.43494911994249685,0.2531589236843293,0.3118919563731738,0.43768,0.24892,0.3134,0.43356160453375076,0.2549754083812918,0.31146298708495745,0.42105263157894735,0.2631578947368421,0.3157894736842105
821,Union Berlin,Wolfsburg,2,0,3.8,3.5,1.95,1.4432135080752988,1.151568207363829,0.020922848962138522,1.4641363570374373,1.1724910563259674,1.4777394196822475,1.1445053383348842,1.466018233853737,1.168401483420691,1.463504034731481,1.171992598879216,0.301690293331348,0.2584834327646103,0.43982627390404183,0.30307024847728203,0.25856080841320467,0.4383689431095136,0.30141870862895553,0.2608821304831545,0.43769916088788996,0.29694,0.26182,0.44124,0.2934310991541516,0.25830532974994397,0.4482635710959044,0.24786635191574355,0.2691120392228073,0.483021608861449
822,Bochum,Köln,1,1,2.2,3.6,3.1,1.2103183773497743,1.5232507321872193,0.015261421345854703,1.225579798695629,1.538512153533074,1.230865973678162,1.4295279685484188,1.2294430450067972,1.5455171510712757,1.2273345687592034,1.5502673423466056,0.4464109759203647,0.25051492294413874,0.3030741011354965,0.4480686308636029,0.2502225255998156,0.30170884353658123,0.4450633390241077,0.2527361013843582,0.302200559591534,0.44764,0.25006,0.3023,0.416551549404075,0.25889973864430793,0.32454871195161716,0.4308880308880309,0.2633204633204634,0.3057915057915058
823,Hoffenheim,Freiburg,0,0,3.2,3.6,2.15,1.4622045249772067,1.1532675574178106,0.020486634236802623,1.4826911592140093,1.1737541916546133,1.4771005346509563,1.207832360313086,1.4853093345133692,1.1701256740602264,1.4827620514449344,1.1737220888681161,0.29869124875523495,0.2568997261438947,0.44440902510087,0.30006850749137515,0.2569872102635503,0.4429442822450742,0.2984546837992089,0.2592910369643421,0.4422542792364491,0.2978,0.26126,0.44094,0.30984054509144643,0.25628908641409637,0.4338703684944576,0.29609793420045905,0.2631981637337414,0.4407039020657995
824,Bayern Munich,Leverkusen,4,0,7.0,6.0,1.36,2.438587428757919,0.90018462872546,0.0165494121924899,2.455136840950409,0.9167340409179499,2.441255922245501,0.829540042489477,2.4771204090054058,0.9133432555966968,2.472872184928634,0.9161504422792318,0.1187683769869282,0.1655579724240723,0.7156736505889997,0.11958101505100845,0.16607044063172258,0.714348544317269,0.11973158598894003,0.16809947008265455,0.7121689439284055,0.11958,0.16602,0.7144,0.10779485314576179,0.1637837660237314,0.7284213808305068,0.13672922252010725,0.15951742627345847,0.7037533512064343
825,Freiburg,Mainz 05,2,1,3.4,3.6,2.1,1.3989449504838274,1.0986289830760783,0.024002215846880955,1.4229471663307083,1.1226311989229592,1.4397025153397471,1.1748625257050014,1.4210501731666865,1.1146884095502814,1.418613093589125,1.1181144363362583,0.2957241680313845,0.2640138123330552,0.4402620196355599,0.29706647375451445,0.26409748382350196,0.4388360424219834,0.2954372282636856,0.2664867482861049,0.43807602345020935,0.29472,0.26384,0.44144,0.3081258998667225,0.2603233596389458,0.4315507404943314,0.28062360801781744,0.26503340757238314,0.4543429844097996
826,Eint Frankfurt,Union Berlin,2,0,3.2,3.4,2.25,1.5004995542821482,1.1245090348693698,0.02078942962173222,1.5212889839038803,1.145298464491102,1.4871981220187485,1.2146242338543827,1.5242094770860914,1.14094676811986,1.5215954808608532,1.1444535007237537,0.28443513318866126,0.2545713323887223,0.46099353442261626,0.2857773593925664,0.2546979953137067,0.45952464529372705,0.2843098465048641,0.2569852814040268,0.4587048720911092,0.28636,0.2557,0.45794,0.30974912373616426,0.25530278597785966,0.4349480902859758,0.29731830547998445,0.27982899339292655,0.42285270112708895
827,Köln,Dortmund,3,2,2.05,4.0,3.1,1.1701141831822546,1.7356474961698485,0.012318280467650865,1.1824324636499055,1.7479657766374994,1.1489489328405211,1.7045266495951785,1.1886035701839874,1.761018666764521,1.1865651330187066,1.7664312081269764,0.5079422957055093,0.23454445444951458,0.25751324984497626,0.5096774230097245,0.23412156279170737,0.2562010141985679,0.5062079462804412,0.23670724446643485,0.2570848092531238,0.50682,0.2359,0.25728,0.5036849441870928,0.23942622992210527,0.25688882589080153,0.46002596920793926,0.23576330921906882,0.30421072157299206
828,Wolfsburg,Stuttgart,3,2,2.9,3.4,2.4,1.3946545193903,1.1260639264560053,0.022944380146489227,1.4175988995367892,1.1490083066024945,1.3929183334273905,1.210910646014168,1.4166919474578705,1.1425243886418281,1.4142623421715552,1.1460359701076281,0.30385179668476386,0.2633587975926965,0.43278940572253966,0.30521966374652737,0.2634228031140243,0.43135753313944825,0.3035178000344227,0.2658013457607942,0.4306808542047835,0.30394,0.26614,0.42992,0.32625196715261034,0.2623881753918461,0.4113598574555438,0.32666132906325057,0.2786228983186549,0.39471577261809443
829,RB Leipzig,Bochum,4,0,12.0,6.5,1.22,2.357280016614339,0.7228271381912006,0.0269023072838641,2.384182323898203,0.7497294454750647,2.416736114077508,0.7320392757714097,2.394528229758889,0.7333932068623895,2.390421650021711,0.7356473119107929,0.09555128298965399,0.16188660255316123,0.7425621144571848,0.0962047570640232,0.16241386629874016,0.7413813766372368,0.096446932843476,0.16464633519885902,0.7389067319576649,0.09556,0.16292,0.74152,0.09379432276684363,0.15976392070984166,0.7464417565233148,0.07885055185442974,0.14557024957740877,0.7755791985681615
830,Werder Bremen,Gladbach,5,1,2.5,3.9,2.5,1.2867416068359774,1.485456099704331,0.014742139311857924,1.3014837461478352,1.5001982390161888,1.3468687701960744,1.460179905193204,1.307073864902724,1.5071700480721089,1.304832252971866,1.5118023784269212,0.41987880978611686,0.25064396054064847,0.32947722967323456,0.42151920570259094,0.25042306061942904,0.32805773367797986,0.41877144547076856,0.25283501843715184,0.3283935360920792,0.41616,0.25608,0.32776,0.399663337660821,0.25198084366536394,0.34835581867381527,0.37864077669902907,0.24271844660194172,0.37864077669902907
831,Hertha BSC,Hoffenheim,1,1,2.37,3.75,2.75,1.2839008305163597,1.4542505826840721,0.015428797782053966,1.2993296282984137,1.4696793804661261,1.3205987194326585,1.4258532577895116,1.30418820047431,1.4755083782342053,1.3019515374143493,1.4800433955389993,0.4125245263971579,0.25280905828759825,0.33466641531524377,0.4141472153760836,0.25260379834717567,0.3332489862767407,0.4114565403292486,0.25502060609827365,0.3335228535724778,0.4133,0.25356,0.33314,0.39644513475246057,0.2552342730027847,0.34832059224475453,0.4009915427238262,0.2534266550014582,0.34558180227471574
832,Schalke 04,Augsburg,2,3,3.6,3.8,1.95,1.4608964064314078,1.0824914864691757,0.023282014156568276,1.484178420587976,1.105773500625744,1.5087471639824785,1.1696753685754,1.4839805459249498,1.0983150198946532,1.4814355417088687,1.1016907225980823,0.28039416400081657,0.2591095497421098,0.4604962862570732,0.2817069583622881,0.2592392631487807,0.45905377848893114,0.28024990680191997,0.26158392790988216,0.45816616528819787,0.28114,0.25966,0.4592,0.29443875304732614,0.2550509823492554,0.4505102646034188,0.263607257203842,0.2497331910352187,0.4866595517609391
833,Hoffenheim,Werder Bremen,1,2,3.5,3.8,1.95,1.5940066079227733,1.1328669788289287,0.01883739170431834,1.6128439996270916,1.151704370533247,1.6085107391698819,1.1742708215182935,1.6191940686687414,1.1494268859784893,1.6164171753039789,1.152959682467755,0.27064228920976,0.2465168969789029,0.48284081381133714,0.271968568251699,0.24668903568666442,0.48134239606163653,0.27067243016891135,0.2489009837026137,0.4804265861284748,0.26944,0.24886,0.4817,0.27853631233984544,0.24695674698758746,0.47450694067256727,0.2691120392228073,0.24786635191574355,0.483021608861449
834,Bochum,Eint Frankfurt,3,0,1.9,3.8,3.75,1.0532046859388284,1.7004822754875915,0.014848860608764506,1.0680535465475929,1.715331136096356,1.111708853798602,1.691588966174073,1.0698467447312467,1.7253394115130913,1.068011973727423,1.730642291661572,0.5272149889392483,0.23794048494762132,0.23484452611313034,0.5289117615542653,0.2374598468961606,0.23362839154957415,0.5252387562930411,0.24022389056191146,0.23453735314504764,0.526,0.23904,0.23496,0.5092531564031262,0.24079374889406133,0.24995309470281246,0.4983388704318937,0.24916943521594684,0.25249169435215946
835,Mainz 05,RB Leipzig,1,1,2.3,3.6,3.0,1.1768091245920065,1.5262357659835337,0.015805037811101322,1.192614162403108,1.5420408037946352,1.1920114130492008,1.4787380899645817,1.1954043007247985,1.5485458191895618,1.1933542004093864,1.553305319163188,0.4547785931715133,0.25121722424968024,0.29400418257880656,0.4564351731076915,0.2509007390693107,0.2926640878229979,0.45334340259753153,0.2534621370876216,0.29319446031484697,0.4582,0.25074,0.29106,0.4378107229928741,0.2567025981653384,0.3054866788417877,0.41570438799076215,0.2655889145496536,0.3187066974595843
836,Augsburg,Wolfsburg,1,1,2.4,3.4,2.9,1.2458324185048364,1.3549768927391932,0.018529560856452392,1.2643619793612888,1.3735064535956456,1.24594258825945,1.3740964397138182,1.2655182560548055,1.3747835354897446,1.2633479113652937,1.3790089721024823,0.3948661236891991,0.2610968738366937,0.3440370024741073,0.3964296812247211,0.260923428595897,0.34264689017938177,0.3938554363322531,0.2633976774635726,0.34274688620417426,0.39314,0.26626,0.3406,0.39885552660561013,0.2620947135643427,0.33904975983004715,0.39471577261809454,0.27862289831865494,0.3266613290632506
837,Leverkusen,Schalke 04,4,0,7.0,4.5,1.45,2.12573541181682,0.8380943785616155,0.02309453561426535,2.1488299474310852,0.8611889141758808,2.1197338719425742,0.8391251230494989,2.159324906976582,0.8503453889193326,2.155621697384492,0.8529589498524234,0.13541969759390338,0.1909340652372186,0.6736462371688783,0.13626902146944647,0.1914178790581769,0.6723130994723768,0.13624312251329257,0.19362647737847033,0.6701304001082371,0.13626,0.19444,0.6693,0.13701525175130128,0.19426709056525462,0.6687176576834442,0.13544369486248053,0.21069019200830302,0.6538661131292164
838,Dortmund,Bayern Munich,2,2,1.65,4.75,4.33,1.1628763326643499,1.7855829951083646,0.011739458921627342,1.1746157915859772,1.797322454029992,1.1718734651768306,1.746132304362755,1.181251351836678,1.8116841077362522,1.1792255236147844,1.817252370784163,0.5214089436637723,0.2304932688456524,0.24809778749057576,0.523156418634126,0.23004413814734742,0.24679944321852687,0.5195954437999002,0.23264579236917585,0.2477587638309242,0.5235,0.23128,0.24522,0.5082804279766238,0.23584187070798426,0.255877701315392,0.5785594734103152,0.20097329076358317,0.22046723582610164
839,Gladbach,Köln,5,2,3.6,3.75,1.95,1.5994215548865345,1.0684169512358679,0.021079273726844153,1.6205008286133786,1.089496224962712,1.5817448063464865,1.1569611599328238,1.6246945791197638,1.0840347473585619,1.6219082524626802,1.0873665592349215,0.2536233505139428,0.24692558367740217,0.49945106580865506,0.25488597250419254,0.24713714982932278,0.4979768776664848,0.25373881661984593,0.24938740946557936,0.49687377391457466,0.25222,0.25122,0.49656,0.27871271097062433,0.24946540165877776,0.47182188737059794,0.26273241713823764,0.2522231204527081,0.48504446240905413
840,Hertha BSC,Freiburg,2,2,2.3,3.5,3.0,1.2444076408447604,1.4513077629135787,0.016177025905393577,1.260584666750154,1.4674847888189722,1.2464204725443286,1.4195130292514957,1.2640709649802893,1.4725225412136127,1.2619031023731042,1.4770483814627169,0.42037929874110896,0.2545734791838942,0.3250472220749968,0.4220005524470105,0.2543434696916266,0.32365597786136313,0.41922056373003685,0.25681148153524147,0.3239679547347216,0.42032,0.25928,0.3204,0.4105850525288366,0.25895017287610195,0.3304647745950612,0.41257367387033406,0.27111984282907664,0.3163064833005894
841,Stuttgart,Union Berlin,0,1,2.9,3.1,2.55,1.2674561041927406,1.1370289036300156,0.025693749175820037,1.2931498533685606,1.1627226528058356,1.296396932007334,1.1434669058492077,1.2874836252286754,1.1536496485386047,1.2852756102628862,1.1571954238096698,0.33125079184492656,0.27309931423904665,0.3956498939160268,0.33265233449876086,0.27307532481725166,0.3942723406839874,0.33062363753854357,0.2755806653902331,0.3937956970712233,0.32996,0.27256,0.39748,0.32673160736326956,0.27295022213450815,0.4003181705022223,0.32544256895841916,0.30444627418690823,0.3701111568546728
842,Schalke 04,Hoffenheim,0,3,1.95,3.8,3.6,1.1354995925176876,1.5487038605633363,0.016129180499673615,1.1516287730173613,1.56483304106301,1.155687502807584,1.6346835038456506,1.153442022160983,1.5713423455861817,1.1514638865193358,1.576171911337287,0.47002861628932724,0.25039114644631744,0.27958023726435544,0.4716907873440736,0.25003517940924486,0.2782740332466813,0.4684575121165093,0.2526588111509226,0.2788836767325682,0.46792,0.25168,0.2804,0.4852064803065734,0.2451397147041443,0.26965380498928226,0.4866595517609391,0.2497331910352187,0.263607257203842
843,Wolfsburg,Gladbach,2,2,2.6,3.5,2.62,1.3174205967828228,1.3290895332367745,0.01782329589202601,1.3352438926748487,1.3469128291288004,1.3417826501690688,1.3590919737781515,1.3382376243926637,1.348517762389155,1.3359425670851066,1.3526624703952022,0.3729170074499936,0.2589141192920272,0.368168873257979,0.37445799453777506,0.25880411774233525,0.3667378877198899,0.3721152696475276,0.26119485133726894,0.36668987901520333,0.37204,0.26128,0.36668,0.3749279503484022,0.258120370546701,0.36695167910489646,0.36560082927996174,0.27158918746511446,0.36280998325492386
844,Eint Frankfurt,Leverkusen,5,1,2.45,3.6,2.75,1.3356881562186074,1.3788500967529191,0.016246989497373118,1.3519351457159805,1.3950970862502923,1.3373086078415264,1.3858198244603581,1.3567938359795289,1.3990057107853755,1.35446695504945,1.403305594948358,0.38210232269937794,0.2550739613280399,0.3628237159725818,0.383675552513125,0.2549464173310762,0.3613780301557985,0.3812680539667986,0.2573078492005132,0.36142409683268806,0.38472,0.25466,0.36062,0.382726391856822,0.2568190767140582,0.36045453142911976,0.3888834331729352,0.26465678090935874,0.346459785917706
845,Werder Bremen,Mainz 05,0,2,2.87,3.6,2.37,1.3355336118812628,1.1650390865255094,0.022761226911249575,1.3582948387925124,1.187800313436759,1.3788296906207471,1.2368334759633495,1.3566368496325898,1.182069275823122,1.3543102379317242,1.1857023996334648,0.32553404295701216,0.26638927966438264,0.4080766773786052,0.3269470707975913,0.26639199697438437,0.4066609322280246,0.3250183239647622,0.2688111957315578,0.4061704803036801,0.32444,0.26866,0.4069,0.3357463437771824,0.26220380952392075,0.40204984669889676,0.33242551400886,0.2650170070015079,0.4025574789896322
846,Stuttgart,Bochum,4,1,5.25,4.0,1.65,1.7836996909888378,0.9552974063222965,0.022668251698996462,1.8063679426878343,0.977965658021293,1.8016543471267716,0.9336971300378946,1.8118845590603216,0.9692616551216272,1.8087772044157318,0.9722407086083382,0.1993052183277526,0.22899641802368148,0.5716983636485657,0.2003949387346065,0.2293464910427579,0.5702585702226355,0.1997861069694224,0.23158434403389164,0.568629548996686,0.2004,0.2339,0.5657,0.19247647983191002,0.2294339589315564,0.5780895612365333,0.18200620475698032,0.2388831437435367,0.5791106514994829
847,RB Leipzig,Hertha BSC,3,2,7.0,5.0,1.4,2.1692475179240116,0.8113818695144834,0.023957821804909175,2.193205339728921,0.8353396913193926,2.2153369924956543,0.7921722223625209,2.2035245632225884,0.8232424044873415,2.1997455518878106,0.825772663620711,0.1262763470189583,0.18529768414163236,0.6884259688394093,0.1270824998985893,0.1857946414772263,0.6871228586241844,0.1271239172213333,0.18801425513531375,0.6848618276433529,0.12668,0.18842,0.6849,0.11953503340761515,0.18247263221301557,0.6979923343793693,0.13513513513513511,0.1891891891891892,0.6756756756756757
848,Köln,Augsburg,3,2,5.0,4.0,1.66,1.8138602550651772,0.9414164605147741,0.02280542991421709,1.8366656849793943,0.9642218904289912,1.831049163082041,0.9421929965571156,1.8425217008496853,0.9551778018430456,1.8393618039697968,0.9581135682029067,0.19215707405420343,0.22573416795866108,0.5821087579871358,0.19322211140431875,0.22610136761555316,0.5806765209801279,0.1926824034352872,0.22833769527078956,0.578979901293923,0.19456,0.22742,0.57802,0.190673659240692,0.22662732027486235,0.5826990204844456,0.19004006868918144,0.2375500858614768,0.5724098454493417
849,Union Berlin,Dortmund,2,0,2.37,3.5,2.9,1.2065242997275045,1.51090162237201,0.015579566247745511,1.2221038659752501,1.5264811886197556,1.2138331574509178,1.493195385807025,1.2255890158255418,1.5329875257006293,1.2234871491797668,1.5376992068131456,0.44412104439761835,0.25155451964772985,0.30432443595465175,0.4457724495772473,0.25126619642197706,0.30296135400077584,0.44278186612808956,0.25378492875355363,0.3034332051183567,0.44372,0.25316,0.30312,0.43665326275743604,0.25488236282959204,0.30846437441297214,0.40090054506675094,0.2714669405166285,0.32763251441662067
850,Bayern Munich,Freiburg,5,0,9.0,6.5,1.25,2.399246450528244,0.7496032918704726,0.024410302199703044,2.423656752727947,0.7740135940701757,2.3923568870977827,0.753034863232813,2.4371577901,0.7605607662645201,2.43297810131089,0.7628983715856669,0.09693249309100907,0.1598086347101275,0.7432588721988636,0.09760128781772849,0.16033561604897376,0.7420630961332977,0.09784779635167237,0.1625212824455248,0.7396309212028029,0.09912,0.16114,0.73974,0.09889956173515904,0.16337453962201368,0.7377258986428272,0.1043338683788122,0.14446227929373998,0.7512038523274479
851,Mainz 05,Köln,5,0,3.25,3.5,2.15,1.3326010960969135,1.1015397172785388,0.02553874468921739,1.358139840786131,1.1270784619677563,1.3922350497521683,1.1738260641002018,1.353657996131798,1.1176416919857037,1.3513364931196814,1.1210767957699195,0.3088303935722534,0.2695584398810224,0.42161116654672404,0.31018950559267977,0.2695994495887795,0.42021104481854066,0.30840104722074785,0.2720512633105287,0.4195476894687231,0.30936,0.2705,0.42014,0.3166191523157299,0.26404470469963287,0.4193361429846372,0.2906808305166586,0.269917914051183,0.43940125543215836
852,Leverkusen,Wolfsburg,2,2,4.5,4.2,1.7,1.8845523759951521,0.9734555136349509,0.020228095826840983,1.9047804718219932,0.9936836094617918,1.8846945677187548,0.9925890662975857,1.9143308529212644,0.9876851921596851,1.9110478044304755,0.9907208709157036,0.1903673382495784,0.21944172715440333,0.5901909345960179,0.19144359075059694,0.21981871197092595,0.5887376972784768,0.190946942782147,0.2219909737885638,0.5870620834292892,0.19234,0.2223,0.58536,0.19518003267303108,0.22235956197564052,0.5824604053513285,0.21193232413178983,0.22707034728406053,0.5609973285841496
853,Hoffenheim,Bayern Munich,0,2,1.5,5.0,5.5,0.9493680609320868,1.9198978506505993,0.013451229636703295,0.9628192905687901,1.9333490802873026,0.9779272126095874,1.9735017645049509,0.9643693605812544,1.9479623372474988,0.9627154816976812,1.9539494553410446,0.6031398952895447,0.21567149533905072,0.1811886093714048,0.6048291615362945,0.2150533238972537,0.1801175145664522,0.600693964232043,0.21800149125076665,0.18130454451719047,0.59778,0.21828,0.18394,0.6053528118977332,0.2135983185346465,0.18104886956762056,0.6358381502890172,0.1907514450867052,0.17341040462427745
854,Dortmund,Stuttgart,5,0,5.5,4.75,1.53,2.1041258802044505,0.9067370036466142,0.02001165563119847,2.124137535835649,0.9267486592778127,2.1005480459581767,0.889008106773165,2.1373739155317875,0.9199914111543522,2.133708351558387,0.922819031133603,0.15105813909762347,0.1961468455032022,0.6527950153991744,0.15198908606382538,0.19660737715333765,0.651403536782837,0.15185578069727976,0.198753134022898,0.6493910852798224,0.1517,0.19966,0.64864,0.1487020441908537,0.19836470492063565,0.6529332508885106,0.17383244633139988,0.20127967469951563,0.6248878789690845
855,Freiburg,Werder Bremen,2,0,3.8,3.75,1.9,1.6748986910795103,1.1112908899739942,0.018277848142135844,1.6931765392216462,1.12956873811613,1.6895404350878012,1.0604156427540385,1.701364356168574,1.1275354043768637,1.6984465420021893,1.1310009167697763,0.2522484182261367,0.2398489104116834,0.5079026713621799,0.2535317052248721,0.24007336600641138,0.5063949287687168,0.2524345745803451,0.2422453602682071,0.5053200651514478,0.25142,0.24192,0.50666,0.23790151141728644,0.2412148118495941,0.5208836767331195,0.24916943521594684,0.25249169435215946,0.4983388704318937
856,Augsburg,RB Leipzig,3,3,1.57,4.33,5.5,0.9591466725013245,1.9796056421796904,0.012473615414127488,0.971620287915452,1.9920792575938178,0.9934532696938957,1.9261208945531447,0.9743024874415995,2.0085429192297544,0.9726315733955319,2.014716233478928,0.613647758794839,0.21019433896519402,0.17615790223996708,0.6153436515185174,0.20956471779339605,0.17509163068808642,0.6111756454464005,0.2124969364863414,0.17632741806725793,0.61592,0.2091,0.17498,0.5913825293144881,0.2184526683871154,0.19016480229839683,0.6067809651932196,0.2200106501970796,0.17320838460970087
857,Gladbach,Eint Frankfurt,1,3,2.87,3.75,2.3,1.381527152265023,1.3112090765469837,0.017145547499237305,1.3986726997642602,1.328354624046221,1.3974592360029918,1.3470391507253907,1.4033571501735702,1.3303759345868613,1.4009504138631335,1.3344648831650139,0.35521160956918746,0.25613199487760285,0.38865639555320985,0.3567323898626654,0.25607430259705,0.38719330754028414,0.35458112791438745,0.2583978826902204,0.3870209893953924,0.35084,0.26006,0.3891,0.3606393552200272,0.25565284324250953,0.3837078015374634,0.33187756122900514,0.253996960193932,0.414125478577063
858,Bochum,Union Berlin,2,1,1.9,3.4,4.33,1.1139632946584537,1.4777322544863434,0.018192154883189114,1.1321554495416428,1.4959244093695325,1.1397753240089208,1.4930076275154587,1.1315654216616928,1.4993332980188336,1.1296248040593875,1.5039415418976698,0.45678369126738105,0.2568918476239767,0.2863244611086423,0.4584123228517653,0.2565580629530053,0.28502961419522965,0.4552575135839881,0.2592133225404395,0.2855291638755725,0.45822,0.25946,0.28232,0.45327774909970325,0.25718800919533596,0.28953424170496067,0.5005950559352579,0.2797442959638206,0.21966064810092148
859,Hertha BSC,Schalke 04,2,1,4.75,3.75,1.75,1.747562767723429,0.9660455956436507,0.022804500567452177,1.770367268290881,0.9888500962111029,1.7711830504784016,0.9476893699155218,1.7751766235220003,0.9801669582264296,1.7721322224322702,0.9831795294748991,0.20669528139095195,0.23274460943228634,0.5605601091767616,0.2078080445844813,0.23307592172091224,0.5591160336946064,0.20712406702415845,0.2353223152488276,0.557553617727014,0.20862,0.2362,0.55518,0.19966869474731608,0.23273537677011238,0.5675959284825718,0.20076481835564056,0.25430210325047803,0.5449330783938815
860,Werder Bremen,Hertha BSC,1,0,3.4,3.8,2.0,1.4968472090884284,1.0905365142610015,0.022179668448013043,1.5190268775364415,1.1127161827090146,1.5054712667283774,1.1827925118193572,1.5204994198974902,1.1064776474715712,1.5178917863642782,1.1098784382448885,0.27627217635253765,0.25572652122584977,0.46800130242161253,0.27758358253752735,0.2558714690340767,0.466544948428396,0.27618417079987173,0.25818195145435363,0.4656338777457748,0.2775,0.25908,0.46342,0.2983602697982623,0.2549240053416103,0.44671572486012756,0.2781844802342606,0.24890190336749632,0.47291361639824303
861,Bayern Munich,Mainz 05,6,2,11.0,6.5,1.25,2.377220088687689,0.6786075822482156,0.030168277705580886,2.40738836639327,0.7087758599537964,2.398076155558973,0.7419407712443767,2.4147833819455355,0.6885272628135675,2.4106420649283753,0.6906434710965856,0.08703366669965014,0.15695369886800833,0.7560126344323416,0.08763558340334168,0.1574841869410087,0.7548802296556496,0.08791339776349433,0.15975377228189663,0.752332829954609,0.08654,0.15964,0.75382,0.09668689879494605,0.16212606443037378,0.7411870367746802,0.08701472556894244,0.14725568942436412,0.7657295850066934
862,Wolfsburg,Bochum,4,0,4.75,4.2,1.65,1.8318225778474102,0.9570754486354515,0.021765955869590042,1.8535885337170002,0.9788414045050415,1.8421014790412458,0.9390395736717779,1.8607678526309543,0.97106568832,1.8575766638764264,0.9740502865544696,0.19341533526407675,0.22424844660415066,0.5823362181317727,0.19449135030833442,0.22461482847448364,0.5808938212171818,0.19394955259142574,0.22682723277129166,0.5792232146372828,0.195,0.2238,0.5812,0.18856931346153785,0.22545815972340152,0.5859725268150608,0.19961114711600778,0.22575070209548498,0.5746381507885073
863,RB Leipzig,Leverkusen,2,0,4.1,4.0,1.8,1.8330622340507594,1.1083717020664507,0.016214068761793057,1.8492763028125525,1.1245857708282438,1.8371163175754661,1.0385414767247392,1.862027097079299,1.1245735446626524,1.8588337487395667,1.1280299536948137,0.22783834277085036,0.22613417926225654,0.5460274779668932,0.22907133443608113,0.2264298810703149,0.5444987844936039,0.2282505192265201,0.2285156611431372,0.5432338196303426,0.2271,0.23072,0.54218,0.2117632528075384,0.2275311906720126,0.560705556520449,0.23240800516462234,0.23821820529373788,0.5293737895416398
864,Stuttgart,Augsburg,2,1,4.33,3.8,1.8,1.7511024791785366,0.9881844320130281,0.02173310417088962,1.7728355833494263,1.0099175361839177,1.7770906607936314,0.9587547814449463,1.7787722672065507,1.0026294134156046,1.7757216996422251,1.005711023664119,0.2114341347504317,0.23263299733463064,0.5559328679149378,0.21256919781489428,0.2329548525926524,0.5544759495924535,0.21184877057167395,0.2351791156336054,0.5529721137947206,0.21248,0.2321,0.55542,0.20146070633317414,0.2322919427870916,0.5662473508797341,0.22002058672156458,0.2507076685537828,0.5292717447246527
865,Eint Frankfurt,Dortmund,1,2,2.4,3.75,2.75,1.3763753188279173,1.4410087263348408,0.014269572880552679,1.39064489170847,1.4552782992153934,1.369370849211754,1.4337195260483784,1.3981239107988592,1.4620729564304864,1.3957261494148856,1.4665666795811598,0.38957023463085927,0.24958619427115802,0.36084357109798326,0.39118099315204724,0.24944887617724973,0.3593701306707031,0.38873606223989665,0.25175671470215505,0.3595072230579486,0.38808,0.2518,0.36012,0.388334570635801,0.25249658745829445,0.3591688419059046,0.39797395079594794,0.2547033285094067,0.3473227206946455
866,Union Berlin,Gladbach,2,1,3.8,3.4,2.05,1.3936333369598923,1.1142736321609017,0.023456306914359754,1.4170896438742522,1.1377299390752615,1.4298085675339651,1.1404597314554603,1.415654628963627,1.130561747387689,1.4132268026628572,1.1340365613326135,0.300886534854965,0.26389041179087774,0.4352230533541571,0.3022441207361714,0.26396113793308507,0.4337947413307436,0.3005670029415441,0.2663467842284881,0.43308621282996784,0.29934,0.26626,0.4344,0.30093071394829524,0.26236523150246566,0.4367040545492392,0.2518063583815029,0.2814306358381503,0.46676300578034685
867,Schalke 04,Freiburg,0,2,1.9,3.75,4.0,1.0662167648081062,1.5692846082629324,0.017141248949242766,1.083358013757349,1.5864258572121752,1.1214691124743448,1.6145942645911924,1.0830644320491434,1.5922239364362472,1.081206992911264,1.5971176823555262,0.49161474925481424,0.2498432644915104,0.2585419862536755,0.4932744227855765,0.2494303910963613,0.25729518611806224,0.4898375124093009,0.25216475477275585,0.25799773281794336,0.49046,0.2478,0.26174,0.4881804127917,0.24733269600946858,0.2644868911988316,0.5046257359125315,0.255677039529016,0.23969722455845247
868,Köln,Hoffenheim,1,1,2.37,3.5,2.9,1.236194407734212,1.4429846686108567,0.016515070649426318,1.2527094783836383,1.459499739260283,1.256365051579899,1.405635969737172,1.255727951675894,1.464077782433573,1.2535743972104787,1.468577667474447,0.42003327689831516,0.25547721926813177,0.32448950383355313,0.4216498374112565,0.25524635733493123,0.323103805253812,0.4188668441496731,0.25772566436419164,0.323407491486135,0.4164,0.25912,0.32448,0.40484835043716405,0.2594640966684828,0.33568755289435315,0.40090054506675094,0.2714669405166285,0.32763251441662067
869,Gladbach,Stuttgart,3,1,3.1,3.75,2.15,1.4351449483817593,1.1211645454122305,0.022245196029117606,1.457390144410877,1.1434097414413482,1.4690621863890871,1.2101226182997658,1.457822180002051,1.1375533899265249,1.4553220369883235,1.14104969288525,0.29515366643325813,0.26016337982145105,0.44468295374529077,0.2965082255111168,0.26025460844637544,0.44323716604250774,0.2949078961970352,0.2625988363990348,0.4424932674039299,0.29572,0.25972,0.44456,0.3118894490733378,0.25680973282521075,0.4313008181014517,0.3059482022578503,0.25291718053315626,0.44113461720899344
870,Dortmund,Bochum,3,0,11.0,7.0,1.22,2.351014757463731,0.7415890164043394,0.025652747190999275,2.3766675046547303,0.7672417635953387,2.355009362379007,0.7547939152029611,2.3881639710381823,0.7524293405414985,2.384068305908558,0.7547419536925495,0.09910203231932974,0.16371954376562892,0.7371784239150413,0.09977694792108338,0.16424489775603301,0.7359781543228836,0.10000314603379938,0.16646059601451668,0.733536257951684,0.10076,0.164,0.73524,0.10191122459198546,0.16693432907780414,0.7311544463302104,0.08629749393694422,0.13561034761519805,0.7780921584478576
871,Mainz 05,Wolfsburg,0,3,3.5,3.75,2.0,1.4505607127698306,1.1416510326908458,0.021138623277967596,1.4716993360477981,1.1627896559688133,1.4648062204511747,1.2061999053381502,1.4734815343215966,1.1583393424852608,1.4709545357517946,1.161899531665129,0.29775784915830417,0.2582174775827009,0.44402467325899486,0.29912735213714936,0.2583052223478971,0.4425674255149532,0.29751437482653437,0.2606250830724304,0.4418605421010352,0.29342,0.26282,0.44376,0.311657097637029,0.25726766993540656,0.4310752324275645,0.27149321266968324,0.25339366515837103,0.4751131221719457
872,Augsburg,Eint Frankfurt,1,2,1.72,4.0,4.33,1.0187719734827176,1.764085594507546,0.014447971203276566,1.0332199446859942,1.7785335657108226,1.0638857420639511,1.778183102753109,1.0348699488384332,1.789872464629862,1.0330951625111313,1.7953736889673237,0.5507337484029937,0.23187283240779352,0.21739341918921262,0.5524339543213324,0.2313454472538985,0.21622059842476915,0.5485998533786988,0.23417110700846902,0.21722903961283213,0.54868,0.23764,0.21368,0.5410799865333128,0.23313644650220694,0.22578356696448032,0.5472768867149485,0.2353290612874278,0.21739405199762382
873,Hertha BSC,Bayern Munich,2,3,1.25,6.5,10.0,0.767725133695395,2.404052847665949,0.011515017817130125,0.7792401515125251,2.4155678654830792,0.7753927574028436,2.428764587496567,0.7798562293712434,2.439194565699904,0.7785187877200459,2.446691500131714,0.7392431444432896,0.1608752432793181,0.099881612277392,0.7407468517962182,0.160123372713773,0.09912977549000856,0.7362905821624899,0.16325521370303014,0.10045420413447992,0.73742,0.15948,0.1031,0.7385672127973821,0.16152012123369316,0.09991266596892467,0.759124087591241,0.14598540145985403,0.09489051094890512
874,Hoffenheim,RB Leipzig,1,3,2.25,3.75,2.9,1.2441289280235701,1.612496012887251,0.013108568120913109,1.2572374961444832,1.625604581008164,1.2226528080814958,1.559707689448226,1.2637878481194869,1.6360669923150852,1.2616204710534409,1.6410954911236317,0.4611400586324175,0.2430442180004273,0.295815723367155,0.46284142581214394,0.24272748436587557,0.2944310898219802,0.4597479078361179,0.24519790272950287,0.2950541894343792,0.4572,0.2466,0.2962,0.4514703735662468,0.24964655692190094,0.2988830695118523,0.420899854862119,0.2525399129172714,0.3265602322206096
875,Werder Bremen,Schalke 04,2,1,4.5,4.33,1.65,1.8130332022001285,0.9610528156648672,0.02189686095040513,1.8349300631505336,0.9829496766152723,1.8524226230355074,0.9337906502167156,1.8416815794305479,0.9751011952987105,1.8385231233462005,0.9780981967795812,0.1967663974606262,0.22617822205273294,0.5770553804866407,0.19785278695130895,0.2265362186558168,0.575610994392874,0.19727679172206006,0.22875395222921927,0.5739692560487206,0.19658,0.23006,0.57336,0.18610241597164373,0.22431333086308622,0.5895842531652702,0.20979606219442365,0.2180328590935119,0.5721710787120646
876,Leverkusen,Union Berlin,5,0,3.4,3.4,2.15,1.450253963130243,1.0562635037763057,0.024701663848422907,1.474955626978666,1.0809651676247287,1.5107775726910087,1.2066927803443517,1.4731699376227385,1.0717036444767494,1.4706434734365674,1.0749975563548568,0.2753267969651633,0.2607807936745137,0.46389240936032305,0.27661738282725706,0.2609204674782794,0.46246214969446353,0.27519682006339785,0.26329084932639635,0.4615123306102058,0.2789,0.26328,0.45782,0.30349805285702597,0.2537891290454613,0.44271281809751295,0.2792207792207792,0.2792207792207792,0.44155844155844154
877,Freiburg,Köln,2,0,4.75,4.0,1.7,1.7833525371701524,0.9444364819636643,0.023198872686901215,1.8065514098570536,0.9676353546505655,1.8234868502381518,0.9459923614831646,1.8115319197416782,0.9582419690528395,1.8084251698681921,0.9611871532184727,0.19682841500155335,0.22885719387389553,0.5743143911245512,0.19790659691333334,0.22921220991823282,0.5728811931684341,0.19731705251776366,0.23146075250921022,0.5712221949730263,0.1952,0.23148,0.57332,0.19249658861016672,0.22745515699968008,0.580048254390153,0.2007380073800738,0.23837638376383766,0.5608856088560886
878,Wolfsburg,Dortmund,2,0,2.2,3.6,3.1,1.220592251716823,1.6080456573818085,0.013534830947452186,1.2341270826642752,1.6215804883292606,1.1890171740855866,1.5509083478179853,1.2398792604871405,1.6315515828577403,1.2377528862876697,1.6365662034258583,0.4653546835266389,0.24388152146402148,0.2907637950093396,0.46705172463467437,0.24355176516134178,0.2893965102039838,0.4639120187651016,0.24605429530367154,0.2900336859312268,0.46704,0.24616,0.2868,0.4568114202694227,0.2511984706695164,0.29199010906106093,0.4308880308880309,0.2633204633204634,0.3057915057915058
879,Stuttgart,Hertha BSC,2,1,3.75,3.8,1.95,1.4996283352841657,1.1061336087432065,0.021503190646341812,1.5211315259305076,1.1276367993895484,1.5356514461573212,1.1602828461982628,1.523324491649373,1.12230273556755,1.520712013160788,1.1257521652028513,0.2798350921743864,0.25510714267424145,0.4650577651513722,0.28116046290484265,0.2552443033136863,0.4635952337814715,0.2797320915372453,0.2575430217105186,0.462724886752236,0.28138,0.25702,0.4616,0.28737715009529174,0.2531436697455644,0.4594791801591439,0.25575977219777374,0.2523945120372767,0.49184571576494956
880,Bochum,Gladbach,2,1,2.25,3.5,3.2,1.202344175971124,1.4433255536037766,0.01715490415253748,1.2194990801236614,1.460480457756314,1.2180377153967872,1.424807165778291,1.2213428404590214,1.4644236503803054,1.219248255939848,1.4689245984562302,0.4276338738968227,0.25674717122164364,0.3156189548815336,0.42925021370933475,0.25649310106260664,0.3142566852280587,0.42638328076978177,0.259018566910263,0.31459815231995514,0.43038,0.25458,0.31504,0.41812797124720025,0.25976584790105733,0.32210618085174236,0.42626070409134154,0.27402473834443386,0.29971455756422455
881,Bayern Munich,Werder Bremen,6,1,15.0,9.5,1.14,2.893054037720997,0.6476966407520351,0.025225038280682944,2.9182790760016797,0.672921679032718,2.859593247343853,0.6641017249669561,2.93876820518359,0.6571644745157339,2.9337282621110106,0.6591842883697164,0.05523671125145582,0.1122066366984373,0.8325566520501069,0.055676481894852844,0.11271380019187814,0.8316097179132691,0.056101739935153466,0.1147334505637536,0.8291648095010931,0.0558,0.11482,0.82938,0.059484501773938776,0.1184123908672136,0.8221031073588476,0.06354515050167223,0.10033444816053509,0.8361204013377925
882,Köln,Leverkusen,1,2,2.2,3.75,3.0,1.1483307478448803,1.6287770751704154,0.01435693708286291,1.1626876849277432,1.6431340122532783,1.1803579893805112,1.5776022101996117,1.1664759271000797,1.652586046246646,1.1644754385083802,1.6576653168410689,0.4871004565086944,0.24351708605592295,0.26938245743538247,0.4887958486134802,0.24312996351499103,0.26807418787152903,0.4854522273899441,0.24573860513701143,0.2688091674730443,0.48624,0.24608,0.26768,0.4654518322204843,0.24930149248993852,0.28524667528957715,0.4310344827586207,0.25287356321839083,0.3160919540229885
883,Union Berlin,Augsburg,2,2,6.0,4.2,1.55,1.8361129939634986,0.9044762626517984,0.02429223757832847,1.8604052315418271,0.9287685002301268,1.8455019255970286,0.8998680667317465,1.8651260631256674,0.9176976233308592,1.8619274001059853,0.9205181932874693,0.18094730252770347,0.22266529580844716,0.5963874016638493,0.18196498398849661,0.2230561099475221,0.5949789060639814,0.18152030142988207,0.22531927514836275,0.5931604234217553,0.18426,0.22306,0.59268,0.17934214436733073,0.22424298999049463,0.5964148656421748,0.15874177029992684,0.22677395757132407,0.6144842721287491
884,Schalke 04,Mainz 05,1,0,2.05,3.75,3.4,1.1500729888748336,1.5277118167025394,0.016285069800106706,1.1663580586749402,1.543996886502646,1.174602437024466,1.5372083818172806,1.1682456978951756,1.5500434463719224,1.1662421741733004,1.5548075493456321,0.4612999528187122,0.2517848741161345,0.28691517306515335,0.46295471006505196,0.25144955695189397,0.2855957329830543,0.45979530246656486,0.2540504544410658,0.28615424309236914,0.45688,0.25496,0.28816,0.45661955471827725,0.25265067932111723,0.2907297659606053,0.4652011310772599,0.25430995165556874,0.2804889172671714
885,RB Leipzig,Freiburg,3,1,4.5,4.0,1.72,1.8419459799869977,0.968847003652697,0.021078620942905753,1.8630246009299034,0.9899256245956028,1.8519151300863077,0.9866497599762714,1.8710512182190866,0.9830093163711803,1.8678423936479374,0.9860306236889008,0.1947811750846914,0.22348161781921705,0.5817372070960913,0.19586648243572,0.22384623267479256,0.5802872848894873,0.1953182584454137,0.22604263216713502,0.5786391093874512,0.1949,0.22458,0.58052,0.19805311230728379,0.22538721358225192,0.5765596741104644,0.21091354996934394,0.23727774371551194,0.5518087063151441
886,Eint Frankfurt,Hoffenheim,4,2,3.75,3.8,1.9,1.6952222620351143,1.0643716070224067,0.019594478245642005,1.7148167402807564,1.0839660852680488,1.7251835390369226,1.1107586092041342,1.7220090670386037,1.079930269525872,1.71905584750498,1.0832494661719334,0.23773817376176562,0.23823284510488038,0.5240289811333538,0.23896898694364802,0.2384919922291118,0.5225390208272398,0.23800494624665308,0.24068481848662013,0.521310235266727,0.23378,0.24156,0.52466,0.24460160811148646,0.2378819519114239,0.5175164399770897,0.25249169435215946,0.24916943521594684,0.4983388704318937
887,Gladbach,Dortmund,4,2,2.15,4.0,3.2,1.185087313020127,1.7489704737936744,0.011919395631658475,1.1970067086517855,1.760889869425333,1.1857763735724445,1.6729461569824273,1.2038132957286538,1.774536395649112,1.2017487741138544,1.7799904841388612,0.5076313391776752,0.23338589991550468,0.25898276090681993,0.5093737117610658,0.23296631531185213,0.2576599729270823,0.5059157360132565,0.235531627149213,0.2585526368375308,0.50328,0.23672,0.26,0.48762058220400595,0.2416122975470003,0.27076712024899374,0.45261669024045265,0.2432814710042433,0.3041018387553041
888,Augsburg,Bochum,0,1,3.2,3.5,2.2,1.3353994329704344,1.1144053309039272,0.024880023094808013,1.3602794560652425,1.1392853539987353,1.3875994637282545,1.1749017383281373,1.3565005505134555,1.1306953712631413,1.35417417256352,1.1341705959048782,0.3118131664387493,0.26874811883795036,0.4194387147233001,0.31318300874468524,0.2687827217315192,0.41803426952379563,0.3113711975896082,0.2712251543900851,0.41740364802030694,0.3074,0.27068,0.42192,0.3177711601132016,0.26435575602808103,0.41787308385871746,0.2968388589051658,0.27139552814186585,0.4317656129529684
889,Hoffenheim,Wolfsburg,1,2,3.1,3.75,2.25,1.4670056665745295,1.1913061943276693,0.0191121999341169,1.4861178665086463,1.210418394261786,1.4875262421125859,1.278251837536425,1.4901863406428197,1.20872034826934,1.4876306935825554,1.2124353849149592,0.30770247123134986,0.25527710877932497,0.43702041998932517,0.30911205707002243,0.2553443907216815,0.4355435522082959,0.3074230805198329,0.2576260232814851,0.43495089619868166,0.31138,0.25546,0.43316,0.325861715475847,0.25301538859033773,0.42112289593381513,0.31206657420249656,0.25797503467406385,0.4299583911234397
890,Werder Bremen,RB Leipzig,1,2,1.9,4.0,3.6,1.04778455623065,1.7723003367432317,0.013767927508231245,1.0615524837388812,1.786068264251463,1.082407200527261,1.7561952357862278,1.064340969641434,1.7982072874850934,1.0625156409587073,1.8037341291395683,0.5456218775959871,0.23132437374563614,0.22305374865837702,0.5473332514409183,0.23081124663671207,0.2218555019223698,0.5435493367708533,0.23358962041773773,0.22286104281140895,0.54208,0.23496,0.22296,0.5315342608117934,0.23517522684204462,0.23329051234616183,0.49930651872399445,0.23717059639389737,0.2635228848821082
891,Hertha BSC,Köln,2,0,3.1,3.6,2.2,1.3348604465734297,1.1139595935378106,0.024913874494918806,1.3597743210683486,1.1388734680327295,1.3849046610613927,1.1924269435343622,1.355953047402248,1.1302431182429065,1.3536276084118766,1.1337169528720192,0.3117940414853539,0.26881289321399204,0.419393065300654,0.3131636019236503,0.26884743804126576,0.41798896003508423,0.3113515573632776,0.27129064200609976,0.4173578006306229,0.31382,0.26966,0.41652,0.32290655880646774,0.26379636854965105,0.41329707264388127,0.30579150579150577,0.2633204633204633,0.43088803088803085
892,Leverkusen,Stuttgart,2,0,4.33,4.2,1.72,1.863131505259989,0.9876306602212793,0.019965465984679222,1.8830969712446683,1.0075961262059585,1.875347759872721,0.9799097300659301,1.892571503450753,1.0020675467551512,1.889325771915563,1.0051474300903753,0.19628177213511006,0.2217945798874219,0.5819236479774683,0.19738015500866057,0.2221581428999735,0.580461702091366,0.1968287947124339,0.22432722244644282,0.5788439828411233,0.19676,0.22266,0.58058,0.19354335125153657,0.22300868122891576,0.5834479675195476,0.21985781067393842,0.22666293338527463,0.553479255940787
893,Schalke 04,Bayern Munich,0,2,1.16,7.5,15.0,0.7093623384256762,2.5232495128838046,0.011663425900280851,0.721025764325957,2.5349129387840854,0.7621356198938173,2.475453966120362,0.7205712229842216,2.5601336117492544,0.7193354542232918,2.56800225580654,0.7709242088924809,0.14633091499798404,0.08274487610953474,0.7723404316515707,0.14557380867538613,0.08208575967304299,0.7679296688116183,0.14871439080178875,0.08335594038659255,0.76864,0.14756,0.0838,0.7489629759595393,0.15651370808775053,0.09452331595271024,0.8116883116883117,0.12554112554112554,0.06277056277056277
894,Mainz 05,Eint Frankfurt,1,1,2.45,3.5,2.75,1.2798615398501836,1.371280024862094,0.01742830238394004,1.2972898422341237,1.388708327246034,1.2928316034075247,1.3811672263142751,1.3000850835513353,1.3913249818712896,1.2978554572749073,1.3956012590937406,0.39187524761430975,0.25834441787312457,0.3497803345125656,0.39344739217240204,0.25818435681637864,0.3483682510112194,0.3909218000150919,0.2606135386739555,0.34846466131095244,0.39372,0.26,0.34628,0.3907668151442386,0.2593385525641014,0.34989463229165996,0.38596491228070173,0.27017543859649124,0.34385964912280703
895,Freiburg,Union Berlin,4,1,4.0,3.3,2.0,1.4792905495761466,1.0629096213337828,0.023732578969658132,1.5030231285458047,1.0866422003034408,1.4847699077067524,1.0699275424772852,1.5026653414146105,1.0784469129722567,1.500088293056557,1.0817615504794214,0.27208053104734575,0.25795748557375514,0.46996198337889905,0.2733701074828972,0.2581093283917288,0.4685205641253738,0.27199579195391377,0.26045162950533857,0.4675525785407476,0.2717,0.2621,0.4662,0.27289449302340524,0.25977725807021473,0.4673282489063798,0.23741007194244607,0.2877697841726619,0.47482014388489213
896,RB Leipzig,Bayern Munich,1,1,1.85,4.33,3.6,1.222898439652608,1.7585073670039497,0.011288206313739862,1.2341866459663478,1.7697955733176896,1.2013723108290193,1.7636798266019635,1.2422218893120764,1.7842126962823317,1.2400914975395636,1.789696525159506,0.5011857315623351,0.23239272231975674,0.26642154611790825,0.5029388459939063,0.23199211061604036,0.2650690433900531,0.49954693059789956,0.23450489575591993,0.2659481736461804,0.49682,0.23606,0.26712,0.5056491909649978,0.2342567564943055,0.26009405254069673,0.5151610291323099,0.22010344200803078,0.2647355288596593
897,Union Berlin,Hoffenheim,3,1,3.2,3.4,2.25,1.3268354247933327,1.1338324118087388,0.024250027019998472,1.3510854518133313,1.1580824388287374,1.365855869281463,1.20381789661304,1.347801219421934,1.150406431365849,1.3454897606933898,1.1539422385159475,0.3187468703890996,0.26855211576311616,0.41270101384778457,0.3201351595717336,0.26856895328055486,0.4112958871477115,0.3182579480971081,0.2710109108085613,0.4107311410943306,0.31876,0.27264,0.4086,0.32954407626093424,0.26468251494725736,0.40577340879180823,0.29731830547998445,0.27982899339292655,0.42285270112708895
898,Stuttgart,Mainz 05,1,1,2.88,3.5,2.4,1.314741787748765,1.1887611558920055,0.022342539320866966,1.337084327069632,1.2111036952128724,1.3586632067329767,1.2300782176329594,1.3355164865520277,1.206138107230922,1.333226095954756,1.2098452072846742,0.3360277318658027,0.2667637726873067,0.39720849544689074,0.3374637488074571,0.2667381577695959,0.39579809342294725,0.3354306275380718,0.26917032095395144,0.39539905150797716,0.33518,0.26882,0.396,0.3378738514464663,0.263930025366017,0.3981961231875166,0.33081285444234404,0.2722117202268431,0.39697542533081287
899,Bochum,Hertha BSC,3,1,2.9,3.5,2.38,1.353411847502709,1.0987969124908374,0.025121011003851702,1.3785328585065608,1.1239179234946892,1.378017648853506,1.1968694570611766,1.3747975855621803,1.1148587937064782,1.3724398284735704,1.1182853441730443,0.30416945103468385,0.26790886156920163,0.4279216873961147,0.30552181941628936,0.26796464251815755,0.42651353806555314,0.3037883549279264,0.2703971044730175,0.425814540599056,0.3024,0.27306,0.42454,0.3253847901820285,0.2641098820191547,0.4105053277988169,0.3281853281853282,0.2719249862107005,0.39988968560397137
900,Wolfsburg,Freiburg,6,0,2.75,3.4,2.55,1.4129084994382237,1.2559925933320943,0.018113428073358733,1.4310219275115825,1.2741060214054531,1.3963096330602993,1.286486005457724,1.4352343650841766,1.2743523135064927,1.4327729598317733,1.2782690718790017,0.3346819867401353,0.25668388818361015,0.40863412507625474,0.3361556250787593,0.2566792705581177,0.40716510436312303,0.3342001368734903,0.25898637473557884,0.4068134883909308,0.33652,0.2578,0.40568,0.34529193560156174,0.2586838532234995,0.3960242111749388,0.34634974533106966,0.28013582342954163,0.3735144312393889
901,Eint Frankfurt,Schalke 04,3,0,8.5,5.0,1.36,2.0720398152280937,0.79091357941512,0.026868143057632597,2.0989079582857264,0.8177817224727526,2.1359382659642443,0.821009016547731,2.104780847323407,0.8024749151087246,2.1011711799695627,0.8049413447680643,0.13130946018598794,0.1939869987452332,0.674703541068779,0.1321246240126865,0.19447386142872072,0.6734015145585928,0.132106261582169,0.1967584372889036,0.6711353011289275,0.13488,0.1969,0.66822,0.13199214770044623,0.19178865604051845,0.6762191962590354,0.11173184357541902,0.18994413407821234,0.6983240223463688
902,Köln,Werder Bremen,7,1,2.9,3.8,2.25,1.3430448392542211,1.1553126615731482,0.022966858292472112,1.3660116975466932,1.1782795198656202,1.4179989923993697,1.26103261628757,1.3642667645590814,1.172200672930086,1.3619270676693906,1.1758034653064946,0.32145343861591874,0.2662668627427019,0.41227969864137926,0.3228569371104212,0.26628048369212737,0.4108625791974517,0.320968399524387,0.26869601338480076,0.4103355870908122,0.32418,0.26422,0.4116,0.3345326554637043,0.258418580046818,0.4070487644894778,0.3276489748994061,0.2500479018969151,0.42230312320367885
903,Dortmund,Augsburg,4,3,8.0,6.0,1.3,2.2669735958664177,0.7741262586647699,0.024759899600565374,2.2917334954669832,0.7988861582653353,2.287916261868658,0.782189123312182,2.3027948453984006,0.7854422023766936,2.2988455870294806,0.7878562815051067,0.111136889511216,0.17371077159829845,0.7151523388904855,0.11187191635870285,0.1742260668236741,0.7139020168176231,0.11202164362444722,0.17644457921169576,0.711533777163857,0.11212,0.17844,0.70944,0.11175726467966114,0.1749236850017386,0.7133190503186002,0.1178247734138973,0.1570996978851964,0.7250755287009064
904,Gladbach,Leverkusen,2,3,2.45,3.8,2.63,1.3419505114560049,1.3949982820758475,0.015770446595629678,1.3577209580516345,1.4107687286714772,1.375101151281621,1.4669767671530867,1.3631551449012682,1.4153899454014505,1.3608173544224962,1.4197401869792778,0.38496869687992924,0.2538314177378867,0.3611998853821837,0.3865521144911211,0.25369849714896053,0.3597493883599183,0.38412468049911197,0.25605053964542246,0.35982477985546535,0.38768,0.25636,0.35596,0.39551736442493646,0.2503461886642683,0.35413644691079516,0.38815418972715793,0.250257306534615,0.36158850373822704
905,Schalke 04,RB Leipzig,1,6,1.53,4.33,5.75,0.890319405045978,2.0127579478235336,0.0133779802794143,0.9036973853253922,2.026135928102948,0.9454999263158818,2.009233560438796,0.9043876560522848,2.0421798352590317,0.902836644885767,2.0484565335340252,0.6374628632242969,0.20464172600276692,0.15789541077293645,0.6391203642609128,0.20397179242559108,0.15690784331349616,0.6348232860906758,0.20701479074734525,0.15816192316197886,0.63404,0.20814,0.15782,0.6207143872229772,0.20924768850941988,0.1700379242676029,0.6174990513369328,0.21819250543776147,0.1643084432253056
906,Hoffenheim,Stuttgart,2,2,3.4,3.5,2.1,1.4699452126434644,1.106112355782213,0.02210823208721172,1.4920534447306761,1.1282205878694247,1.4733292808237848,1.1734754713543067,1.493172335516204,1.1222811719371952,1.4906115675198448,1.1257305352960605,0.2850021342028448,0.2576657553716122,0.45733211042554267,0.28633476286041537,0.2577862723115573,0.45587896482802737,0.28484382477055137,0.26010915677059254,0.4550470184588561,0.28456,0.25972,0.45572,0.30168982043353937,0.2577380659991662,0.440572113567294,0.2785145888594165,0.27055702917771884,0.4509283819628648
907,Hertha BSC,Wolfsburg,0,5,2.3,3.4,3.0,1.204394143358145,1.4660291905701686,0.016588465519607448,1.2209826088777525,1.482617656089776,1.2315527792264795,1.4424539419106246,1.223425200103913,1.487459162250942,1.2213270443694093,1.4920309106330525,0.43306896534044725,0.25498370125331854,0.3119473334062344,0.43469747584397245,0.25471840118770883,0.3105841229683185,0.4317899646704164,0.2572403599794938,0.31096967535009,0.43052,0.25868,0.3108,0.41974217900789745,0.25794813338728106,0.32230968760482137,0.4093097913322633,0.27688603531300165,0.31380417335473515
908,Bayern Munich,Köln,1,1,12.0,7.5,1.2,2.4289433274669427,0.7273041155364789,0.02549171183546379,2.4544350393024064,0.7527958273719427,2.4761744758513324,0.7242385746770578,2.4673239178676813,0.7379356273095801,2.463092494625204,0.7402036936174636,0.09129678503726144,0.15561207626447965,0.753091138698259,0.09193384973141606,0.15614150075509595,0.751924649513488,0.09220876351261584,0.15833576223596302,0.7494554742514212,0.09184,0.15734,0.75082,0.08859310557110678,0.1538903489719244,0.7575165454569688,0.07936507936507936,0.12698412698412698,0.7936507936507936
909,Mainz 05,Dortmund,1,2,2.3,3.6,2.9,1.1710286717066747,1.5349842954199657,0.01573240069482447,1.1867610724014992,1.5507166961147902,1.1987651534626698,1.4782725634564222,1.1895325088641955,1.557422231985532,1.1874924785831125,1.5622090138683822,0.458329674493434,0.25067601611299467,0.2909943093935715,0.45998972976207114,0.25035105039300926,0.2896592198449196,0.45686754714847666,0.25292110752955943,0.2902113453219639,0.45618,0.25162,0.2922,0.43618553599499427,0.25651081454059743,0.30730364946440825,0.4111855061047657,0.26270185112248917,0.32611264277274515
910,Werder Bremen,Union Berlin,1,2,2.63,3.2,2.8,1.2597106237947382,1.2821050834864944,0.020380419319415283,1.2800910431141534,1.3024855028059097,1.2621986240309269,1.2407105107012413,1.279615755762451,1.3008465081509006,1.2774212340739275,1.3048446971902643,0.3724595225708334,0.26506158025761417,0.36247889717155246,0.37397317085442155,0.2649413970492422,0.3610854320963365,0.3715932428015124,0.26741058813531926,0.36099616906316867,0.37298,0.26558,0.36144,0.3599602523232093,0.26984296005336644,0.370196787623424,0.3621665319320938,0.2976556184316896,0.34017784963621667
911,Freiburg,Eint Frankfurt,1,1,2.7,3.5,2.5,1.3740375609318785,1.3436747775473896,0.016450501849861594,1.39048806278174,1.3601252793972511,1.3817826377410276,1.3060408737027256,1.39574921316559,1.363316209393512,1.3933555243521802,1.3675064008507132,0.36513437229069823,0.25492605968515036,0.3799395680241513,0.36667964126222674,0.2548441721197641,0.3784761866180093,0.3644392327315102,0.25716870090046595,0.37839206636802425,0.3691,0.25664,0.37426,0.3531946425808983,0.2586418490492701,0.3881635083698317,0.3507014028056112,0.2705410821643286,0.3787575150300601
912,Augsburg,Gladbach,1,0,2.25,3.6,3.0,1.1933962116052304,1.4778699865134222,0.016532594456629437,1.2099288060618598,1.4944025809700516,1.221561491994436,1.451632652179836,1.2122534861515164,1.4994730433710624,1.2101744897376572,1.5040817167612452,0.43860258722751666,0.25446475348501,0.30693265928747326,0.4402367835118155,0.2541854659554866,0.3055777505326982,0.4372787994435939,0.2567227075970647,0.30599849295934134,0.43758,0.25694,0.30548,0.4242958301441474,0.2576735724845862,0.31803059737126615,0.42105263157894735,0.2631578947368421,0.3157894736842105
913,Leverkusen,Bochum,2,0,6.5,5.25,1.4,2.1365965894568237,0.811852443382423,0.02443841828005776,2.1610350077368814,0.8362908616624808,2.1672335894620725,0.8045797602584093,2.1703577059160852,0.8237198570618776,2.166635575240499,0.826251583659424,0.1293465993382637,0.18854081100639383,0.6821125896553424,0.13016382276480085,0.18903284336069803,0.6808033338745011,0.13017764664035514,0.19126567279816017,0.6785566805614847,0.13086,0.1918,0.67734,0.12602579654189128,0.18785721848921147,0.6861169849688972,0.1453287197231834,0.17993079584775085,0.6747404844290658
914,RB Leipzig,Stuttgart,2,1,9.0,5.0,1.33,2.1772051127505643,0.7938606749492385,0.02490033518046947,2.2021054479310336,0.818761010129708,2.209278500888526,0.7794955759499734,2.2116078988122787,0.8054650903947628,2.207815024679089,0.8079407104435755,0.12228823700374018,0.183565961515698,0.6941458014805617,0.12307285044754389,0.18406774130748843,0.6928594082449676,0.12313904013675545,0.18630329561932502,0.6905576642439195,0.12122,0.18828,0.6905,0.1177358129754316,0.18235410922566003,0.6999100777989083,0.10452687834014461,0.1881483810122603,0.7073247406475951
915,Hoffenheim,Gladbach,1,4,3.4,3.9,2.0,1.5412084914849782,1.2332166872514259,0.016656204974817162,1.5578646964597953,1.249872892226243,1.5462820430122746,1.2579135576852198,1.5655616705669757,1.2512434761135065,1.5628767559546721,1.255089208811735,0.3049756320257519,0.24843737227854,0.4465869956957078,0.30640538297623693,0.24852251351757626,0.44507210350618664,0.30478210005683853,0.25072353522852714,0.4444943647146343,0.30352,0.25054,0.44594,0.3100579828816856,0.24962423127157968,0.44031778584673464,0.2799712849964106,0.24407753050969133,0.47595118449389806
916,Freiburg,Augsburg,3,1,6.25,4.5,1.5,1.9097158098093863,0.8936792460641236,0.023563481311688176,1.9332792911210746,0.9172427273758118,1.9312843063834042,0.884236906808419,1.9398919030303619,0.9067427792175125,1.9365650177248157,0.9095296791466538,0.16972920094639352,0.2148332396353417,0.6154375594182648,0.17071081652850473,0.215250575720143,0.6140386077513522,0.17037895196200262,0.2174910463636283,0.6121300016743692,0.17472,0.21706,0.60822,0.16587211602125707,0.21500246485791516,0.6191254191208277,0.15254237288135591,0.21186440677966098,0.6355932203389829
917,Mainz 05,Bochum,5,2,4.75,4.0,1.7,1.7708115659701735,0.9623244902510496,0.022564066720247546,1.793375632690421,0.9848885569712972,1.7938145173869837,0.941138603160014,1.7987927842315605,0.9763914588396997,1.7957078817830097,0.9793924259825567,0.20266559129752856,0.23038417366267214,0.5669502350397992,0.2037669646070581,0.23072614814961712,0.5655068872433249,0.20312576378492447,0.23296389832631217,0.5639103378887633,0.2029,0.23006,0.56704,0.19519599363074835,0.23035302580289485,0.5744509805663568,0.2007380073800738,0.23837638376383766,0.5608856088560886
918,Werder Bremen,Wolfsburg,2,1,2.15,3.6,3.2,1.2101568481290343,1.5071338418691402,0.015592454048319515,1.2257493021773538,1.5227262959174597,1.2138672473102077,1.497637053828842,1.2292789634058559,1.5291646689209737,1.2271707685557287,1.5338646003735725,0.4423409056702653,0.2517265953272028,0.30593249900253205,0.44399065594555975,0.2514427433356018,0.30456660071883845,0.4410161647675951,0.25395636888257517,0.3050274663498297,0.4432,0.25534,0.30146,0.4377770648828434,0.25454962833970235,0.3076733067774542,0.4407039020657995,0.2631981637337414,0.29609793420045905
919,Hertha BSC,Union Berlin,0,2,2.2,3.25,3.5,1.1343685994162314,1.3832179406628171,0.020247327332170783,1.1546159267484022,1.403465267994988,1.1628252456227444,1.362564749922596,1.1522931578385385,1.4034374025176068,1.1503169924818473,1.4077509076121895,0.427096019524405,0.2640492169798176,0.30885476349577756,0.428677986859051,0.2637818314657416,0.3075401816752077,0.4257618165259899,0.2664085444230589,0.3078296390509513,0.42666,0.26652,0.30682,0.4138987102611306,0.2668246243619446,0.3192766653769249,0.4337464251668255,0.29361296472831266,0.27264061010486174
920,Bayern Munich,Eint Frankfurt,1,1,7.5,6.0,1.33,2.2489895449489055,0.8837962410985342,0.019207134681188055,2.2681966796300936,0.9030033757797222,2.299636132220306,0.8211769826194928,2.2845266221479217,0.8967153074719326,2.280608693505877,0.8994713876791663,0.13246692647173672,0.18149414453623627,0.686038928992027,0.1333248469238969,0.18198659372794515,0.684688559348158,0.13335202565837692,0.18409976729762645,0.6825482070439965,0.13258,0.18462,0.6828,0.11764392670751186,0.17608044314278756,0.7062756301497004,0.1267572075291875,0.1584465094114844,0.7147962830593281
921,Schalke 04,Köln,0,0,1.95,3.6,3.8,1.1118895764848997,1.5288715741420609,0.01703943796672007,1.1289290144516198,1.545911012108781,1.1464217012705327,1.5273741234138472,1.1294589359357117,1.5512201567952217,1.1275219309246014,1.5559878764221549,0.47048629319023627,0.2525800275019422,0.2769336793078213,0.4721372162182266,0.25221817492981236,0.27564460885196107,0.46888241419721405,0.25487759388800507,0.27623999191478055,0.46828,0.25332,0.2784,0.46054448788070484,0.25417105053064715,0.28528446158864795,0.4866595517609392,0.26360725720384204,0.24973319103521877
922,Leverkusen,Dortmund,0,2,2.63,3.8,2.45,1.4317584329465214,1.357162555136482,0.015231172204565345,1.4469896051510867,1.3723937273410474,1.4628938408089807,1.4077190018960106,1.4543821530417247,1.3770011472394603,1.4518879096222617,1.3812333997454918,0.3570549910140946,0.25097572929630907,0.3919692796895964,0.3586028795414761,0.25092233387732216,0.3904747865812017,0.35646594337767595,0.2531839741650226,0.39035008245730174,0.35646,0.25258,0.39096,0.3630757825843661,0.24910219940227935,0.3878220180133546,0.36158850373822704,0.250257306534615,0.38815418972715793
923,Augsburg,Leverkusen,1,0,1.85,3.8,4.0,1.0408222855159568,1.7649439684536345,0.014011820593373763,1.0548341061093305,1.7789557890470082,1.0633673693847465,1.7914830252438432,1.0572686856310258,1.790743386026898,1.0554554858085279,1.7962472871662436,0.5455772574608686,0.23195639909581578,0.22246634344331573,0.54728491660898,0.23144195185797914,0.22127313153304073,0.5434960596064236,0.2342311467252495,0.22227279366832708,0.5415,0.23482,0.22368,0.5442960225984413,0.23192739609137483,0.22377658131018396,0.5129935875801552,0.24974687816402294,0.2372595342558218
924,Eint Frankfurt,Hertha BSC,3,0,6.5,4.5,1.45,2.0054897384299952,0.8444814282756582,0.02465849328864022,2.0301482317186355,0.8691399215642984,2.011760786908734,0.8531887244235183,2.0371791892842634,0.8568258025959594,2.0336854577526213,0.8594592812662851,0.1487191020477014,0.20327306463507938,0.6480078333172192,0.14961497786576006,0.2037317288953587,0.6466532932388812,0.1494645431519589,0.2059839105227692,0.6445515463252719,0.1508,0.20514,0.64406,0.15060517399113554,0.20569360081537083,0.6437012251934935,0.144358407079646,0.20851769911504422,0.6471238938053098
925,Bochum,Hoffenheim,5,2,2.5,3.5,2.75,1.3084257352482134,1.311748383288206,0.01847223522745348,1.326897970475667,1.3302206185156595,1.3204688515982772,1.325160748902213,1.3291006318777356,1.3309231247510507,1.3268212443742986,1.3350137551338612,0.3702092382171701,0.2604269936473677,0.369363768135462,0.37173897823495783,0.2603214747801878,0.3679395469848544,0.36941278624787854,0.26272605670125626,0.3678611570508651,0.3651,0.2641,0.3708,0.3704659717511803,0.26124985004361084,0.36828417820520887,0.38118811881188125,0.2722772277227723,0.34653465346534656
926,Köln,RB Leipzig,0,0,1.91,3.6,4.2,1.0331869323792109,1.6682150291650126,0.015844718065217676,1.0490316504444286,1.6840597472302303,1.0664299124008196,1.6592513233345914,1.0495126835857638,1.692600492334776,1.0477127851895947,1.6978027484765046,0.5242252931574057,0.24095767424485282,0.23481703259774156,0.5259083387575126,0.24047805878222508,0.2336136024602622,0.5222374845822774,0.24327318315264634,0.2344893322650765,0.5238,0.24136,0.23484,0.5121039655371379,0.24395528098549565,0.24394075347736688,0.5036977813312012,0.2672396562062762,0.22906256246252246
927,Dortmund,Freiburg,5,1,5.0,4.0,1.67,1.935729684168799,0.9623951100077288,0.019941212550836817,1.955670896719636,0.9823363225585656,1.9475773296532681,0.9847977332548516,1.966316831795711,0.9764631108946411,1.9629446281365637,0.9794642982621433,0.18159288022138442,0.21423917080297733,0.6041679489756383,0.1826403353275632,0.21463694263236793,0.6027227220400687,0.1822304983924519,0.21679690726302864,0.6009725943445194,0.1818,0.21602,0.60218,0.18564660671587088,0.2162245428307542,0.5981288504533748,0.19069369112189552,0.2383671139023694,0.5709391949757351
928,Union Berlin,Mainz 05,2,1,4.0,3.5,1.95,1.471568833081229,1.0535701801441766,0.024331060636162864,1.495899893717392,1.0779012407803394,1.5151636364777143,1.0831771772188867,1.494821611353287,1.068970950653675,1.4922580148737845,1.0722564635189684,0.2709510244794814,0.2588892217278806,0.4701597537926383,0.27223360732477553,0.25904243279182615,0.4687239598833983,0.2708640654900232,0.2613972143226551,0.46773872018732143,0.27288,0.25992,0.4672,0.27119974968308447,0.2567305054819677,0.4720697448349478,0.23842794759825325,0.2724890829694323,0.48908296943231444
929,Gladbach,Schalke 04,0,0,5.75,4.5,1.53,1.8930851979229313,0.8475703446387339,0.026516508866849357,1.9196017067897806,0.8740868535055832,1.9288709903333972,0.8794429897847105,1.9229985049785363,0.8599598718049749,1.9197005915954213,0.8626029831268714,0.16158026612365642,0.21506390128745778,0.6233558325888857,0.1625165685521881,0.2154942496550477,0.6219891817927643,0.1622359977105784,0.21779315565381366,0.619970846635608,0.16258,0.21788,0.61954,0.16511353975778242,0.21509591303128162,0.619790547210936,0.16567406605305904,0.21169463995668653,0.6226312939902545
930,Stuttgart,Werder Bremen,0,2,3.6,3.6,2.0,1.4440154219164132,1.107211118440117,0.022615432362089682,1.466630854278503,1.1298265508022067,1.4455890905027617,1.1505418955278441,1.4668328190183544,1.1233959959755917,1.4643172228948478,1.126848785778102,0.28988109684937624,0.25985858526704475,0.4502603178835789,0.29122090329241307,0.2599635446421383,0.44881555206544854,0.2896716325303487,0.2623077785048477,0.4480205889648037,0.28904,0.26208,0.44888,0.3007233412726514,0.2607260678801941,0.4385505908471544,0.2631578947368421,0.2631578947368421,0.47368421052631576
931,Wolfsburg,Bayern Munich,2,4,1.57,4.5,5.25,1.0709658843661196,1.9492811574166076,0.01104133672288319,1.0820072210890028,1.9603224941394908,1.0103036943525872,1.991264175034011,1.087888594120689,1.9777751603123186,1.086022881617741,1.9838539089723173,0.5801820259423296,0.21568843058088438,0.2041295434767858,0.5819281824828696,0.21512502175619955,0.2029467957609309,0.577979313799641,0.21788097875969475,0.20413970744066445,0.57848,0.21782,0.2037,0.6013935757480486,0.2127861489873781,0.185820275264573,0.6068194952802928,0.2117125794644577,0.18146792525524946
932,Schalke 04,Wolfsburg,0,0,1.95,3.8,3.6,1.1103180856210086,1.6145810938227805,0.015308369296723728,1.1256264549177324,1.6298894631195042,1.1436851678369968,1.648127194498292,1.1278626133902891,1.6381825523336289,1.1259283460482268,1.6432175533765476,0.4925022764696693,0.24523119370089705,0.26226652982943366,0.49418601154071623,0.2448259815751428,0.2609880068841408,0.49077784041761235,0.24749205552650902,0.2617301040558785,0.48898,0.24966,0.26136,0.49126570285550275,0.24419025806421327,0.2645440390802837,0.4866595517609391,0.2497331910352187,0.263607257203842
933,Bayern Munich,Bochum,3,0,17.0,10.0,1.11,2.7525601384985667,0.7643277284712485,0.019408056946295816,2.7719681954448627,0.7837357854175443,2.914219435239563,0.7049681324854071,2.796054312296062,0.7755004402298721,2.7912591213936437,0.7778839630672867,0.07659461652802282,0.13125196518277593,0.7921534182892013,0.07717607488559271,0.13178027812174478,0.7910436469926625,0.07755560113498033,0.1337947322931795,0.7886496665718402,0.0761,0.137,0.7869,0.06181078017698579,0.1175130741435069,0.8206761456795073,0.05550832624893734,0.09436415462319349,0.8501275191278691
934,Mainz 05,Augsburg,3,1,4.2,4.0,1.8,1.771324020057889,1.027780990489525,0.019773571358027018,1.791097591415916,1.047554561847552,1.7696301959292993,0.9963527773428399,1.7993133357870996,1.042804782418021,1.7962275406004957,1.046009872815032,0.21792004933253917,0.2310630089965412,0.5510169416709199,0.21909009774996158,0.23137340284711136,0.549536499402927,0.21832595247059042,0.23355286047845217,0.5481211870509575,0.21718,0.2315,0.55132,0.21122132603987356,0.23345299213841095,0.5553256818217156,0.22813688212927755,0.23954372623574144,0.532319391634981
935,Freiburg,Stuttgart,2,1,4.33,3.8,1.8,1.779872141924787,1.0080133583395086,0.020420000299178176,1.800292142223965,1.0284333586386867,1.784940177521968,0.9650519373707475,1.8079965295432257,1.0227481929949191,1.8048958428105168,1.0258916388892958,0.2121020811941987,0.23006425175096193,0.5578336670548392,0.21324883664081432,0.23038771984074125,0.5563634435184444,0.21253594703436357,0.2325794844231524,0.5548845685424842,0.21014,0.23248,0.55738,0.2018813675023896,0.23159532031410227,0.5665233121835083,0.22002058672156458,0.2507076685537828,0.5292717447246527
936,Hoffenheim,Leverkusen,1,3,2.38,3.6,2.88,1.277660695795186,1.496741645169982,0.014663907544469865,1.2923246033396558,1.5114055527144519,1.265693383273004,1.4485184858335207,1.2978494631830102,1.5186205622309392,1.2956236709617377,1.5232880860693163,0.4247249829507263,0.2502223313433501,0.3250526857059234,0.4263715317868884,0.24998916937178917,0.3236392988413225,0.42357939787591276,0.2524124534408551,0.32400814868323213,0.42536,0.25256,0.32208,0.41389924665422523,0.2561509053553591,0.3299498479904156,0.40201005025125636,0.2657733109994417,0.33221663874930213
937,Werder Bremen,Dortmund,0,2,1.8,4.0,4.0,0.987007462006989,1.8280252345746495,0.014058829375619239,1.0010662913826083,1.8420840639502687,1.036109852289919,1.8026284193427884,1.0026035151109816,1.8547467550332142,1.0008840652300366,1.860447372362241,0.5733373080953849,0.22538156375839308,0.20128112814622245,0.5750356631670753,0.22481251191303034,0.20015182491989403,0.5710608262296932,0.22769510795844736,0.2012440658118595,0.5704,0.22918,0.20042,0.553386515937465,0.2306976277203645,0.21591585634217025,0.5263157894736842,0.23684210526315788,0.23684210526315788
938,RB Leipzig,Union Berlin,1,2,5.0,3.75,1.7,1.7935881830805265,0.9051000080795265,0.025059601973713142,1.8186477850542395,0.9301596100532397,1.8307154423150913,0.9746187594933443,1.8219293027040167,0.918330486480757,1.8188047214758352,0.921153001560403,0.18640633449372707,0.22707622252777546,0.5865174429784975,0.18743858415836295,0.22745276677770024,0.5851086490639368,0.18693404155876508,0.22973605774037037,0.5833299007008645,0.18858,0.22932,0.5821,0.1980751263647786,0.2272380947272325,0.5746867789079894,0.1895910780669145,0.2527881040892193,0.5576208178438662
939,Hertha BSC,Gladbach,4,1,2.4,3.5,2.88,1.2443482624642013,1.4274907746785483,0.01672244671436525,1.2610707091785665,1.4442132213929135,1.2712056375742633,1.4023458910784639,1.2640106483409914,1.4483574034419422,1.2618428891759317,1.4528089714472667,0.41422047223467384,0.25623047874798394,0.32954904901734217,0.41582816943498435,0.25601391674565094,0.32815791381936477,0.4130970339682619,0.2584832485909205,0.32841971744081755,0.41346,0.25992,0.32662,0.4008255019804355,0.2590071339015075,0.3401673641180569,0.3969754253308129,0.27221172022684315,0.3308128544423441
940,Köln,Eint Frankfurt,3,0,2.5,3.5,2.7,1.2740735640538843,1.4396742641030058,0.01591136116080577,1.28998492521469,1.4555856252638115,1.3075745539543213,1.400740342574323,1.2942056499075947,1.4607189874330144,1.2919861067710383,1.4652085491211544,0.41090261028777997,0.25417275663166716,0.33492463308055276,0.41251697560245354,0.2539692252386622,0.33351379915888435,0.40983282329015536,0.25639931654628983,0.33376786016355475,0.41016,0.25628,0.33356,0.3927345221126907,0.2573956268374089,0.3498698510499004,0.3787575150300601,0.2705410821643286,0.3507014028056112
941,Augsburg,Hoffenheim,1,0,2.6,3.5,2.7,1.3014393274416063,1.276533039812699,0.019650752994893,1.3210900804364993,1.296183792807592,1.318323642361876,1.316351787136111,1.3220038293767091,1.2951930140265266,1.319736612782342,1.2991738268896078,0.36230060276851056,0.2628726752423125,0.37482672198917677,0.3638058514392279,0.2627839110263645,0.3734102375344076,0.36154109971743686,0.2652044524967627,0.3732544477858005,0.36192,0.26658,0.3715,0.36859941369677085,0.261882565529819,0.36951802077341,0.36957371920219007,0.27454047712162694,0.35588580367618305
942,Wolfsburg,RB Leipzig,0,3,2.15,3.6,3.3,1.176606090866723,1.566430281597656,0.015007920348458718,1.1916140112151818,1.5814382019461148,1.1757711895865983,1.5410746904692612,1.1951980587919955,1.5893278860863418,1.1931483121783821,1.5942127309118377,0.4650057639273496,0.24804980405385096,0.2869444320187996,0.4666802362861085,0.24771230498816318,0.2856074587257281,0.46351323226853597,0.2502753605160564,0.2862114072154076,0.4684,0.2482,0.2834,0.4573309127415827,0.2523131067977609,0.29035598046065647,0.4446939921392476,0.26558113419427287,0.28972487366647953
943,Gladbach,Bayern Munich,3,2,1.36,5.75,7.0,0.8960365556120582,2.195355272074254,0.011145792299381136,0.9071823479114394,2.206501064373635,0.8864781348513499,2.2310292849581006,0.9101951453313579,2.2274463120156147,0.9086341744084668,2.2342924321186937,0.67237473594614,0.1873514118689615,0.1402738521848983,0.6740198699372262,0.18665058327662043,0.1393295467861536,0.6696510263755067,0.18966580816772713,0.1406831654567664,0.67036,0.18902,0.14062,0.6785978407252589,0.18589267281876398,0.13550948645597705,0.698906060079875,0.16530647681889218,0.13578746310123285
944,Bochum,Freiburg,0,2,2.25,3.5,3.1,1.2030386398522297,1.4110921297865644,0.017933232265809212,1.220971872118039,1.4290253620523736,1.214608108056758,1.4276187061216612,1.2220482778089057,1.431719048114519,1.2199524834753352,1.4361194776577066,0.419043706577259,0.2591013763664108,0.32185491705633007,0.4206421573029007,0.2588659991510305,0.32049184354606863,0.41784285361960843,0.26139209401956387,0.32076505236082775,0.41808,0.26048,0.32144,0.41960947631293805,0.2597003584967074,0.32069016519035454,0.42217898832684825,0.2714007782101167,0.306420233463035
945,Stuttgart,Köln,3,0,2.88,3.4,2.45,1.3295986591691957,1.1607100567109139,0.023073323282799624,1.3526719824519953,1.1837833799937134,1.3643969638731128,1.2082596520549649,1.3506081166389847,1.1776769655589088,1.3482918441241203,1.1812965894777228,0.3255154164927483,0.2670522455175316,0.40743233798972023,0.32692589637777686,0.26705387825806065,0.4060202253641625,0.3249930261856552,0.26948112215561226,0.40552585165873234,0.32584,0.26752,0.40664,0.3309996486301197,0.2645784555076952,0.40442189586218524,0.3308443879577409,0.2802446580347923,0.38891095400746684
946,Eint Frankfurt,Werder Bremen,2,0,5.25,4.2,1.62,1.8902205423324956,0.9130557641485544,0.022897329229468362,1.913117871561964,0.9359530933780228,1.8945247888374799,0.9295036371315516,1.9200885839545219,0.9264025373878106,1.9167956610419996,0.9292498621473533,0.17628237084536627,0.21737694345260114,0.6063406857020326,0.17729159471085348,0.2177809357317035,0.6049274695574431,0.17690402747663123,0.22000992449420395,0.6030860480291649,0.17482,0.22214,0.60304,0.18000764957705656,0.22000192514370429,0.5999904252792394,0.1821247892074199,0.22765598650927488,0.5902192242833053
947,Union Berlin,Schalke 04,0,0,6.0,3.8,1.6,1.833731253603224,0.8578493969787817,0.027053353665374227,1.8607846072685983,0.8849027506441559,1.86263440908926,0.9175995797150874,1.862706688045729,0.8703891802258493,1.859512174217757,0.873064346326196,0.1707238475527903,0.22168459641700244,0.6075915560302074,0.17169100840967133,0.2220941605141529,0.6062148310761761,0.17132053301833525,0.22440942543023093,0.6042700415514339,0.1688,0.22692,0.60428,0.1812281092521675,0.2229154167739905,0.5958564739738417,0.15800415800415799,0.24948024948024947,0.5925155925155925
948,Dortmund,Hertha BSC,4,1,8.5,5.5,1.33,2.218454171346563,0.730184214120546,0.028676819646270234,2.2471309909928334,0.7588610337668162,2.2441431050390332,0.7785657894714088,2.253508748335009,0.7408578263043971,2.2496440148779318,0.7431348740746736,0.1072298750621618,0.17574278428324355,0.7170273406545946,0.10793284516708954,0.17626032001044878,0.7158068348224617,0.10808808455961293,0.1785496458830722,0.7133622695573147,0.11028,0.17832,0.7114,0.11466679056875777,0.17890456235199703,0.7064286470792454,0.11190148386109836,0.17293865687624294,0.7151598592626587
949,Leverkusen,Mainz 05,2,3,4.2,3.8,1.8,1.7569384507531043,1.0078096632514237,0.020798782354634,1.7777372331077383,1.0286084456060578,1.7643490757568931,1.0128532747824766,1.7847004550267842,1.0225415203535926,1.7816397207099108,1.0256843310336807,0.21524833937437138,0.23225329759060143,0.5524983630350274,0.21640213976285597,0.23256779101732838,0.5510300692198156,0.2156534172571094,0.23477172166390564,0.549574861078985,0.21886,0.23568,0.54546,0.21580660193586715,0.2341019011910589,0.550091496873074,0.225296442687747,0.24901185770750986,0.5256916996047432
950,Mainz 05,Gladbach,4,0,3.2,3.6,2.15,1.3206775817161267,1.16688586009083,0.02304376253779961,1.3437213442539264,1.1899296226286298,1.386448154434668,1.2184648881252758,1.341546074093899,1.1839430449663344,1.3392453428450886,1.1875819278598618,0.32893043045529075,0.267430891445871,0.40363867809883847,0.33034760724482487,0.2674228828387167,0.40222950991645867,0.3283791586516312,0.26985706775278995,0.4017637735955788,0.32672,0.26772,0.40556,0.32946547884389693,0.26251692634216717,0.40801759481393585,0.29609793420045905,0.2631981637337414,0.4407039020657995
951,Hertha BSC,Augsburg,2,0,3.25,3.6,2.1,1.3327803399703329,1.1104234473699945,0.02512705896569812,1.357907398936031,1.1355505063356928,1.392416344042973,1.191193121850887,1.353840072300895,1.1266552817590159,1.351518257030899,1.1301180890698286,0.31122423818744116,0.26914523058319983,0.4196305312293591,0.3125911218150625,0.26918070467352323,0.4182281735114143,0.3107823999298527,0.27162780051912805,0.4175897995510188,0.31114,0.27458,0.41428,0.32116427268582515,0.26328779478999903,0.41554793252417566,0.2898217366302473,0.26164462334675104,0.4485336400230017
952,Hoffenheim,Dortmund,0,1,1.75,4.2,4.0,1.060727326121676,1.8988087647988616,0.011792085759031052,1.072519411880707,1.9106008505578926,1.0725922244527757,1.8162117775082973,1.077488252805463,1.926564977511801,1.075640376730741,1.9324863302067155,0.5714691973333623,0.21999643507805325,0.20853436758858424,0.5732055849055072,0.21944440740217475,0.20735000769231826,0.5692930951013794,0.2222121368310679,0.20849476806755296,0.57312,0.22008,0.2068,0.5478126994384762,0.2297597681855022,0.2224275323760222,0.5393258426966292,0.2247191011235955,0.23595505617977527
953,Werder Bremen,Bochum,3,0,3.6,3.8,2.0,1.522602167843773,1.0492294859276177,0.023400505872276205,1.546002673716049,1.0726299917998938,1.5145157300035292,1.1534683363780125,1.5466613418419706,1.0645668054807955,1.5440088410078818,1.0678387820796287,0.26124216238407305,0.2542582058136393,0.4844996318022875,0.26250708075209295,0.25444154890206155,0.48305137034584555,0.26125162049798517,0.25675988315703724,0.48198849634497776,0.26154,0.258,0.48046,0.2892986989410197,0.2550398342849738,0.4556614667740063,0.26685393258426965,0.2528089887640449,0.48033707865168535
954,Köln,Wolfsburg,0,2,3.0,3.5,2.3,1.312538366820002,1.1790370544505435,0.022765464706066336,1.3353038315260684,1.20180251915661,1.36036582678501,1.2373834577667289,1.3332782485918455,1.1962718618131656,1.3309916965388597,1.1999486376787512,0.33382836809659144,0.2674266141527495,0.39874501775065907,0.33525687577790614,0.26740566942615973,0.39733745479593385,0.3332408212241905,0.2698438836476565,0.3969152951281528,0.33312,0.27216,0.39472,0.33946894667858785,0.26345203654609717,0.39707901677531476,0.3163064833005893,0.2711198428290766,0.41257367387033395
955,RB Leipzig,Eint Frankfurt,2,1,4.6,4.0,1.7,1.8052580437853558,1.0574108825901576,0.01819599675976987,1.8234540405451256,1.0756068793499274,1.8428884331118756,0.9958549498317922,1.8337835629947403,1.0728677953273695,1.8306386518892561,1.0761652852564938,0.22004167060484772,0.22818749762362117,0.5517708317715311,0.22123159372055412,0.22849693259557077,0.5502714736838752,0.22046453809411432,0.2306349263266991,0.5489005355791865,0.22368,0.2312,0.54512,0.20130611670269397,0.22640376014239788,0.5722901231549085,0.2059357964869776,0.23682616596002423,0.5572380375529982
956,Schalke 04,Stuttgart,2,1,2.45,3.4,3.0,1.2275792966779462,1.4136733158881016,0.01737462764268698,1.2449539243206331,1.4310479435307886,1.2489413099539841,1.3857902986694062,1.2469767102105862,1.4343379652144665,1.244838163992069,1.4387464440744477,0.41429589655326365,0.25789613601669026,0.3278079674300458,0.41589574697263254,0.25767608452266155,0.3264281685047059,0.4131520391611513,0.2601686002551238,0.32667936058372493,0.41064,0.26312,0.32624,0.40127309031898767,0.261155210614477,0.33757169906653517,0.3941267387944358,0.2840030911901082,0.3218701700154559
957,Freiburg,Leverkusen,1,1,3.25,3.5,2.15,1.373696968800909,1.2375284896354772,0.019400204120079756,1.393097172920989,1.256928693755557,1.3921921143174592,1.2886849139420742,1.395403239218205,1.255618307121802,1.3930101437448879,1.2594774859885651,0.33745900290045794,0.26019145831748886,0.40234953878205315,0.33892445974785296,0.2601735076502047,0.40090203260194246,0.33692002355415307,0.2625261018932673,0.4005538745525796,0.33736,0.26098,0.40166,0.3466628569327874,0.2588421292758995,0.39449501379131313,0.2906808305166586,0.269917914051183,0.43940125543215836
958,Bayern Munich,Union Berlin,3,0,9.0,5.25,1.33,2.1708505914257827,0.7911763444720079,0.025171358755540055,2.196021950181323,0.816347703227548,2.2361412845135744,0.7761799218023924,2.205152967454294,0.8027415211858078,2.2013711634308613,0.8052087702665693,0.12234736207297375,0.1840446688904425,0.6936079690365837,0.12313109714357598,0.18454617163398307,0.6923227312224409,0.12319508647648078,0.18678743957200278,0.6900174739515165,0.1239,0.18746,0.68864,0.11489757672788305,0.1795421872820058,0.7055602359901111,0.10547184773988898,0.18080888183980967,0.7137192704203014
959,Dortmund,RB Leipzig,2,1,3.2,3.5,2.2,1.4945159577484226,1.2291850906832087,0.01749601523047861,1.5120119729789012,1.2466811059136873,1.5288389744586963,1.2674956814839797,1.5181313316326412,1.2471529468849842,1.515527759335026,1.2509861072243493,0.3124115591586783,0.251968247149654,0.4356201936916676,0.3138478117499754,0.25202893125758585,0.43412325699243903,0.3121339072741324,0.25427058515567463,0.43359550757019283,0.31232,0.25632,0.43136,0.31558894843751495,0.2505523638275131,0.4338586877349725,0.2968388589051658,0.27139552814186585,0.4317656129529684
960,Bochum,Schalke 04,0,2,3.1,3.4,2.3,1.3198839235574116,1.0883441446587838,0.026511817943768445,1.34639574150118,1.1148559626025523,1.3705859148886628,1.1681324670821114,1.3407398750626311,1.1042532304730317,1.3384405264329793,1.1076471844369278,0.3076179793398293,0.2712377447061863,0.4211442759539844,0.3089680033536453,0.27127912562341205,0.4197528710229427,0.30718031965331094,0.2737508655768581,0.4190688147698308,0.30412,0.27632,0.41956,0.31917578200537156,0.2659638436108939,0.41486037438373446,0.3067869752844252,0.27971753628874063,0.41349548842683403
961,Gladbach,Freiburg,0,0,2.8,3.6,2.4,1.3892105179278402,1.206395871387075,0.020099120732040093,1.4093096386598802,1.226494992119115,1.3900039647678637,1.2698086172790137,1.411161923407766,1.2240306016679723,1.408741802029148,1.2277926948163722,0.32622973564896146,0.26049991980505577,0.41327034454598255,0.3276673640953942,0.2605108468280203,0.4118217890765852,0.3257695245057915,0.2628588494858471,0.41137162600836186,0.32662,0.26122,0.41216,0.3421926466784333,0.2598869211408363,0.39792043218073025,0.33962264150943394,0.2641509433962264,0.39622641509433965
962,Mainz 05,Hoffenheim,1,0,4.0,3.6,1.91,1.4934206415371312,1.166812859874086,0.019436256945817517,1.5128568984829487,1.1862491168199034,1.5623199433760662,1.0951396190781009,1.5170187079434891,1.1838689776544822,1.5144170437786912,1.187507632900003,0.29659905184649515,0.25398919046579793,0.449411757687707,0.2979813188877535,0.25408653172162454,0.44793214939062176,0.2964043349285384,0.2563570970058911,0.4472385680655704,0.29886,0.25404,0.4471,0.26642532987087103,0.25230529537101104,0.48126937475811804,0.23779222575736617,0.2642135841748513,0.49799419006778256
963,Augsburg,Werder Bremen,2,1,3.0,3.5,2.3,1.3333455531399927,1.1521776654670277,0.02332516767475153,1.3566707208147442,1.1755028331417792,1.3838463124294724,1.2189012979551912,1.3544142166032447,1.1690198503982672,1.3520914166844444,1.1726128664254267,0.3224766069881101,0.2671699173225689,0.410353475689321,0.3238792524678829,0.2671793263107608,0.40894142122135624,0.32197500522599976,0.2696062811038107,0.40841871367018967,0.32126,0.26992,0.40882,0.33007695083339705,0.2626834230524429,0.4072396261141601,0.3163064833005893,0.2711198428290766,0.41257367387033395
964,Union Berlin,Köln,0,0,4.33,3.4,1.91,1.5555727772961543,0.9910992621554929,0.025458698429038303,1.5810314757251926,1.0165579605845312,1.614069693402974,0.9969877973541997,1.5801529315256917,1.0055868516642443,1.5774429931212908,1.0086775516840085,0.24100245370395654,0.2518960384935111,0.5071015078025322,0.24219991671860586,0.2521298596725313,0.5056702236088628,0.24113455235770487,0.25446964627432667,0.5043958013679681,0.23804,0.25694,0.50502,0.23368760681647277,0.24863478814396534,0.5176776050395622,0.2202378731817827,0.28047940908150565,0.4992827177367116
965,Stuttgart,Bayern Munich,1,2,1.4,5.25,7.0,0.7961201973599142,2.1400939354690505,0.01381735309667191,0.8099375504565861,2.1539112885657223,0.8645872683488516,2.14312105039302,0.8086999734539458,2.1713771818916268,0.8073130652174216,2.1780509719157117,0.6859054953105578,0.18766511612884093,0.12642938856060126,0.6874881215585481,0.18693694164877048,0.12557493679268106,0.6830284266422775,0.19011194448216637,0.1268596288755559,0.68396,0.19066,0.12538,0.6671262662372096,0.19317325700852653,0.139700476754264,0.6818181818181818,0.1818181818181818,0.13636363636363635
966,Leverkusen,Hertha BSC,4,1,6.0,4.2,1.53,1.991002961786932,0.8502970625883827,0.02456797923567862,2.015570941022611,0.8748650418240613,1.984093405322434,0.8835506144037992,2.022463501972813,0.8627264480936105,2.0189950076225838,0.8653780625670506,0.15144779953467863,0.2049911794490622,0.643561021016259,0.15235485627105938,0.20544473593422993,0.6422004077947105,0.1521810991390743,0.20769669635262064,0.6401222045083053,0.15034,0.20718,0.64248,0.15986111290259858,0.2096326952505421,0.6305061918468593,0.15747684164093514,0.22496691662990734,0.6175562417291575
967,Wolfsburg,Eint Frankfurt,2,2,2.8,3.5,2.45,1.372872544342239,1.302318266945976,0.01753249886133038,1.3904050432035693,1.3198507658073064,1.3813700938291487,1.3150979934260931,1.3945657877378226,1.321355161817866,1.392174128481142,1.3254163847922786,0.3546258598496891,0.2571016864248374,0.3882724537254736,0.3561411967446294,0.25704381787697966,0.3868149853783912,0.353989459419932,0.2593787092847039,0.3866318312953644,0.3567,0.25968,0.38362,0.35561668366884025,0.25821120395831015,0.38617211237284954,0.33980582524271846,0.27184466019417475,0.3883495145631068
968,Köln,Bochum,0,2,4.75,3.75,1.73,1.7643913985370265,0.942933188834968,0.023620277638175813,1.7880116761752023,0.9665534664731439,1.7721485666395225,0.9410017527802023,1.7922711694678934,0.956716701239476,1.789197451490133,0.959657197450754,0.19898852945007175,0.23074908590163118,0.570262384648297,0.20007120558303457,0.23109787284488903,0.5688309215720764,0.199456099909649,0.23335758163274176,0.5671863184576094,0.20004,0.2331,0.56686,0.1979859370921555,0.23254384838553488,0.5694702145223098,0.1995079572537864,0.25271007918812943,0.5477819635580841
969,Eint Frankfurt,Stuttgart,1,1,4.2,4.0,1.8,1.7939731340259175,1.0598445731726602,0.018270640136105316,1.8122437741620228,1.0781152133087655,1.7958606397180041,1.0125018512297934,1.8223203363950988,1.0753370608633577,1.819195084550045,1.0786421401509032,0.22220260161470723,0.22923350418961344,0.5485638941956794,0.22339856766038224,0.22953720894416946,0.5470642233954481,0.2226088711263749,0.23167907151335052,0.545712057360275,0.2227,0.23114,0.54616,0.21139207769469215,0.23110186867933755,0.5575060536259704,0.22813688212927755,0.23954372623574144,0.532319391634981
970,Bayern Munich,Augsburg,5,3,19.0,9.0,1.13,2.8401224688531226,0.7263871901502381,0.020575681033409968,2.8606981498865327,0.7469628711836481,2.9408309197090294,0.7071495329471715,2.8850002459228183,0.7370052985851336,2.880052514088037,0.7392705055010091,0.06704517072643104,0.12194358418965366,0.8110112450839153,0.06756788948735272,0.12246513901974197,0.8099669714929054,0.06797846097589674,0.12446442077255515,0.8075571182515482,0.06866,0.12152,0.80982,0.060845144956201705,0.11578918894286912,0.8233656661009292,0.050187524674299246,0.10595144097907619,0.8438610343466245
971,Hertha BSC,Mainz 05,1,1,2.45,3.4,2.9,1.2472046269888701,1.4399266501243069,0.016382701250846073,1.2635873282397163,1.456309351375153,1.2565783771730952,1.3950670349088214,1.2669121472891838,1.4609750627569051,1.2647394120972641,1.465465411499895,0.4168217315303511,0.25525388785806596,0.3279243806115827,0.4184365523852611,0.25503218802952754,0.32653125958521123,0.4156867138712373,0.2574970472052234,0.3268162389235395,0.4152,0.2588,0.326,0.4020566804160381,0.2601697743833128,0.3377735452006494,0.3898003558015417,0.2808855505040522,0.329314093694406
972,RB Leipzig,Gladbach,3,0,7.0,5.0,1.4,2.1434858117260003,0.8420869394142159,0.02261390762171108,2.166099719347711,0.864700847035927,2.185883982531488,0.8012751489041756,2.1773557872167193,0.8543963118199436,2.1736216549374303,0.8570223233807133,0.13449846992970105,0.18939326663028963,0.6761082634400094,0.1353463092605668,0.18987904640552092,0.6747746443339122,0.13533144946903758,0.19207608392407788,0.6725924666068845,0.13562,0.18984,0.67454,0.1237578141166889,0.18584758571654464,0.6903946001667665,0.13513513513513511,0.1891891891891892,0.6756756756756757
973,Schalke 04,Dortmund,2,2,1.73,4.0,4.5,0.9719180673043436,1.8797965815282462,0.013582059287951984,0.9855001265922956,1.8933786408161983,1.0171776658111333,1.8766501297361977,0.987275687559398,1.9072748798915262,0.9855825246711292,1.9131369439183386,0.5887390537603252,0.22010358563374857,0.1911573606059267,0.5904363246802903,0.21950928021903693,0.19005439510067257,0.586378692125604,0.22241912916789683,0.19120217870649903,0.5858,0.22172,0.19248,0.5747445538041883,0.22355775675092762,0.2016976894448841,0.5503745604647607,0.238036997401009,0.21158844213423023
974,Freiburg,Hoffenheim,2,1,4.0,3.6,1.91,1.5737426725623012,1.050609041641333,0.0222945040404931,1.5960371766027943,1.072903545681826,1.6006206025295033,1.0572580776253144,1.5986099357169206,1.0659665271230387,1.5958683438291825,1.069242805806471,0.2532560455094947,0.24949150238882392,0.49725245210168123,0.254508270927943,0.24970036217799674,0.49579136689406056,0.25335017804776694,0.251980989712436,0.4946688322397973,0.25362,0.25334,0.49304,0.2507666017877294,0.24940991590743905,0.49982348230483153,0.23779222575736617,0.2642135841748513,0.49799419006778256
975,Werder Bremen,Leverkusen,2,3,2.1,3.75,3.3,1.1317083898921132,1.7003342793516654,0.013442920084967386,1.1451513099770805,1.7137771994366326,1.1385627292619913,1.651167975468282,1.14959091340526,1.7251892520143741,1.147619382356946,1.7304916706433302,0.5084655984288851,0.23769935720059673,0.25383504437051874,0.5101816768705524,0.23726825810081614,0.2525500650286313,0.5066832211536291,0.2399079407265823,0.25340883811978865,0.51088,0.23772,0.2514,0.4931942903497854,0.24399918204031,0.26280652760990475,0.4552980132450331,0.25496688741721857,0.2897350993377484
976,Wolfsburg,Union Berlin,1,1,3.3,3.25,2.25,1.360732954318564,1.0664899567426478,0.026467383066820754,1.3872003373853847,1.0929573398094685,1.3592277835182411,1.1232119624587686,1.382234375769575,1.0820795846421682,1.3798638646981154,1.0854053872698628,0.2940218295311912,0.2685683387566034,0.4374098317122056,0.29534333397553947,0.2686490793930158,0.43600758663144423,0.29370171594859135,0.27109273165570186,0.43520555239570646,0.2919,0.27152,0.43658,0.309292619588314,0.2688527369317715,0.4218546434799142,0.2871870397643594,0.2916053019145803,0.4212076583210604
977,Gladbach,Werder Bremen,2,2,4.2,4.0,1.8,1.7862862533975552,1.046118388195567,0.018865194182560007,1.8051514475801151,1.0649835823781268,1.7823100158106757,1.0106792861146077,1.8145119926541475,1.0614102306622564,1.8114001320006399,1.0646725054378827,0.2200953358217971,0.22982601266768302,0.5500786515105198,0.22127962161059878,0.23013338075935533,0.5485869976300457,0.22050408556920292,0.23229007979804406,0.5472058346327531,0.21908,0.2335,0.54742,0.21282148339983797,0.23237214991536537,0.5548063666847964,0.22813688212927755,0.23954372623574144,0.532319391634981
978,Augsburg,Schalke 04,1,1,3.1,3.4,2.3,1.3377410425410328,1.0933862921489104,0.02578310936160659,1.3635241519026393,1.119169401510517,1.379276921418098,1.1688100082498378,1.358879160682953,1.1093690825514562,1.356548703452513,1.1127787602333918,0.30563129003471845,0.2694793830024427,0.4248893269628389,0.3069821168101587,0.26952881539203144,0.42348906779781004,0.305224721448385,0.2719797357741286,0.42279554277748643,0.3047,0.26842,0.42688,0.3177197806234568,0.2652614761072347,0.41701874326930854,0.3067869752844252,0.27971753628874063,0.41349548842683403
979,Stuttgart,Wolfsburg,0,1,2.9,3.4,2.38,1.3155109346786207,1.1624262640479313,0.023347418177024404,1.338858352855645,1.1857736822249556,1.3514211907823905,1.218115568164354,1.336297787043862,1.1794182598961491,1.3340060565280507,1.1830432357330332,0.32873106828489523,0.2680467378216702,0.4032221938934346,0.33014545374969506,0.2680381934630372,0.4018163527872677,0.3281749057195826,0.2704797426864209,0.40134535159399654,0.32638,0.26624,0.40738,0.3361171951447784,0.26502889386859907,0.3988539109866226,0.3255813953488372,0.27770177838577287,0.39671682626538984
980,Hoffenheim,Hertha BSC,3,1,3.5,3.5,2.05,1.485700457574307,1.037231652009255,0.024773272944582026,1.510473730518889,1.062004924953837,1.4598291207282155,1.1422559385505093,1.5091765346303392,1.052393590851902,1.5065883196742926,1.0556281527265552,0.2642740744643344,0.2579432850699997,0.4777826404656659,0.2655371086294858,0.258114053817592,0.47634883755292234,0.26423330807489365,0.2604690775392933,0.4752976143858134,0.26208,0.2628,0.47512,0.2960196403698635,0.25984525739434056,0.4441351022357958,0.26973684210526316,0.26973684210526316,0.46052631578947373
981,Bochum,RB Leipzig,1,0,1.55,4.33,5.5,0.9467815781080944,1.9795227083277958,0.012701045731450516,0.9594826238395449,1.9922237540592462,0.9789935145994269,1.9625052555448086,0.9617420078296999,2.008458773075875,0.9600926348164012,2.0146318286994322,0.6166434668550855,0.20982674785885733,0.17352978528605734,0.618332932635826,0.20919111801053647,0.1724759493536372,0.6141449911512099,0.21214331791548863,0.17371169093330152,0.61182,0.21244,0.17574,0.6027416725242125,0.21466630875480147,0.18259201872098596,0.6098357297414951,0.2183014736949925,0.17186279656351228
982,Dortmund,Köln,6,1,6.5,4.75,1.45,2.1619667873735304,0.7987263921065031,0.024838515003838935,2.1868053023773695,0.823564907110342,2.1807237277582874,0.8187216806022717,2.196128787280181,0.8104019331350358,2.192362459589408,0.812892726711555,0.12455099121870228,0.18533467734734269,0.6901143314339551,0.12534576261642974,0.1858333801314042,0.6888208572521661,0.1253948145076047,0.1880700338272433,0.686535151665152,0.12394,0.18614,0.68992,0.1274708323416339,0.1872724123813157,0.6852567552770503,0.14596026490066225,0.1997350993377483,0.6543046357615894
983,Union Berlin,Eint Frankfurt,2,0,3.2,3.2,2.38,1.253229567845837,1.1973183494804944,0.02353672699710599,1.276766294842943,1.2208550764776005,1.2896851439533672,1.2111213648546915,1.273032290362112,1.2148203872893448,1.2708490592172863,1.2185541725797862,0.3507600575255706,0.2706797890573141,0.37856015341711535,0.3522119204514002,0.27060785934792164,0.3771802202006783,0.35000791542836635,0.27310754937097503,0.3768845352006589,0.35176,0.27374,0.3745,0.3464144601411645,0.2697404354877299,0.38384510437110586,0.2989949748743718,0.2989949748743718,0.40201005025125625
984,Leverkusen,Bayern Munich,2,1,1.55,4.5,5.25,1.2135166841888803,1.887035115186297,0.009908073451843203,1.2234247576407236,1.8969431886381403,1.1764943450462597,1.8242304250062222,1.2326918894205676,1.9146192242471403,1.2305778414538882,1.9205038613268992,0.5329967525328648,0.2224504929298266,0.2445527545373084,0.5347823387990517,0.22198912151232877,0.24322853968861946,0.5311784659177269,0.2245310176011544,0.2442905164811192,0.53068,0.22524,0.24408,0.5253874425824122,0.22947817972136972,0.24513437769621815,0.6098741529525653,0.21006776379477252,0.18005808325266215
985,Mainz 05,Freiburg,1,1,3.3,3.5,2.1,1.3714334486722128,1.1203802381242471,0.023723487215467357,1.3951569358876803,1.1441037253397146,1.414026943983109,1.1961337059045536,1.39310395240943,1.1367576178716197,1.390714800178252,1.1402514750021184,0.30664298340157686,0.2655042017722793,0.4278528148261438,0.308010722996774,0.2655575433037313,0.42643173369949516,0.30626893804896865,0.26796115242077767,0.42576990953025384,0.3062,0.26746,0.42634,0.31841140603382295,0.2614588509142015,0.4201297430519755,0.2845528455284553,0.26829268292682923,0.4471544715447154
986,Eint Frankfurt,Bochum,1,1,6.5,4.33,1.5,1.972919802887019,0.8222492049067945,0.026607010577405152,1.9995268134644242,0.8488562154841996,1.9874010898871748,0.8613029590123357,2.00409460469974,0.8342685953043609,2.000657612730814,0.8368327437513384,0.1475062418566978,0.20571177100172952,0.6467819871415725,0.14838826355761167,0.20617040010151572,0.6454413363408726,0.14823395949277945,0.2084622807091167,0.6433037597981037,0.14826,0.20726,0.64448,0.15485303621155752,0.2084852253801831,0.6366617384082595,0.14631673800405498,0.2196440639783735,0.6340391980175715
987,Union Berlin,Stuttgart,3,0,3.9,3.2,2.05,1.4015158657404532,1.0591563497669703,0.02575894430998242,1.4272748100504355,1.0849152940769526,1.4256471025859987,1.084055934861664,1.4236617123622506,1.0746387772159012,1.4212201540344243,1.0779417103086357,0.2846639438502803,0.2651480731208153,0.4501879830289045,0.28596919920605995,0.2652578746074778,0.44877292618646236,0.2844362683417227,0.2676683761574177,0.44789535550085957,0.28158,0.2673,0.45112,0.28680939751037665,0.26466294505707927,0.44852765743254375,0.2426484187164787,0.29572776031070835,0.46162382097281307
988,Wolfsburg,Augsburg,2,2,5.5,4.0,1.62,1.833387267784519,0.8925349619995898,0.024998023202635642,1.8583852909871548,0.9175329852022255,1.8409133459711526,0.9260647953129694,1.8623572667857513,0.9055817683543204,1.8591633522099609,0.9083650998832864,0.17858425224672128,0.22265106011116037,0.5987646876421182,0.17958976040870764,0.22304608414221846,0.5973641554490741,0.1791615430781202,0.22532323044093816,0.5955152264809415,0.17998,0.22302,0.597,0.18579318030475953,0.2253069188805638,0.5888999008146768,0.17330837122225196,0.23829901043059643,0.5883926183471516
989,Schalke 04,Leverkusen,0,3,1.91,3.75,3.8,0.9969013635799734,1.7750655401721707,0.014705530348146919,1.0116068939281202,1.7897710705203176,1.065509632664729,1.7505731906462747,1.0126537537130946,1.8010129118221254,1.0109170678247874,1.8065483766434403,0.5586588105909824,0.23061466759386998,0.21072652181514773,0.5603533018888686,0.23007011383667533,0.2095765842744558,0.556459904968404,0.2329332985248416,0.21060679650675418,0.55666,0.23214,0.2112,0.5342219012025112,0.23564805943277917,0.23013003936470955,0.49702656040180676,0.25315219476465356,0.24982124483353968
990,RB Leipzig,Mainz 05,0,3,5.5,4.5,1.53,2.0397405756567637,0.8471230623875562,0.02393646384625864,2.0636770395030224,0.8710595262338149,2.0088917344064487,0.8829127981886327,2.071971236073074,0.8595060513170161,2.0684178367068324,0.8621477678086313,0.14571959507674442,0.19991175535561673,0.654368649567639,0.14660707807512835,0.20037688024929284,0.6530160416755787,0.146488214345607,0.2026114740299554,0.6509003116244376,0.15056,0.20344,0.646,0.15704412011369034,0.2071262126419593,0.6358296672443503,0.17191011235955056,0.21011235955056176,0.6179775280898876
991,Freiburg,Hertha BSC,1,1,5.5,4.0,1.62,1.8121751062631641,0.9055654349720866,0.024678665189616263,1.8368537714527804,0.9302441001617029,1.8378378679188265,0.9221284800854646,1.840809924416964,0.9188027168429828,1.8376529632077958,0.9216266833361865,0.18417031199967354,0.2251598361129048,0.5906698518874218,0.18519701343256298,0.22554239812013532,0.5892605884473018,0.18471769033566,0.227816010325121,0.587466299339219,0.187,0.22422,0.58878,0.1852872740823078,0.22553439642280068,0.5891783294948914,0.17330837122225196,0.23829901043059643,0.5883926183471516
992,Bayern Munich,Dortmund,4,2,6.0,5.0,1.45,2.2168895610466017,0.9904535231307001,0.01560099702746045,2.2324905580740624,1.0060545201581605,2.3869433444332264,0.8699062366516531,2.2519194150757347,1.0049316734215263,2.248057407301185,1.0080203597321769,0.15569312059946236,0.18928198495995904,0.6550248944405784,0.15667530770679983,0.1897412026232305,0.6535834896699697,0.1565423279388798,0.19176735721534635,0.6516903148457739,0.15616,0.19146,0.65238,0.11886230107136751,0.1709086920972391,0.7102290068313933,0.15778019586507072,0.18933623503808486,0.6528835690968444
993,Köln,Gladbach,0,0,3.0,3.6,2.25,1.2815968414431722,1.1943603367481193,0.022930896286354426,1.3045277377295266,1.2172912330344736,1.3644203987801686,1.2403028983304039,1.301847805256975,1.211819135220745,1.2996151559394533,1.2155436960769046,0.3441776003959164,0.26885072894671036,0.38697167065737315,0.34562318269489906,0.2687997389015455,0.3855770784035554,0.3434964220740389,0.2712670876675397,0.38523649025842155,0.34536,0.26972,0.38492,0.3394483962082461,0.2630300769851848,0.39752152680656916,0.3157894736842105,0.2631578947368421,0.42105263157894735
994,Werder Bremen,Hoffenheim,1,2,3.0,3.5,2.3,1.3052708788858032,1.1887672466763002,0.022567323030844973,1.3278382019166481,1.2113345697071451,1.3606246700718123,1.262943350996383,1.325895924516972,1.206144287048461,1.3236220330382416,1.2098514060960597,0.33790982413004494,0.26745274679453696,0.394637429075418,0.3393473594974123,0.26742093171858405,0.3932317087840037,0.3372913192308379,0.26986351895944843,0.3928451618097133,0.33642,0.26966,0.39392,0.3461356458783794,0.2621571417361663,0.39170721238545436,0.3163064833005893,0.2711198428290766,0.41257367387033395
995,Dortmund,Union Berlin,2,1,5.75,4.0,1.6,1.964223737985845,0.8824666980204997,0.023241570607542946,1.9874653085933878,0.9057082686280427,2.0058388586269538,0.9341869898484388,1.9952611302092618,0.895366329534965,1.9918392875156297,0.8981182636198329,0.16111287396298535,0.2089336884746745,0.6299534375623401,0.16206413259559446,0.20936979521197785,0.6285660721924275,0.16181438346104363,0.21159819633436508,0.6265874202045912,0.16346,0.21208,0.62446,0.1680545618878173,0.20921042949902605,0.6227350086131569,0.16580310880829016,0.2383419689119171,0.5958549222797929
996,Freiburg,Bayern Munich,0,1,1.45,5.0,6.5,0.9193647719488949,2.0712421730224397,0.012083353069894921,0.9314481250187898,2.0833255260923345,0.9287483109876778,2.0679680085892835,0.9338919790442689,2.1015189651882435,0.9322903684095751,2.107978043980386,0.6423840754431597,0.20007238138234634,0.1575435431744937,0.6440558135573246,0.19940283036292386,0.15654135607975161,0.639767247377947,0.20239524416759866,0.15783750845445443,0.64058,0.20148,0.15794,0.6368513981171042,0.20305793537690128,0.16009066650599457,0.6609049313675648,0.19166243009659378,0.14743263853584138
997,Mainz 05,Werder Bremen,2,2,4.75,4.0,1.7,1.774641871197593,0.9454628492615151,0.023306168138000887,1.797948039335594,0.968769017399516,1.8078436609945094,0.9383557375336077,1.8026836134631348,0.9592833394776872,1.799592038301235,0.9622317243251782,0.19821799278217547,0.229751849908071,0.5720301573097537,0.19930008765275284,0.23010321654108765,0.5705966958061597,0.19869571893595772,0.2323551860832428,0.5689490949807995,0.20054,0.23206,0.5674,0.19275202101950017,0.22888950308735437,0.5783584758931455,0.2007380073800738,0.23837638376383766,0.5608856088560886
998,Leverkusen,Eint Frankfurt,3,1,4.0,4.0,1.8,1.7644464345660564,1.1351335433943344,0.016297993911081454,1.7807444284771379,1.1514315373054158,1.815937242126265,1.0906763741010446,1.7923270751406337,1.1517265824997671,1.789253261285489,1.1552664471722256,0.2441588005152976,0.23209987500292018,0.5237413244817821,0.24543931672210798,0.23235285958731902,0.5222078236905732,0.24445185063078304,0.23445651595348932,0.5210916334157276,0.25032,0.23316,0.51652,0.22662257949225045,0.22990570387954207,0.5434717166282074,0.23684210526315788,0.23684210526315788,0.5263157894736842
999,Augsburg,Köln,1,3,2.55,3.4,2.8,1.2788768013892444,1.3746309357793107,0.01736194951447431,1.2962387509037188,1.391992885293785,1.297218666865251,1.3302228353493126,1.2990847848905784,1.394724875391665,1.296856874111241,1.399011602284329,0.3929630766484772,0.2581800692664295,0.34885685408509337,0.39453742581904916,0.25801737762532095,0.3474451965556299,0.3920022337188646,0.2604473629679749,0.3475504033131608,0.39166,0.2569,0.35144,0.37656640256044277,0.2622603024546223,0.361173294984935,0.37583892617449666,0.28187919463087246,0.3422818791946309
1000,Hertha BSC,RB Leipzig,0,1,1.62,4.0,5.5,0.9503969311482634,1.8666265166716414,0.014208602258615964,0.9646055334068794,1.8808351189302572,1.003655692940045,1.870444375642686,0.965414488338682,1.8939122990067778,0.9637588170767948,1.8997332927581225,0.591088059034957,0.22091235833818235,0.18799958262686056,0.592774624936102,0.22031047307159754,0.18691490199230043,0.5886899525405512,0.22325634508918984,0.18805370237025876,0.58938,0.22168,0.18894,0.5766098561301934,0.22391247016944024,0.1994776737003663,0.5883926183471516,0.23829901043059643,0.17330837122225196
1001,Gladbach,Wolfsburg,2,0,2.88,3.6,2.38,1.4060561063335038,1.1997973557279067,0.019984142047873573,1.4260402483813772,1.2197814977757802,1.398096596515252,1.2513311180645796,1.4282736948986194,1.217335630900938,1.4258242270904218,1.2210771468647341,0.3212760537438331,0.2595421664077367,0.41918177984842997,0.3227050926113955,0.25956758471668845,0.41772732267191603,0.32086085283934546,0.2619017100525085,0.4172374371081463,0.31894,0.26008,0.42098,0.33582563149538996,0.2602055073288431,0.4039688611757668,0.332216638749302,0.2657733109994416,0.40201005025125625
1002,Bochum,Stuttgart,2,3,2.25,3.5,3.1,1.2401224515707225,1.385004541023706,0.01784809103761144,1.257970542608334,1.4028526320613175,1.2366331767777425,1.405361277624395,1.2597180639188017,1.4052501188626692,1.257557666471173,1.4095691953929106,0.4040300154005021,0.2593386713243448,0.33663131327515317,0.40561254455830076,0.2591437178004818,0.33524373764121773,0.40296000831642903,0.26162198316596186,0.33541800851760917,0.40546,0.26118,0.33336,0.40902534919169026,0.26036326062734744,0.3306113901809624,0.42217898832684825,0.2714007782101167,0.306420233463035
1003,Hoffenheim,Schalke 04,2,0,3.8,3.8,1.91,1.6843879177024865,1.0404399910584663,0.020689295718143416,1.70507721342063,1.0611292867766098,1.69443666114613,1.07435677065099,1.7110035254090323,1.05564882843179,1.7080691802130301,1.0588933953724757,0.23356961586969546,0.23925315861033986,0.5271772255199648,0.23477945213388898,0.23952014799068588,0.525700399875425,0.2338451817602549,0.24173773881555682,0.5244170794241882,0.23216,0.2439,0.52394,0.24052626034864963,0.2407260844758402,0.5187476551755101,0.25065616797900264,0.25065616797900264,0.49868766404199477
1004,Schalke 04,Hertha BSC,5,2,3.2,3.3,2.25,1.2641818169636547,1.099666758088744,0.027568007280076585,1.2917498242437313,1.1272347653688206,1.3028465823411155,1.1362770765912158,1.2841575998319785,1.1157413544444719,1.2819552889494945,1.1191706174867702,0.3215017250937044,0.2753989899548175,0.4030992849514782,0.3228723803564255,0.27539691609147443,0.40173070355209994,0.3209233363485033,0.27792275643537934,0.4011539072161173,0.31824,0.28088,0.40088,0.32352079409745843,0.2728137803618584,0.4036654255406834,0.2948183442525313,0.2858844550327576,0.41929720071471116
1005,Bayern Munich,Hoffenheim,1,1,11.0,7.5,1.22,2.390062159927444,0.8704799983866389,0.01819814993089987,2.408260309858344,0.8886781483175388,2.47702924620703,0.8139870627222756,2.42782837528338,0.8832044119481794,2.4236646862997304,0.8859189660306501,0.11775968109214482,0.16808011578342485,0.7141602031244304,0.11855720664799159,0.16859238234018237,0.7128504110118261,0.11870277223521122,0.1706656032060592,0.7106316245587296,0.12064,0.17162,0.70774,0.10261096057000256,0.15971016361084706,0.7376788758191504,0.08708480060911775,0.12772437422670602,0.7851908251641764
1006,Köln,Mainz 05,1,1,2.7,3.4,2.55,1.2929128916662898,1.276100382930115,0.019844052120192017,1.3127569437864817,1.2959444350503069,1.3367015613484443,1.2703842048321279,1.313342664381748,1.2947540326963798,1.3110903015544932,1.2987334963377566,0.3639400097101422,0.26342192660486513,0.37263806368499264,0.36544591711700053,0.26332775386869656,0.37122632901430297,0.36316132702841236,0.2657583542328039,0.37108031873878367,0.3619,0.2668,0.3713,0.3528230178952644,0.2633226143617076,0.38385436774302817,0.35051546391752575,0.27835051546391754,0.3711340206185567
1007,Stuttgart,Dortmund,3,3,1.95,3.8,3.5,1.0669400927335877,1.7244928977222367,0.014181260668635324,1.081121353402223,1.738674158390872,1.0968712748583553,1.7404380501921635,1.0837991895343513,1.7497010137676678,1.0819404902984855,1.7550787699991492,0.5296756065097722,0.2357563193247421,0.23456807416548542,0.5313821421609979,0.2352741866742401,0.23334367116476207,0.5277048058337004,0.23801769479357718,0.2342774993727227,0.5239,0.23994,0.23616,0.5244007773113352,0.23657707991844165,0.23902214277022338,0.483021608861449,0.24786635191574355,0.2691120392228073
1008,RB Leipzig,Augsburg,3,2,10.0,6.5,1.25,2.2698376018990825,0.7189994040358958,0.028652030725268337,2.2984896326243507,0.7476514347611641,2.3398802803912955,0.7573622724942384,2.3057041066007526,0.7295095200459254,2.301749858892824,0.7317516884715493,0.10130050865551869,0.16997539106615894,0.7287241002783222,0.10197597944294753,0.1704983048364776,0.7275257157205748,0.10217213001580318,0.17277623180121499,0.7250516381829819,0.10386,0.17192,0.72422,0.10346779494166837,0.16850859870135382,0.7280236063569778,0.09489051094890512,0.14598540145985403,0.759124087591241
1009,Eint Frankfurt,Gladbach,1,1,4.33,4.2,1.73,1.7777197912695992,1.0712924805265285,0.018109254664681176,1.7958290459342805,1.0894017351912098,1.7952439922164474,1.0093092773036143,1.8058101688360284,1.0869523102674221,1.8027132316789005,1.0902930893570317,0.22720231958394954,0.23077945127337143,0.5420182291426788,0.2284150293577787,0.23107078379043233,0.5405141868517892,0.22757677755323752,0.23321232534327938,0.5392108971034832,0.22824,0.23216,0.5396,0.21073812912755782,0.23112679149391657,0.5581350793785254,0.22056345980469233,0.22739042403674234,0.5520461161585652
1010,Werder Bremen,Freiburg,1,2,2.55,3.5,2.7,1.2877304088489367,1.312074259103113,0.018875606914659213,1.306606015763596,1.330949866017772,1.3138563137908421,1.3405698447923688,1.30807829132512,1.3312537641201418,1.3058349568181224,1.335345410732533,0.37459759038204177,0.2615927399733308,0.36380966964462735,0.37612956644515494,0.26147324525762117,0.3623971882972238,0.3737522728551245,0.2639022474663,0.36234547967857567,0.377,0.26298,0.36002,0.37584230944901725,0.26071910062824977,0.3634385899227329,0.37410926365795727,0.2725653206650831,0.3533254156769596
1011,Union Berlin,Bochum,1,1,6.0,3.8,1.6,1.858209909517829,0.9238845487013843,0.02289946765281183,1.8811093771706409,0.9467840163541961,1.8640031244325923,0.9172909704518227,1.8875721398380292,0.9373896138408271,1.884334982135904,0.9402707076948584,0.1825871571930985,0.22088774870028782,0.5965250941066136,0.1836187125744264,0.22127736028096404,0.5951039271446097,0.18317098655827843,0.22351002146265472,0.5933189919790668,0.17992,0.225,0.59508,0.18099305547026262,0.22276931636640376,0.5962376281633336,0.15800415800415799,0.24948024948024947,0.5925155925155925
1012,Wolfsburg,Leverkusen,0,0,2.4,3.6,2.75,1.2577502615726095,1.40809111654744,0.016933094699047236,1.2746833562716566,1.425024211246487,1.293266710361368,1.4240702686345224,1.277624417165273,1.4286741669707568,1.2754333105923583,1.4330652379844493,0.40625002445380115,0.25697841343895705,0.3367715621072417,0.40784602199168796,0.25678202570616104,0.3353719523021509,0.4051881500359824,0.2592353017491585,0.33557654821485894,0.40694,0.25854,0.33452,0.4017426897924283,0.25658707556276594,0.3416702346448057,0.39379474940334136,0.2625298329355609,0.3436754176610979
1013,Augsburg,Stuttgart,1,1,2.15,3.6,3.2,1.2189222456083193,1.4410154557184918,0.016886376418716972,1.2358086220270363,1.4579018321372088,1.2338083101453312,1.4448394353236618,1.2381828660229708,1.462079784182234,1.2360594011143766,1.466573528318198,0.4233406631320323,0.25628871566922756,0.32037062119874016,0.4249560050075152,0.25604724831932896,0.31899674667315536,0.42213466745042577,0.25854995614608445,0.31931537640348984,0.41994,0.2607,0.31936,0.41986501650619695,0.2576882550683091,0.32244672842549404,0.4407039020657995,0.2631981637337414,0.29609793420045905
1014,Mainz 05,Bayern Munich,3,1,1.57,4.5,5.25,1.0208910156142232,1.9263351026946798,0.012081802434581774,1.032972818048805,1.9384169051292615,1.0033848733612831,1.946449919104775,1.037022474702215,1.9544936870966532,1.0352439968255773,1.9605008794812206,0.5871412014331288,0.21676182762848656,0.19609697093838463,0.5888639150873434,0.2161791825093726,0.19495690240328423,0.5848491337289278,0.21901127556974692,0.19613959070132525,0.58582,0.2209,0.19328,0.5934214917738438,0.21676957017566573,0.1898089380504906,0.6068194952802928,0.2117125794644577,0.18146792525524946
1015,Bochum,Wolfsburg,1,5,2.3,3.5,3.0,1.2494111087950395,1.4393827761665392,0.016354965870632485,1.265766074665672,1.4557377420371718,1.2472969596193901,1.4175406570144722,1.2691534944927756,1.4604232386139788,1.2669769154242643,1.4649118913096442,0.41619761267498967,0.25520266150268806,0.3285997258223222,0.41781211128882123,0.2549827565521643,0.3272051321590147,0.41506876859586767,0.2574447440786386,0.3274864873254937,0.41466,0.25934,0.326,0.4098850248623096,0.2590489875195557,0.33106598761813455,0.41257367387033406,0.27111984282907664,0.3163064833005894
1016,Hertha BSC,Werder Bremen,2,4,3.1,3.5,2.25,1.294755648770101,1.1346048061298157,0.025052637590476594,1.3198082863605776,1.1596574437202922,1.3688280304681406,1.213346812112418,1.3152145395406452,1.1511901163136975,1.3129589664757733,1.154728332141952,0.32518970959147747,0.27107507653852414,0.4037352138699982,0.32658453133378196,0.2710706696816781,0.4023447989845401,0.3246284274991382,0.273546556888008,0.4018250156128539,0.32642,0.27462,0.39896,0.33149241917770367,0.26401827093502794,0.4044893098872683,0.306420233463035,0.2714007782101167,0.42217898832684825
1017,Hoffenheim,Köln,1,3,3.2,3.5,2.2,1.4420262317222423,1.1265497540746245,0.021887431951260673,1.463913663673503,1.1484371860258853,1.4588721260849198,1.1840280259527851,1.4648121969281782,1.1430173179417615,1.4623000661410286,1.1465304144398976,0.2953321951297316,0.2594120309551774,0.44525577391509086,0.29669005624108097,0.25950399810754443,0.44380594565137454,0.2950926024208453,0.2618392686891571,0.4430681288899976,0.29474,0.26444,0.44082,0.30701817933145803,0.2585059409064858,0.43447587976205626,0.2968388589051658,0.27139552814186585,0.4317656129529684
1018,Dortmund,Eint Frankfurt,4,0,4.75,4.5,1.62,2.010826268095983,1.0386057453727973,0.01624222959668004,2.027068497692663,1.0548479749694772,2.0523967007544104,0.9879139999729732,2.042600043338126,1.053787770296988,2.039097015123681,1.057026617222138,0.18878838720094016,0.20926201055724558,0.6019496022418144,0.18989158643519422,0.20965203430500098,0.6004563792598046,0.18945260257745733,0.2117128903533314,0.5988345070692114,0.19096,0.20986,0.59918,0.17393836929640658,0.2065242933831139,0.6195373373204796,0.2004950495049505,0.21163366336633663,0.5878712871287128
1019,Freiburg,Schalke 04,4,0,4.5,3.75,1.8,1.7534183354174608,0.951291369102616,0.023408581336468583,1.7768269167539295,0.9746999504390846,1.7876991102866995,0.9522957865771092,1.7811247171068947,0.9651970588604746,1.778070115126531,0.9681636196940409,0.2024210780014654,0.23197553890275838,0.5656033830957761,0.20351623617543207,0.2323162352099512,0.5641675286146169,0.2028689843363348,0.23457353986541535,0.5625574757982501,0.20572,0.23198,0.5623,0.19856655174079846,0.2311407691193361,0.5702926791398657,0.21276595744680848,0.2553191489361702,0.5319148936170213
1020,Leverkusen,RB Leipzig,2,0,2.63,3.6,2.5,1.3544785478248205,1.322285865434975,0.017327943143442135,1.3718064909682626,1.339613808578417,1.4186419788787479,1.3457847858667453,1.3758811411923924,1.3416146406274647,1.373521525822247,1.3457381316908579,0.36354084524001257,0.2571711841614511,0.37928797059853636,0.36507306877689694,0.2570894746681845,0.3778374565549183,0.36283377375485504,0.2594396981211212,0.3777265281240234,0.36438,0.25964,0.37598,0.35614542574405195,0.25448519353948446,0.38936938071646365,0.35938186319530413,0.26254841672323603,0.37806972008145995
1021,Gladbach,Union Berlin,0,1,3.1,3.3,2.38,1.4062990511273492,1.064127727811024,0.025398600657412757,1.431697651784762,1.0895263284684367,1.3831683926363554,1.139701682634255,1.4285204785488586,1.0796828253618762,1.4260705875104291,1.0830012614812052,0.28514689526189785,0.26455060911969047,0.4503024956184116,0.2864556734716629,0.2646601267694836,0.44888419975885363,0.2849219182869929,0.2670632269302194,0.4480148547827877,0.28856,0.2645,0.44694,0.3092590038162677,0.26619206027468706,0.4245489359090454,0.30845966538370906,0.28976514020893884,0.40177519440735215
1022,Bochum,Dortmund,1,1,1.44,5.25,6.0,0.9330581657569167,2.08582678463306,0.011673284557108038,0.9447314503140247,2.097500069190168,0.8926577428040584,2.0930981343206967,0.9478017469986113,2.116316770243988,0.9461762813220266,2.1228213305142374,0.6420309359881995,0.19921824518466427,0.15875081882713626,0.6437100064378977,0.19855152467537085,0.1577384688867315,0.6394321534465134,0.2015218315673683,0.15904601498611826,0.64234,0.2008,0.15686,0.6505748562437672,0.1992366831947825,0.15018846056145008,0.660377358490566,0.1811320754716981,0.15849056603773584
1023,Köln,Freiburg,0,1,3.0,3.25,2.4,1.2644891555006583,1.164063094876965,0.024593945243430348,1.2890831007440886,1.1886570401203953,1.292312397065202,1.1657051143459387,1.2844697947336283,1.1810790174235992,1.2822669484416047,1.1847090976463595,0.3393183846621083,0.27181037173449646,0.38887124360339476,0.3407424469858866,0.27176711928470765,0.38749043372940517,0.33864339779219144,0.27426511234754053,0.3870914898602682,0.3379,0.27782,0.38428,0.33358967552093904,0.272074696877906,0.3943356276011549,0.3151515151515151,0.2909090909090909,0.393939393939394
1024,Stuttgart,Gladbach,2,1,4.2,4.0,1.8,1.7492319214773437,1.102083809439205,0.01749894622642902,1.7667308677037727,1.119582755665634,1.74093750772458,1.0476813381677634,1.7768721521632254,1.1181937375211524,1.773824843267492,1.121630538033149,0.23864298808327142,0.23340334994650963,0.527953661970219,0.23989537906697017,0.2336667582946914,0.5264378626383385,0.23894839302473467,0.235801287631788,0.5252503193434778,0.24414,0.23208,0.52378,0.22731337499791557,0.23648398357997322,0.5362026414221112,0.22813688212927755,0.23954372623574144,0.532319391634981
1025,RB Leipzig,Hoffenheim,1,0,6.5,5.0,1.44,2.140150240196982,0.8860652402359999,0.02046894871514742,2.1606191889121296,0.9065341889511472,2.1683872726132645,0.8139114953602916,2.173967509145247,0.8990174741531092,2.17023918771166,0.9017806301356429,0.14332806872475268,0.191804682451444,0.6648672488238033,0.14422462898669156,0.19227833309831358,0.6634970379149948,0.1441533130136758,0.19443087030267547,0.6614158166836487,0.14266,0.19524,0.6621,0.12767714964118398,0.18822992096678015,0.6840929293920359,0.14675907052588666,0.19078679168365267,0.6624541377904606
1026,Union Berlin,Leverkusen,0,0,2.45,3.4,2.8,1.2497896513784073,1.485200721614591,0.015354991871968506,1.2651446432503757,1.5005557134865595,1.2919778208697628,1.4770759205312163,1.2695380185610456,1.5069109369426272,1.2673607800395668,1.511542470911954,0.427904057679767,0.25200487445521913,0.3200910678650136,0.42954394574793725,0.2517595717937544,0.31869648245830795,0.42670836620282476,0.2542194255643238,0.31907220823285154,0.42538,0.25636,0.31826,0.4155280689312783,0.2531890159680811,0.3312829151006408,0.38526912181303113,0.2776203966005666,0.3371104815864023
1027,Eint Frankfurt,Augsburg,1,1,5.5,4.5,1.53,1.9292269683848247,0.861002694247733,0.025030810949794507,1.9542577793346192,0.8860335051975275,1.943984262442068,0.8929673296602662,1.9597113643056037,0.8735885714413668,1.9563504889234058,0.8762735709623442,0.16043219068514228,0.21175016770566357,0.6278176416091942,0.16137144462221212,0.21218504053523557,0.6264435148425522,0.16111321823880165,0.21445230689409425,0.6244344748671042,0.16006,0.21344,0.6265,0.1663097795613064,0.21399172805032468,0.6196984923883688,0.17191011235955056,0.21011235955056176,0.6179775280898876
1028,Schalke 04,Werder Bremen,2,1,3.1,3.5,2.25,1.301826115012797,1.1294002211676957,0.025093931303917242,1.3269200463167143,1.154494152471613,1.371906834981143,1.2047107092572256,1.3223967287147633,1.1459094523014017,1.3201288383039673,1.1494314378574126,0.32237760918276903,0.27077508544178025,0.4068473053754502,0.3237667646052754,0.27077861171983464,0.40545462367488994,0.3218399277687814,0.27324913851792815,0.4049109337132907,0.32046,0.27046,0.40908,0.32862125704913075,0.2641995813627806,0.40717916158808853,0.306420233463035,0.2714007782101167,0.42217898832684825
1029,Bayern Munich,Hertha BSC,2,0,19.0,10.0,1.11,2.9094993225592796,0.7027476746901556,0.02126004664848103,2.9307593692077605,0.7240077213386367,3.0614226320944273,0.6850401378974781,2.9554733477691757,0.7130202278318037,2.9504047556294455,0.7152117159450432,0.060857711617651945,0.1151932745160515,0.8239490138662965,0.06134169615273118,0.11570741737271809,0.8229508864745507,0.06176780182317927,0.11768659049896504,0.8205456076778557,0.0609,0.1192,0.8199,0.05323377949858181,0.10595825319413012,0.840807967307288,0.049957243800351055,0.094918763220667,0.8551239929789819
1030,Wolfsburg,Mainz 05,3,0,3.1,3.5,2.2,1.4309006012060566,1.1032039918812562,0.02306992508419556,1.453970526290252,1.1262739169654516,1.4467227048575768,1.1956791708247174,1.4535107663993028,1.1193302944516277,1.4510180173947664,1.1227705882039365,0.2911675650504587,0.2611102014907607,0.4477222334587806,0.2925067542518674,0.2612099741059013,0.446283271642231,0.29093793595976175,0.26356792528615985,0.4454941387540784,0.28958,0.2629,0.44752,0.312247674875334,0.2590133754584644,0.4287389496662014,0.303508080409933,0.26882144264879776,0.4276704769412692
1031,Leverkusen,Köln,1,2,5.0,4.0,1.67,1.8257541200493899,0.9135141237165904,0.02400142538372326,1.8497555454331132,0.9375155491003136,1.8524136028595206,0.9686188414621976,1.854603504990435,0.9268675971174981,1.8514228879989787,0.9297163512514536,0.18428132432549457,0.2239415472035239,0.5917771284709816,0.18531225343233573,0.22432511314721854,0.5903626334204457,0.18483800885860552,0.22658383606596477,0.5885781550754299,0.18486,0.2251,0.59004,0.1939285125794995,0.22501600134367797,0.5810554860768224,0.19069369112189552,0.2383671139023694,0.5709391949757351
1032,Mainz 05,Schalke 04,2,3,5.25,4.0,1.62,1.8087348662189733,0.9169739223889491,0.024131883137087383,1.8328667493560606,0.9411058055260365,1.8299212989684377,0.9217939008143214,1.837315323926186,0.930377970081315,1.8341643559040626,0.9332375134472206,0.18721375226735493,0.22576142038651642,0.5870248273461287,0.1882540032117633,0.22613779926163388,0.5856081975266029,0.18775005592458416,0.22840124580494361,0.5838486982704723,0.18396,0.22972,0.58632,0.18619518415855535,0.22633242356369537,0.5874723922777494,0.18007503126302626,0.236348478532722,0.5835764902042518
1033,Hoffenheim,Eint Frankfurt,3,1,2.9,3.6,2.3,1.3952709441846518,1.2570050326280944,0.01840188820716265,1.4136728323918144,1.275406920835257,1.3962956830884399,1.2734878547339363,1.4173181125978604,1.2753795523341673,1.41488743344779,1.2792994679546652,0.3383661730674121,0.2578281545356619,0.4038056723969261,0.339843527151771,0.2578119172843391,0.4023445555638898,0.3378452585072353,0.2601362569362491,0.40201848455651523,0.33356,0.26052,0.40592,0.3419282224370588,0.2592993477667801,0.398772429796161,0.32611264277274515,0.26270185112248917,0.4111855061047657
1034,Hertha BSC,Stuttgart,2,1,2.25,3.5,3.1,1.2213089438174374,1.4231456851159325,0.017266229945462244,1.2385751737628996,1.4404119150613948,1.2461903634053777,1.4313754903444296,1.2406072772924714,1.4439487986731654,1.2384796545551786,1.448386816705334,0.41815464731063323,0.25748114100090436,0.3243642116884623,0.4197599714531023,0.25725140989185075,0.322988618655047,0.41698116135522245,0.259751778169958,0.32326706047481935,0.4194,0.25962,0.32098,0.4137017569415385,0.2581352307143183,0.328163012344143,0.42217898832684825,0.2714007782101167,0.306420233463035
1035,Freiburg,RB Leipzig,0,1,1.85,3.75,4.0,1.1179830436343954,1.7940048492828733,0.012281747585705891,1.1302647912201014,1.8062865968685793,1.0845735155664027,1.750907800775898,1.1356486881092918,1.8202290700300399,1.1337010677667194,1.825823596264553,0.5339186474487916,0.2297384978768745,0.2363428546743337,0.5356560712985341,0.22925882954523333,0.23508509915623255,0.5319891806483464,0.2319285416553329,0.2360822776963204,0.53534,0.22966,0.235,0.529776825137483,0.23564947065338637,0.23457370420913048,0.5112910097997443,0.25223689816787387,0.23647209203238176
1036,Gladbach,Bochum,2,0,4.0,3.8,1.85,1.7535234103527668,1.009193934271953,0.02079777486088406,1.774321185213651,1.029991709132837,1.7501168422957738,1.0270791284027274,1.781231452368322,1.0239460262295796,1.7781766673385975,1.0270931536987462,0.2160544043700583,0.23259187237639256,0.5513537232535494,0.21721072504260852,0.23290430694935146,0.5498849680080401,0.21645387782539804,0.2351088622702778,0.5484372599043242,0.21744,0.23414,0.54842,0.2211409396662162,0.2355429697141875,0.5433160906195962,0.23725953425582186,0.249746878164023,0.5129935875801553
1037,Augsburg,Union Berlin,1,0,2.2,3.25,3.4,1.1898453546751464,1.3120104905738077,0.021063600098232715,1.2109089547733791,1.3330740906720404,1.1944674640788229,1.3588371377770008,1.2086465208784076,1.3311890634417458,1.2065737103554974,1.335280511194747,0.3955127430731993,0.2669450623189463,0.3375421946078545,0.39705151466093197,0.2667585348670935,0.3361899504719743,0.39442901447400613,0.2693131450559663,0.33625784047002727,0.3959,0.2687,0.3354,0.4059497982740687,0.2656393099226804,0.3284108918032508,0.43029595015576316,0.29127725856697817,0.27842679127725856
1038,Werder Bremen,Bayern Munich,1,2,1.3,6.0,8.5,0.8790141760631053,2.30335766354633,0.010397847645098853,0.8894120237082042,2.3137555111914287,0.8758639132965813,2.3926634740457198,0.8929037891579913,2.3370274498084256,0.8913724726496973,2.344210370680311,0.696315889079651,0.1765811365907512,0.12710297432959772,0.6979320084316751,0.17586122787098943,0.12620676369733552,0.6935264546377786,0.17888210927301035,0.12759143608921097,0.69458,0.17718,0.12824,0.709856628357915,0.17073662271033146,0.11940674893175351,0.730136005726557,0.15819613457408735,0.11166785969935578
1039,Dortmund,Wolfsburg,6,0,5.75,5.25,1.44,2.1990325454706627,0.8631634596641277,0.020773173527040945,2.2198057189977036,0.8839366331911687,2.2501367195605892,0.8316896622623126,2.2337802344970763,0.8757809222736455,2.2299493351431696,0.8784726600477627,0.13327040824643716,0.18511206022978263,0.68161753152378,0.13412274265296845,0.18560164841379512,0.6802756089332366,0.1341315014137279,0.1877545301479489,0.6781139684383232,0.1346,0.18726,0.67814,0.1237286809101934,0.1812993686606719,0.6949719504291347,0.1642496333713541,0.17989245559719735,0.6558579110314486
1040,Köln,Hertha BSC,5,2,4.0,3.75,1.85,1.7255517031935594,1.0242539839996283,0.020645740486037532,1.746197443679597,1.044899724485666,1.7207567691759218,1.0128869473203268,1.7528177543964236,1.0392262192130994,1.749811698429443,1.042420310793499,0.22361792151959706,0.23535030107399793,0.5410317774064051,0.2247986004176444,0.23564360783324015,0.5395577917491156,0.22396674479804118,0.23785068802548903,0.5381825671764697,0.22578,0.2383,0.53592,0.2219455513930536,0.23826684219548655,0.53978760641146,0.23647209203238181,0.2522368981678739,0.5112910097997444
1041,Eint Frankfurt,Mainz 05,3,0,3.3,3.6,2.1,1.510040865404126,1.0622138544443103,0.023095585243534743,1.5331364506476608,1.085309439687845,1.4999238862060411,1.1835387473334642,1.5339015538310945,1.0777409755726512,1.5312709358406678,1.0810534433609784,0.2666910491282554,0.2551671433585754,0.47814180751316937,0.26797195920762445,0.25533613851117437,0.4766919022812014,0.26666254115619936,0.25765488534547387,0.47568257349832677,0.266,0.26176,0.47224,0.2995327062915016,0.25533465164644104,0.4451326420620575,0.28668941979522183,0.26279863481228666,0.4505119453924914
1042,Wolfsburg,Hoffenheim,2,1,3.8,3.75,1.91,1.6361962009873479,1.13720510992836,0.018029173803358396,1.6542253747907063,1.1552342837317184,1.6255132791612412,1.112947806084059,1.662050314376988,1.1538284305673696,1.6591999231983139,1.157374755330126,0.26478164864903275,0.2429052707000377,0.4923130806509295,0.2661007314762836,0.24309647120041136,0.490802797323305,0.26487680394320107,0.24527688879288045,0.48984630726391865,0.26808,0.24318,0.48874,0.2606268940678979,0.2465094641793229,0.4928636417527791,0.24982124483353968,0.25315219476465356,0.49702656040180676
1043,Union Berlin,Freiburg,4,2,3.5,3.2,2.2,1.333049803338495,1.1246819494559455,0.024487123075682966,1.357536926414178,1.1491690725316284,1.3513536222358067,1.1426936529341563,1.3541137935547989,1.1411222103196081,1.351791508856988,1.144629482150133,0.3150617581584164,0.2684748294549578,0.41646341238662565,0.31644099151486765,0.26850142673611305,0.4150575817490192,0.3145997577144285,0.27094124549465426,0.41445899679091747,0.3124,0.2718,0.4158,0.31600369560890873,0.26862479538045003,0.4153715090106411,0.27139552814186585,0.2968388589051658,0.4317656129529684
1044,Bochum,Augsburg,3,2,3.3,3.6,2.1,1.389405987883551,1.0455640623394478,0.026752893193937782,1.4161588810774888,1.0723169555333856,1.4131243943898457,1.1540290087533749,1.4113604820532046,1.0608478018382872,1.4089400201495097,1.0641083479727977,0.28315604281311657,0.26671309203679405,0.45013086515008927,0.2844513873330193,0.266824250525899,0.4487243621410819,0.2829228324858794,0.26925437120082535,0.44782279631329536,0.2843,0.26236,0.45334,0.3075325442715541,0.2632071689817869,0.4292602867466594,0.28668941979522183,0.26279863481228666,0.4505119453924914
1045,Bayern Munich,Schalke 04,6,0,17.0,10.0,1.13,2.77453425340272,0.7099181293133173,0.022250425528988035,2.7967846789317083,0.7321685548423054,2.9592293791713917,0.6971623059001069,2.818375647941852,0.7202954979937699,2.8135421762860346,0.7225093468584414,0.06831558773896343,0.1256427692673713,0.8060416429936652,0.06884021254292913,0.1261663228650253,0.8049934645920456,0.06923950314214321,0.12820884709442754,0.8025516497634293,0.07016,0.127,0.80284,0.05887402228248278,0.11376752875274825,0.827358448964769,0.0563562914567852,0.09580569547653485,0.84783801306668
1046,Dortmund,Gladbach,5,2,10.0,6.5,1.25,2.327597871115519,0.7526493298686061,0.02525229462012903,2.3528501657356484,0.7779016244887351,2.3510175822750554,0.7653636752444625,2.364377066207765,0.7636513303256123,2.3603221952605495,0.7659984345840104,0.10269461760759306,0.16662764369635205,0.730677738696055,0.10338820831628523,0.16715049853496117,0.7294612931487535,0.10359314839406425,0.1693651763875623,0.7270416752183734,0.10348,0.16772,0.7288,0.10397854824502349,0.16797302750507878,0.7280484242498977,0.09489051094890512,0.14598540145985403,0.759124087591241
1047,Stuttgart,Leverkusen,1,1,2.75,3.4,2.5,1.2405673673005946,1.3297958759159154,0.019351216857741913,1.2599185841583365,1.3491470927736573,1.3071542917250447,1.3505820197350025,1.2601700099190791,1.3492344301721264,1.258008837390888,1.353381340877152,0.38930250130199195,0.2630477616671578,0.34764973703085056,0.3908500739561027,0.26288569484201807,0.34626423120187944,0.3883172534156232,0.2653702684853909,0.3463124780989859,0.39188,0.26408,0.34404,0.37983361598612086,0.26048527272593647,0.3596811112879429,0.3437815975733064,0.27805864509605666,0.37815975733063706
1048,RB Leipzig,Werder Bremen,2,1,10.0,6.5,1.25,2.3115656130450173,0.710830805406845,0.02858342630828251,2.3401490393533,0.7394142317151274,2.331899190179355,0.7531966973811022,2.348091476771626,0.7212215153106264,2.3440645353642484,0.723438210316071,0.09683392185733485,0.16540446851954704,0.7377616096231181,0.09748834293205122,0.1659306346497976,0.7365810224181512,0.09771405915973043,0.16819774964228418,0.7340881911979855,0.09866,0.16858,0.73276,0.1033629673243999,0.16899476163746754,0.7276422710381327,0.09489051094890512,0.14598540145985403,0.759124087591241
1049,Freiburg,Wolfsburg,2,0,3.4,3.8,2.0,1.5603995805360718,1.1835222538240735,0.017776764522863843,1.5781763450589357,1.2012990183469374,1.54851429166277,1.2364758934124433,1.5850560047864044,1.200822624475732,1.5823376576854378,1.204513387240836,0.2890681023511158,0.2482559688407346,0.4626759288081497,0.29044962641820493,0.24838089293857224,0.46116948064322294,0.2889756123352295,0.25058969551510896,0.4604346921496616,0.28844,0.24986,0.4617,0.3043048654887341,0.2500931797364369,0.4456019547748289,0.2781844802342606,0.24890190336749632,0.47291361639824303
1050,Schalke 04,Eint Frankfurt,2,2,2.25,3.6,3.0,1.1728444724969738,1.5910374451285691,0.014611991043324607,1.1874564635402984,1.6056494361718938,1.1894627314236172,1.5150071110923564,1.191377001763361,1.614294749697583,1.1893338082048228,1.619256330894213,0.47204072829034527,0.24617124057776235,0.2817880311318923,0.4737250795917897,0.2458187694642043,0.2804561509440059,0.4705046311310454,0.24838856042298538,0.2811068084459689,0.47386,0.24728,0.27886,0.4476427053029643,0.2539833521661359,0.29837394253089977,0.42105263157894735,0.2631578947368421,0.3157894736842105
1051,Werder Bremen,Köln,1,1,2.55,3.6,2.6,1.3272090428641228,1.306752730513373,0.018249612649828318,1.3454586555139512,1.3250023431632014,1.355746633772494,1.306626952018468,1.3481807411636657,1.3258544470336175,1.3458686315610682,1.3299294986901395,0.36502638030581874,0.2596139450605436,0.37535967463363795,0.36655055856140983,0.25952382182826017,0.3739256196103301,0.36428071312443316,0.2619078470613136,0.37381143981425335,0.3612,0.2613,0.3775,0.358511421999329,0.2602012419660342,0.3812873360346367,0.3718712753277712,0.2634088200238379,0.3647199046483909
1052,Hertha BSC,Bochum,1,1,3.1,3.6,2.2,1.3740395340733067,1.1047229844074167,0.024336596255869074,1.3983761303291757,1.1290595806632857,1.4054315645732622,1.1819320652705656,1.3957512174853222,1.1208714911515034,1.3933575252345343,1.124316521816057,0.3019370891884097,0.2659129864586959,0.43214992435289434,0.3032903623154532,0.2659777545989629,0.43073188308558386,0.30159068045146953,0.2683870323970736,0.43002228715145696,0.3025,0.26976,0.42774,0.31629154394050435,0.26269309315610395,0.4210153629033919,0.30579150579150577,0.2633204633204633,0.43088803088803085
1053,Hoffenheim,Union Berlin,4,2,2.8,3.4,2.5,1.4492911089436504,1.1919565318803784,0.01941555030284545,1.468706659246496,1.211372082183224,1.427363581186829,1.2449167484326151,1.4721918690374678,1.209380192259866,1.4696670822241438,1.2130972569549083,0.311128992199685,0.25660244361799756,0.4322685641823176,0.31254284166804286,0.2566588409954183,0.4307983173365386,0.31081343935873423,0.2589559452467214,0.4302306153945441,0.30976,0.25842,0.43182,0.3285906607241552,0.258468220349358,0.4129411189264869,0.33972821742605913,0.2797761790567546,0.38049560351718625
1054,Bayern Munich,RB Leipzig,1,3,5.5,5.0,1.5,2.155379557386658,0.9989373547705209,0.01594711305541014,2.171326670442068,1.014884467825931,2.248070250485965,0.9269448366935924,2.1894374701484405,1.0135395191484848,2.185682617965455,1.0166546619197727,0.1639007291098582,0.19506801868652512,0.6410312522036166,0.16491295032605285,0.19551114325994226,0.639575906414005,0.16470510257159818,0.19755151616744393,0.6377433812609579,0.1635,0.19802,0.63848,0.14142884502757655,0.18624915622682492,0.6723219987455985,0.17341040462427748,0.19075144508670525,0.6358381502890174
1055,Mainz 05,Stuttgart,1,4,2.7,3.5,2.5,1.321684356803282,1.240294372345429,0.0203752005624132,1.342059557365695,1.260669572907842,1.3855335217866582,1.2725960307734707,1.3425687575893768,1.2584246206693712,1.3402662724538226,1.2622924248212828,0.3485073120824048,0.2635767263473681,0.3879159615702269,0.3499828243064396,0.26352357667615245,0.3864935990174081,0.34784878467678443,0.26593092373253086,0.3862202915906847,0.34886,0.26582,0.38532,0.3437859726468856,0.26004707757760903,0.3961669497755054,0.3507014028056112,0.2705410821643286,0.3787575150300601
1056,Augsburg,Dortmund,0,3,1.36,5.5,7.0,0.8830602855124189,2.2626104028091154,0.010707354875437641,0.8937676403878565,2.273317757684553,0.8495178489758597,2.264798058285216,0.8970138326101014,2.295684557927381,0.8954754674393822,2.3027404102357276,0.6879894423041536,0.18050015413794923,0.131510403557897,0.6896155879931736,0.1797859800808875,0.130598431925939,0.6852187471977622,0.18280903138030563,0.1319722214219322,0.68454,0.1828,0.13266,0.6934466947235101,0.18087622488001315,0.12567708039647663,0.6936936936936937,0.17153153153153156,0.13477477477477479
1057,Leverkusen,Gladbach,2,2,5.75,5.25,1.45,2.147094082610954,0.8249754577407115,0.023506878239426206,2.1706009608503805,0.8484823359801377,2.15938505529336,0.8332926806707271,2.181021073662853,0.8370346996783435,2.1772806554726847,0.8396073498264214,0.13088174617398948,0.18817989848277372,0.6809383553432367,0.13170983041297904,0.1886704381452178,0.6796197314418032,0.13171780208136033,0.19088444995729242,0.6773977479613473,0.1322,0.19254,0.67526,0.13216527105130116,0.19009357681164124,0.6777411521370577,0.16499593606068813,0.18070983473313462,0.6542942292061772
1058,RB Leipzig,Schalke 04,4,2,4.75,4.5,1.6,2.00658396739856,0.9012630137250346,0.021632927601785343,2.0282168950003454,0.92289594132682,2.021907373201845,0.9435123923971953,2.038290708550783,0.9144374041023124,2.0347950707803917,0.9172479536816498,0.16037490131564097,0.20538934595039873,0.6342357527339603,0.16133257529398373,0.20582944023983282,0.6328379844661833,0.1611031816052088,0.20802008052186302,0.6308767378729281,0.16022,0.20946,0.63032,0.16819260375936518,0.20797034498447176,0.6238370512561632,0.1990324809951624,0.21008984105044923,0.5908776779543885
1059,Bochum,Leverkusen,3,0,2.0,4.0,3.25,1.1023624246027932,1.7998408856683996,0.01244254160186468,1.114804966204658,1.8122834272702644,1.124636448509962,1.742082330710394,1.119781242165724,1.8261504158318278,1.1178608342532173,1.8317631414924336,0.538979582112424,0.22917304658323973,0.2318473713043363,0.5407136944756082,0.22868169228515245,0.23060461323923898,0.5370063968847409,0.23137595028861432,0.23161765282664526,0.54072,0.23022,0.22906,0.5182749606658043,0.23638297634564054,0.24534206298855543,0.4727272727272727,0.23636363636363636,0.2909090909090909
1060,Union Berlin,Werder Bremen,1,0,7.0,4.75,1.44,1.9111110783870509,0.9039754062792117,0.023006466960925388,1.9341175453479762,0.926981873240137,1.9774184353464783,0.8632804859738084,1.9413092187390455,0.9171894455911744,1.937979902758472,0.9200084536489316,0.17181123139557128,0.21500581078925268,0.613182957815176,0.17280363984310373,0.21541953631200844,0.6117768238448877,0.17245719276015148,0.2176485326995048,0.6098942745403437,0.1721,0.21684,0.61106,0.15633563572171072,0.20957626071954083,0.6340881035587485,0.13633645604943193,0.20091688259916285,0.6627466613514053
1061,Eint Frankfurt,Freiburg,2,1,2.7,3.75,2.4,1.514621326890547,1.2620609958659406,0.016291798567725054,1.5309131254582722,1.2783527944336657,1.4968432124109352,1.3168817695291282,1.5385543928053593,1.2805094221147366,1.5359157952663873,1.2844451045370837,0.3170854911719787,0.24946008750142573,0.4334544213265956,0.3185452514447993,0.2495129763034496,0.43194177225175134,0.31680168856367336,0.2517247627194087,0.4314735487169178,0.32074,0.24968,0.42958,0.33386058964708737,0.2509420561576479,0.41519735419526493,0.35149384885764495,0.25307557117750434,0.3954305799648506
1062,Dortmund,Mainz 05,2,2,15.0,8.5,1.14,2.7338506116180996,0.7219397154369855,0.021960638908012475,2.7558112505261123,0.743900354344998,2.748816046756645,0.673791164438103,2.777049149581004,0.7324928120305283,2.772286552245509,0.7347441496896008,0.07201848667018947,0.12965420905097488,0.7983273042788357,0.07256503508808582,0.13018063299530444,0.7972543319166099,0.07295168044490534,0.13223452668996472,0.79481379286513,0.07066,0.13198,0.79736,0.06592192448167006,0.12751491446889895,0.8065631610494309,0.06280381100524984,0.11083025471514679,0.8263659342796034
1063,Gladbach,Augsburg,2,0,3.0,3.8,2.2,1.483888720014951,1.0904725805155164,0.022451218378755276,1.5063399383937064,1.1129237988942717,1.5197174227444805,1.1993456906820537,1.5073361691666627,1.106412779161915,1.5047511104095819,1.1098133705606228,0.2784887406453255,0.2568686093876571,0.46464264996701743,0.27980334186168876,0.25700641220500103,0.4631902459333104,0.2783770005403034,0.25932729445519737,0.4622957050044988,0.2809,0.25962,0.45948,0.30004930919487544,0.25332955610632857,0.44662113469879594,0.31714719271623676,0.2503793626707132,0.4324734446130501
1064,Stuttgart,Hoffenheim,1,1,5.0,4.75,1.57,1.840248039013966,0.9650687236575863,0.021271164385099895,1.8615192033990657,0.9863398880426862,1.8599548070352498,0.9484604501341893,1.86932644748174,0.9791758066208791,1.8661205808663472,0.9821853315364716,0.19414374545485868,0.22357473462676228,0.5822815199183791,0.19522556940010935,0.2239404512855178,0.5808339793143726,0.19468162177540255,0.2261412173740006,0.5791771608505969,0.19326,0.22716,0.57958,0.18845268269917653,0.22387504608784703,0.5876722712129765,0.19093643986430264,0.20098572617295013,0.6080778339627472
1065,Wolfsburg,Hertha BSC,1,2,8.0,5.25,1.36,2.1034711803622503,0.7769360070879767,0.027268580417537193,2.1307397607797873,0.8042045875055139,2.1175355506779128,0.8243222801044335,2.136708870546416,0.7882930228532584,2.1330444471151173,0.790715864060142,0.1256756669091188,0.19004310117866743,0.6842812319122137,0.12646539128119444,0.19053832158567965,0.6829962871331259,0.12648995224252998,0.19282534726830042,0.6806847004891695,0.12386,0.19246,0.68368,0.13435182533823514,0.19377768880823876,0.671870485853526,0.11896034655114963,0.18127290903032325,0.6997667444185273
1066,Köln,Bayern Munich,1,2,1.3,6.0,7.5,0.8746028997198446,2.2993168162381687,0.010507443541929026,0.8851103432617736,2.3098242597800978,0.8267167326049314,2.372200483347108,0.8884228086810192,2.332927534615438,0.886899176986544,2.3400978542804287,0.6966182997598047,0.17671197024645402,0.12666972999374115,0.6982318612987727,0.1759911892525053,0.12577694944872186,0.693823271390936,0.1790187316377813,0.12715799697128238,0.692,0.17906,0.12894,0.7175450039598532,0.16975370895083097,0.1127012870893157,0.7194244604316546,0.15587529976019185,0.12470023980815348
1067,Arsenal,Wolverhampton Wanderers,5,0,8.0,5.25,1.36,2.1208842436162287,0.8397152989387413,0.023078429986996496,2.1439626736032253,0.8627937289257378,2.1676031337086337,0.8465801935616893,2.1543970837558564,0.851990003420697,2.1507023253061397,0.8546086191236104,0.13619943317788907,0.19149006325035148,0.6723105035717594,0.13705211210882332,0.1919726289132925,0.6709752589778843,0.13701992587963588,0.19418147081751533,0.6687986033028488,0.13906,0.19456,0.66638,0.13392663214126585,0.18995062181200978,0.6761227460467243,0.11896034655114963,0.18127290903032325,0.6997667444185273
1068,Aston Villa,Brighton & Hove Albion,2,1,3.5,3.6,2.0,1.6216848067318737,1.0542236416732147,0.021239803077506156,1.6429246098093797,1.0754634447507208,1.599457198529813,1.160115726529129,1.6473096204615485,1.0696339642858719,1.644484509350235,1.072921514942573,0.2465570781373838,0.24501985041715266,0.5084230714454635,0.2477992879996161,0.2452502525419993,0.5069504594583847,0.246723937716679,0.24749609598321903,0.5057799663001018,0.24792,0.24608,0.506,0.2765403715443465,0.24795551209150013,0.47550411636415346,0.26865671641791045,0.2611940298507463,0.4701492537313433
1069,Brentford,Manchester City,1,0,1.83,4.0,3.8,1.184733745727376,1.6890465912014536,0.012785436235623518,1.1975191819629996,1.701832027437077,1.1804525970101132,1.784526567123652,1.2034541415943785,1.7137365638498676,1.2013902359234931,1.7190037823133901,0.49337770996786257,0.2381713933455297,0.2684508966866077,0.495100718530293,0.23777902397590517,0.2671202574938022,0.4917385735301159,0.24033883575907686,0.26792259071080693,0.48832,0.24232,0.26936,0.515302898825866,0.23268922578486617,0.25200787538926817,0.5157087602632829,0.23593675782045195,0.2483544819162652
1070,Chelsea,Newcastle United,1,1,2.38,3.5,2.9,1.4151714797089416,1.415422271576763,0.014231130694192577,1.4294026104031343,1.4296534022709557,1.4019698730816124,1.3777609762637693,1.4375331035044872,1.4361124866088588,1.4350677559504228,1.440526419511223,0.3751531529112662,0.24905676055520784,0.37579008653352597,0.3767438825242851,0.24895888682592515,0.3742972306497895,0.3744427976469564,0.251227603319935,0.3743295990331088,0.37592,0.25076,0.37332,0.3675693652664074,0.2538464173069825,0.3785842174266104,0.39988968560397137,0.2719249862107005,0.3281853281853282
1071,Crystal Palace,Nottingham Forest,1,1,5.0,4.0,1.67,1.8257865785239076,0.962913705630803,0.021601411423240187,1.8473879899471477,0.9845151170540433,1.826710072203044,0.9615095434817164,1.8546364763527592,0.9769892871918163,1.8514558028159147,0.9799920917772539,0.19552777324269452,0.22495401803121143,0.5795182087260942,0.1966120076023672,0.22531567174736453,0.5780723206502684,0.19605116761241684,0.22752542333944323,0.57642340904814,0.19512,0.22712,0.57776,0.19561275742368806,0.22741032901512964,0.5769769135611822,0.19069369112189552,0.2383671139023694,0.5709391949757351
1072,Everton,AFC Bournemouth,1,0,6.5,4.5,1.5,1.9830905308580131,0.8628904708352703,0.02398813287840931,2.0070786637364226,0.8868786037136795,1.9990721873382276,0.8930351368297326,2.0144260439314365,0.8755039429765837,2.010971333700317,0.8781948294468902,0.15492171179177985,0.2062946343664393,0.6387836538417808,0.15584523531955666,0.20674216308308496,0.6374126015973586,0.15564516180617716,0.20898362499853357,0.6353712131952893,0.15584,0.2077,0.63646,0.16020986489136374,0.20847232390541237,0.631317811203224,0.1475409836065574,0.21311475409836067,0.639344262295082
1073,Leeds United,Tottenham Hotspur,1,4,2.3,3.8,2.75,1.2332844036741815,1.564906200933632,0.014087889102813068,1.2473722927769946,1.5789940900364452,1.301707633189534,1.5330095727492419,1.2527719656151186,1.587781526871741,1.250623480621138,1.5926616189178553,0.45175135339832323,0.24679181894629496,0.30145682765538173,0.4534303596674009,0.24649262086642845,0.3000770194661708,0.45040022235421484,0.2489755288172869,0.30062424882849836,0.45106,0.2519,0.29704,0.42748738733618896,0.24913422397250776,0.3233783886913031,0.4095630021555947,0.24789339604154412,0.34254360180286103
1074,Leicester City,West Ham United,2,1,3.6,3.8,1.91,1.612806222345908,1.1493917464848185,0.018004644707695406,1.6308108670536035,1.1673963911925138,1.6285328379171105,1.1881398649245525,1.6382907424315105,1.1661932076942674,1.63548109855976,1.1697775359540337,0.2716387509771894,0.24468541672720348,0.4836758322956065,0.2729756230594759,0.24485784806441624,0.4821665288761079,0.27168055632379845,0.24704693787237794,0.4812725058038234,0.2754,0.24596,0.47864,0.2786197135489184,0.2451068108976786,0.47627347555340327,0.2609477241676853,0.24721363342201763,0.4918386424102969
1075,Manchester United,Fulham,2,1,6.0,4.33,1.5,2.0665234879758576,0.9103873737951866,0.020353915731887155,2.086877403707745,0.9307412895270738,2.090365641275831,0.8637400975140912,2.0991773546382064,0.9236951413106321,2.095577297189659,0.9265341448107077,0.15575140644043306,0.1998995737852581,0.6443490197743088,0.15669891831066074,0.2003507646965602,0.642950316992779,0.15652175091079987,0.20250769209306788,0.6409705569961323,0.15444,0.20432,0.64124,0.14471735743184433,0.19827768740646834,0.6570049551616874,0.1566003616636528,0.21699819168173598,0.6264014466546112
1076,Southampton,Liverpool,4,4,1.44,4.75,6.5,0.903825344358441,2.120759999836273,0.011801239677059459,0.9156265840355005,2.132561239513332,0.8869824948298694,2.178379689758554,0.9181070074764538,2.1517606286303916,0.9165324678295174,2.1583741266156022,0.6560537234288526,0.19471915417540986,0.14922712239573743,0.6577121986811195,0.19403355330311495,0.14825424801576592,0.6533792594005245,0.19704589833670882,0.14957484226276696,0.65364,0.19766,0.1487,0.6685618675860854,0.1908414757785087,0.14059665663540588,0.6558682952734998,0.19883165161975572,0.14530005310674457
1077,Manchester United,Chelsea,4,1,5.0,4.33,1.6,1.9521470530459124,0.926739573946975,0.021254904374697167,1.9734019574206096,0.9479944783216722,2.0451812086399306,0.9375227927667218,1.9829936173101763,0.940286372982683,1.979592813215827,0.9431763701089898,0.17193545021607487,0.211612175946434,0.6164523738374914,0.1729389778331339,0.2120287235870226,0.6150322985798437,0.17260719112488018,0.21421641553148266,0.6131763933436372,0.17252,0.21686,0.61062,0.16436534428058397,0.20554503660658377,0.630089619112832,0.1894034665646017,0.2187107004210181,0.5918858330143802
1078,Brighton & Hove Albion,Manchester City,1,1,1.75,4.33,4.0,1.0324560735657262,1.9721830689648345,0.011348019862473295,1.0438040934281996,1.9835310888273079,1.0656291161889955,1.9976317079247368,1.0487702762143347,2.0010118450827097,1.0469716510355913,2.007162012359569,0.5943527036863518,0.21283207905752952,0.19281521725611894,0.596083921096446,0.21224134026166303,0.19167473864189122,0.5920446947583531,0.21505775387779472,0.19289755136385234,0.59264,0.21652,0.19084,0.5896639393939913,0.21350631444180043,0.196829746164208,0.5429892624813857,0.21945293518300807,0.23755780233560622
1079,Newcastle United,Leicester City,0,0,7.0,5.5,1.36,2.032144902902914,0.9475195795141061,0.019231908879948446,2.0513768117828626,0.9667514883940546,2.095303091000243,0.9260238561147561,2.0642555414144366,0.9613701343915766,2.0607153743479647,0.964324933063066,0.16714570039172866,0.20456138727693657,0.6282929123313348,0.16814485741770072,0.20499174542736223,0.6268633971549371,0.16787593811307208,0.20712586123809534,0.6249982006488328,0.16856,0.20632,0.62512,0.1566256404491483,0.20035706003203277,0.6430172995188188,0.13477477477477479,0.17153153153153156,0.6936936936936937
1080,West Ham United,Leeds United,3,1,2.88,3.5,2.4,1.4414545020390892,1.1583304188096435,0.020714256475648736,1.462168758514738,1.1790446752852923,1.470102768565166,1.2114560156219039,1.4642314331426067,1.1752625428299128,1.4617202983565751,1.1788747459512454,0.30378454713686637,0.2583924969376345,0.43782295592549925,0.3051708493898707,0.2584647034095245,0.43636444720060485,0.30350011669729726,0.26078428299052925,0.43571560031217327,0.30264,0.26232,0.43504,0.31204213622543425,0.2566848518567503,0.43127301191781553,0.33081285444234404,0.2722117202268431,0.39697542533081287
1081,Brighton & Hove Albion,Southampton,3,1,11.0,7.0,1.22,2.2962188484987434,0.8391979012776594,0.02069797121535212,2.3169168197140957,0.8598958724930115,2.340260311541126,0.8320481963716895,2.33250221258472,0.8514650425969604,2.3285020065298982,0.8540820448177309,0.12021111068530159,0.17475599630446392,0.7050328930102345,0.12100607884909842,0.1752635583962399,0.7037303627546618,0.12111608911285893,0.1774025937056576,0.7014813171814833,0.1205,0.17692,0.70258,0.11619209558028534,0.17295808934076057,0.7108498150789541,0.08629749393694422,0.13561034761519805,0.7780921584478576
1082,Manchester City,Chelsea,1,0,11.0,6.0,1.25,2.2347093729475995,0.9451168038407397,0.0169445593506404,2.25165393229824,0.9620613631913801,2.3438178837739887,0.9023843601719789,2.270020804111059,0.9589322356695241,2.266127752727792,0.9618795413893944,0.14525816777125555,0.1857393258912546,0.6690025063374897,0.14618620481756978,0.18621453120302367,0.6675992639794066,0.1461286909652109,0.18827493903503192,0.6655963699997571,0.1458,0.1881,0.6661,0.12818101510512167,0.17647228098115297,0.6953467039137253,0.08595988538681948,0.15759312320916904,0.7564469914040115
1083,AFC Bournemouth,Manchester United,0,1,1.5,4.75,6.0,0.8285989667838185,2.0545387531236723,0.014183778821412547,0.842782745605231,2.068722531945085,0.9075663643454711,2.062392904980109,0.8416919513713882,2.084571379745089,0.8402484623911829,2.090978369647468,0.6612016456038801,0.19787453213112918,0.1409238222649909,0.6628177513488439,0.19717034541999512,0.14001190323116097,0.6584164089280145,0.20031005742512947,0.14127353364685602,0.65982,0.19996,0.14022,0.6408130262322539,0.20279881100136057,0.15638816276638556,0.638655462184874,0.20168067226890757,0.1596638655462185
1084,Fulham,Crystal Palace,2,2,2.9,3.4,2.45,1.3261273598081995,1.123035298358942,0.024736854117440168,1.3508642139256397,1.1477721524763822,1.375573256229442,1.2162710834893604,1.3470819660521791,1.139451488974479,1.3447717408322974,1.1429536257950483,0.31593784663622093,0.2691159399604275,0.4149462134033516,0.3173169990888853,0.269139174115525,0.4135438267955901,0.31546319362191944,0.2715869335102464,0.412949872867834,0.31622,0.2711,0.41268,0.3309687502929643,0.2633972475076962,0.4056340021993394,0.329314093694406,0.2808855505040522,0.3898003558015417
1085,Liverpool,Aston Villa,1,1,6.25,5.0,1.45,2.2416224312288846,0.8498328018890291,0.02086771969769334,2.262490150926578,0.8707005215867224,2.256414434635447,0.8259457172201503,2.277043098065038,0.8622554009716512,2.2731380035537336,0.8649055676682565,0.12690113838228795,0.18041246788060414,0.6926863937371077,0.12772518590770843,0.18091120984210665,0.6913636042501848,0.12778336154928277,0.18306098575663063,0.6891556526940865,0.1255,0.18558,0.68892,0.12214721899892433,0.18039559932252447,0.6974571816785511,0.15243101182654403,0.19053876478318005,0.6570302233902761
1086,Nottingham Forest,Arsenal,1,0,1.57,4.33,5.25,1.049439538148103,1.8884014167401388,0.012100533865948192,1.061540072014051,1.900501950606087,1.090286322308251,1.84738931657704,1.0660221025120098,1.9160054979842065,1.0641938907118087,1.9218943958160422,0.5718483436793973,0.22075391204370642,0.20739774427689628,0.5735790044912557,0.22019922232564412,0.20622177318309998,0.5696569936765618,0.2229838173612342,0.20735918896220407,0.57004,0.22218,0.20778,0.5507510756497968,0.2271315676038067,0.22211735674639677,0.6018171661844011,0.2182108431661685,0.17997199064943042
1087,Tottenham Hotspur,Brentford,1,3,4.0,3.9,1.83,1.7905150810106123,1.0736042941003123,0.017852995394230083,1.8083680764048424,1.0914572894945425,1.8419821677370916,1.0443362747856908,1.8188076414641658,1.0892979172334085,1.8156884138378484,1.092645905613279,0.2258996158206261,0.22964385187587485,0.5444565323034989,0.22711070264671862,0.22993932599853797,0.5429499713547437,0.22628877898468175,0.23207239467972424,0.541638826335594,0.22738,0.23144,0.54118,0.2124220434635289,0.22715161743046866,0.5604263391060024,0.23744884719033837,0.24353727916957785,0.5190138736400838
1088,Wolverhampton Wanderers,Everton,1,1,2.6,3.3,2.75,1.2989088247650493,1.3191831141593824,0.01845035496015233,1.3173591797252016,1.3376334691195346,1.2780478974910752,1.2876476220846567,1.3194333413346484,1.338466534271362,1.317170533088438,1.3425803495396103,0.3741491704464038,0.2605342812734014,0.3653165482801948,0.37568504043049833,0.26041796346395446,0.3638969961055475,0.3733193313323511,0.26283227296594425,0.3638483957017047,0.37498,0.26424,0.36078,0.3692786318419114,0.2659669615467084,0.36475440661138014,0.3658536585365854,0.2882483370288249,0.34589800443458985
1089,Newcastle United,Brighton & Hove Albion,4,1,3.5,3.8,2.0,1.6463976428838254,1.1199602042984624,0.018429212969879854,1.6648268558537052,1.1383894172683422,1.6405918426875137,1.1973021020215109,1.6724129528557399,1.136331444118302,1.6695447899086349,1.1398239913915509,0.25888981932826133,0.24223313009885547,0.49887705057288345,0.2601895640773038,0.242439021488788,0.497371414433908,0.259021521266314,0.24462347317872168,0.49635500555496426,0.25752,0.2444,0.49808,0.27886168815244083,0.24399688921233814,0.4771414226352212,0.27240143369175623,0.25089605734767023,0.4767025089605735
1090,Leicester City,Liverpool,0,3,1.57,4.33,5.25,1.1514330679297866,1.853294722618844,0.011047704952928486,1.1624807728827151,1.8643424275717726,1.1195603588682363,1.7963679986361174,1.1696272680390851,1.880385624817321,1.1676213749452862,1.886165043947721,0.5397253266525495,0.22488450834562948,0.2353901650018212,0.5414855575478731,0.22440075442598892,0.23411368802613808,0.5378052430903599,0.22702688035268948,0.23516787655695026,0.5394,0.22532,0.23528,0.5321678769526579,0.23172885110579536,0.23610327194154657,0.6018171661844011,0.2182108431661685,0.17997199064943042
1091,Brentford,West Ham United,2,0,3.6,3.5,2.0,1.4384855712273623,1.1256545455418798,0.021997084757899875,1.4604826559852622,1.1476516302997797,1.4412896863524303,1.161900555337573,1.4612155892077434,1.142109023521213,1.4587096265484962,1.145619328350406,0.2957350128090114,0.2597362986369858,0.44452868855400307,0.2970928692605753,0.2598267371292132,0.4430803936102118,0.29548968270877085,0.2621655997605873,0.44234471753064175,0.2951,0.26044,0.44446,0.30446078954839695,0.2606697080093391,0.43486950244226397,0.2611940298507463,0.26865671641791045,0.4701492537313433
1092,Everton,Manchester City,0,3,1.36,4.75,9.0,0.9162412391972922,2.194278034166884,0.010817192011857983,0.9270584312091501,2.205095226178742,0.8998761215565124,2.1869619061090315,0.9307190902497372,2.226353327370051,0.9291229210713896,2.233196088153485,0.667375184558345,0.18838953115730236,0.1442352842843525,0.6690340629913284,0.1876961536540514,0.14326978335462026,0.6646872203826197,0.19068239554761676,0.14463038406976358,0.66334,0.19194,0.14472,0.6671489666145461,0.19062606226264472,0.14222497112280907,0.6956875508543532,0.19918633034987795,0.10512611879576893
1093,Arsenal,Brighton & Hove Albion,0,3,4.2,4.2,1.73,1.8945757420049731,1.015856985950685,0.018438642158357704,1.913014384163331,1.0342956281090427,1.9076621920468182,1.0209172956301253,1.924512601673453,1.0307064763842093,1.9212120916373816,1.0338743822907548,0.1985228552180976,0.2193707069283919,0.5821064378535105,0.1996407664744443,0.21973261252998116,0.5806266209955746,0.19908398469969435,0.221862245315172,0.5790537699851339,0.2006,0.22366,0.57574,0.1985239266641485,0.22073892506249398,0.5807371482733577,0.2258485639686684,0.2258485639686684,0.5483028720626633
1094,Leeds United,Newcastle United,2,2,1.7,4.2,4.33,0.999329479697846,1.8584034214802763,0.013371037409652913,1.012700517107499,1.8717744588899292,1.029089258839173,1.8792002524924365,1.0151202373503374,1.8855690010948853,1.0133793214798563,1.891364351480887,0.577228623318936,0.22268967606600268,0.20008170061506125,0.5789355678875264,0.2221173182637057,0.19894711384876795,0.5749514600608119,0.22498081197503336,0.2000677279641545,0.57574,0.22336,0.2009,0.5724588876311167,0.22351383602953845,0.20402727633934448,0.556367975035947,0.22519656132407379,0.21843546363997918
1095,Aston Villa,Tottenham Hotspur,2,1,2.9,3.6,2.25,1.3637121744852434,1.1589891257415128,0.02234340324037757,1.386055577725621,1.1813325289818903,1.419262317249594,1.289868176808443,1.3852606716451183,1.1759308785406541,1.382884970521954,1.1795451358109554,0.318482121632794,0.2644909915460518,0.4170268868211542,0.3198848389106405,0.26451536043871055,0.41559980065064883,0.318036270887285,0.2669082713963607,0.4150554577163543,0.31918,0.26944,0.41138,0.3417225350120804,0.2570497588337494,0.40122770615417036,0.32315978456014366,0.26032315978456017,0.41651705565529623
1096,Chelsea,Nottingham Forest,2,2,6.0,4.5,1.5,2.0550591515711765,0.863580489132239,0.022795205877978703,2.077854357449155,0.8863756950102176,2.0864267957955076,0.8468430683253416,2.0875318662096025,0.8762040477524973,2.0839517805977685,0.8788970860149051,0.1474789002643968,0.1990905543801023,0.653430545355501,0.14837933121965938,0.19955387218969753,0.6520667965906433,0.14825411642644537,0.2017641276191332,0.6499817559544214,0.14876,0.20174,0.6495,0.14176081733096943,0.1979212367644557,0.6603179459045747,0.15789473684210528,0.2105263157894737,0.6315789473684211
1097,Crystal Palace,AFC Bournemouth,2,0,4.2,3.6,1.83,1.7098939317606112,0.9887548750514948,0.022436527409562573,1.7323304591701738,1.0111914024610573,1.7023279494874066,0.9892048950258011,1.7369125689933096,1.0032081950180225,1.7339337901789977,1.0062915841683862,0.2173637550554843,0.236666074072987,0.5459701708715287,0.21851236313559422,0.23697095069164242,0.5445166861727635,0.21772437433373334,0.23921714359064022,0.5430584820756263,0.21604,0.2399,0.54406,0.21890213853660578,0.23996189530606923,0.541135966157325,0.2241273729332517,0.2614819350887937,0.5143906919779547
1098,Manchester United,Wolverhampton Wanderers,2,0,7.5,5.0,1.36,2.1454714863503166,0.7206232709925108,0.030840082514500662,2.176311568864817,0.7514633535070114,2.238189276099226,0.7768936262735149,2.179372838186281,0.7311571241989874,2.175635246695053,0.7334043565832141,0.11139048720870381,0.18253715267524231,0.7060723601160539,0.1121054438373231,0.1830492342194128,0.7048453219432642,0.11221904461947652,0.18538432174455233,0.7023966336359713,0.11318,0.18466,0.70216,0.11485697162963499,0.17938461366470948,0.7057584147056554,0.12477064220183487,0.1871559633027523,0.6880733944954128
1099,Southampton,Fulham,0,2,2.5,3.3,2.75,1.2365267151944976,1.3320938636719768,0.019371909030829883,1.2558986242253276,1.3514657727028068,1.2508017353197696,1.2956004672021406,1.2560655100435911,1.3515660092187651,1.253911376670675,1.3557200860988392,0.3907841537302255,0.2631054259585762,0.3461104203111983,0.3923334698756013,0.26293921939650566,0.3447273107278932,0.38978554600744353,0.2654286630365848,0.3447857909559716,0.38978,0.26714,0.34308,0.37705663954669044,0.2670675227646734,0.3558758376886363,0.37499999999999994,0.28409090909090906,0.34090909090909083
1100,Fulham,Leicester City,5,3,2.6,3.5,2.63,1.3016667275124336,1.337268757636067,0.017901966876394282,1.3195686943888278,1.3551707245124611,1.3107730176653392,1.366284866353884,1.322234822676278,1.3568165482189942,1.3199672099318918,1.3609867627812238,0.37834343730736464,0.25930497708187433,0.362351585610761,0.3798914947997654,0.25917964913400304,0.3609288560662317,0.37749275237520663,0.2615874179822995,0.3609198296424938,0.38156,0.25506,0.36338,0.38316574003655535,0.2593455914287734,0.3574886685346714,0.3661058743984409,0.2719643638388418,0.3619297617627173
1101,Brighton & Hove Albion,Everton,1,5,9.0,5.25,1.33,1.9904598744123119,0.840764793591431,0.025137725368758464,2.0155975997810702,0.8659025189601894,2.020096491480832,0.8444528738099932,2.021911833082996,0.8530548392690673,2.018444284836578,0.8556767277754906,0.14952412667654572,0.20465904569341564,0.6458168276300387,0.15042085922318857,0.20511558383621178,0.6444635569405995,0.15025971187076165,0.20737847484362135,0.6423618132856168,0.14962,0.20698,0.6434,0.1479514637476934,0.20449211484692797,0.6475564214053786,0.10547184773988898,0.18080888183980967,0.7137192704203014
1102,Nottingham Forest,Southampton,4,3,3.4,3.6,2.1,1.4287774467972862,1.0322134011408075,0.026406612168831195,1.4551840589661174,1.0586200133096386,1.434550062401668,1.1583302948860512,1.4513540632787123,1.0473019847087508,1.448865012987444,1.0505208973859417,0.27264875393375043,0.2634376540963757,0.4639135919698739,0.2739216471051298,0.2635799246581261,0.46249842823674414,0.27250963344013907,0.2659846973950117,0.4615056691648495,0.27496,0.2629,0.46214,0.30475147882965514,0.26133536524326534,0.43391315592707935,0.28062360801781744,0.26503340757238314,0.4543429844097996
1103,Newcastle United,Arsenal,0,2,2.63,3.75,2.45,1.4253182911534843,1.2724001981770585,0.017436662333979804,1.4427549534874642,1.2898368605110384,1.446420251656579,1.3676839348961096,1.4478402482962605,1.2909997597607812,1.4453572241446,1.2949676845366518,0.33654768036152183,0.25514619587126847,0.40830612376720954,0.33803223931430054,0.2551393461171899,0.4068284145685094,0.3360682585434959,0.2574291155431943,0.4065026259133101,0.33698,0.25408,0.40894,0.35626219644986246,0.2518536285549879,0.3918841749951496,0.3603859807401887,0.25275070115911896,0.38686331810069224
1104,West Ham United,Manchester United,1,0,2.05,3.75,3.4,1.3130918978952488,1.6396553288669735,0.011764473386471106,1.3248563712817198,1.6514198022534445,1.2349225964093429,1.5862432144781164,1.3338405262068873,1.6636233149683843,1.3315530098562869,1.668736508924673,0.4524621356342453,0.23956427006969022,0.3079735942960643,0.45418146384586644,0.23927783722535367,0.3065406989287802,0.4511944674081217,0.24165959637679457,0.3071459362150838,0.45188,0.24292,0.3052,0.4553310249812782,0.24735480206733712,0.2973141729513843,0.4652011310772599,0.25430995165556874,0.2804889172671714
1105,AFC Bournemouth,Chelsea,1,3,2.15,3.5,3.3,1.1704269126120659,1.6404007941314116,0.013785176745109469,1.1842120893571753,1.654185970876521,1.1558232656031888,1.6091250801467059,1.188921241161844,1.664379677218782,1.1868822591956354,1.6694951958761328,0.4848307105488845,0.2422508888804223,0.2729184005706934,0.486533949066251,0.24187251326061462,0.2715935376731342,0.48322140510928935,0.24444912134209199,0.2723294735486187,0.48324,0.2462,0.27056,0.47888300791148614,0.24724095965581322,0.27387603243270076,0.44134505158578524,0.2711119602598395,0.28754298815437523
1106,Liverpool,Brentford,1,0,6.0,5.0,1.44,2.2239331830847746,0.8039984181065842,0.023572227852040634,2.247505410936815,0.8275706459586248,2.2487610248726555,0.809488519741655,2.259074335870584,0.8157510240180053,2.2552000575149687,0.8182582581787169,0.12008502849028899,0.1795834450291726,0.7003315264805385,0.12086563906212044,0.1800890663685302,0.6990452945693495,0.12095722946430908,0.1822938013452809,0.6967489691904101,0.12154,0.18082,0.69764,0.1198337427896971,0.18021582347418458,0.6999504337361182,0.15706806282722513,0.18848167539267016,0.6544502617801047
1107,Manchester City,Leeds United,2,1,15.0,8.5,1.17,2.7113332580163108,0.7785329096197201,0.019101674207848876,2.7304349322241594,0.797634583827569,2.8574845423898836,0.705292652616935,2.7541759913312736,0.7899132684236345,2.7494526211166064,0.7923410895017328,0.08090699303926382,0.13544050857519815,0.783652498385538,0.08151357395624906,0.13597035672726057,0.7825160693164903,0.08187538041446595,0.13799270279181938,0.7801319167937146,0.08016,0.1383,0.78154,0.06452720713029207,0.1216429931081571,0.8138297997615509,0.06416336010839059,0.11322945901480692,0.8226071808768025
1108,Tottenham Hotspur,Crystal Palace,1,0,4.2,3.8,1.8,1.8179756609248583,1.0516527340253252,0.018217673591190076,1.8361933345160484,1.0698704076165153,1.8375875086489013,1.0135105704098788,1.8467021356891893,1.0670254758869013,1.8435350694267096,1.0703050092797202,0.21693076569571065,0.22697283826335377,0.5560963960409357,0.2181107423996839,0.22729009095882163,0.5545991666414944,0.21737462745971192,0.22942624789627833,0.5531991246440097,0.22034,0.2304,0.54926,0.20600920213896787,0.22716716493919414,0.5668236329218379,0.225296442687747,0.24901185770750986,0.5256916996047432
1109,Wolverhampton Wanderers,Aston Villa,1,0,2.5,3.3,2.88,1.2854861588298743,1.4039778170124484,0.016525220598255983,1.3020113794281303,1.4205030376107044,1.246949271936276,1.3654018114201274,1.305798579119779,1.4245007404661822,1.3035591542847713,1.4288789843338565,0.39920664701739034,0.2559942514437422,0.3447991015388674,0.400799145683072,0.2558188513140658,0.34338200300286226,0.39821742862865694,0.2582374087785616,0.34354516259278123,0.3979,0.25714,0.34496,0.3963592815717879,0.26263650657026094,0.34100421185795116,0.38086078384226973,0.28853089685020433,0.33060831930752577
1110,Brighton & Hove Albion,Manchester United,1,0,3.75,3.5,1.95,1.4686241713791384,1.2233654244447054,0.01809594720666036,1.4867201185857988,1.2414613716513658,1.4703980807500467,1.2851407421310574,1.491830420012823,1.2412482105240816,1.4892719533812782,1.245063222486947,0.31568821806998115,0.25405043225058715,0.43026134967943175,0.3171248260707558,0.2540993565989926,0.4287758173302513,0.3153674624221931,0.2563660453461965,0.4282664922316104,0.31586,0.25572,0.42842,0.330800447855313,0.25389967203594593,0.4152998801087412,0.2503438789546079,0.26822558459422274,0.4814305364511692
1111,Liverpool,Fulham,1,0,11.0,5.75,1.25,2.3159663370614227,0.7433668318834366,0.026067267119501986,2.3420336041809247,0.7694340990029386,2.3410209592927975,0.7576179666439675,2.352561738180704,0.7542331435900218,2.348527130342547,0.7565513007814593,0.1019985299317306,0.167126506056218,0.7308749640120513,0.10268587956927992,0.16764964428153897,0.7296644761491811,0.10289097770096398,0.16987941744392307,0.7272296048551129,0.10096,0.1696,0.72944,0.10342542170992845,0.1684179905583554,0.7281565877317161,0.08537490720118782,0.1633259094283593,0.7512991833704529
1112,Manchester City,West Ham United,3,0,13.0,7.0,1.2,2.353181859563938,0.8147589075398797,0.021224995787619293,2.374406855351557,0.835983903327499,2.4595475996329976,0.7576216147206841,2.3903653162831855,0.8266688070340684,2.3862658758797246,0.8292095973139036,0.11125654845713545,0.16811884817871217,0.7206246033641523,0.11200749421464164,0.16863587878578118,0.719356626999577,0.11217827798876152,0.1707764136821678,0.7170453083290707,0.11446,0.1715,0.71404,0.09490770516460821,0.15762009211958,0.7474722027158118,0.07304347826086957,0.13565217391304346,0.7913043478260869
1113,Arsenal,Chelsea,3,1,5.5,4.0,1.6,1.775675562535578,1.12025714751722,0.016587228992087803,1.7922627915276659,1.136844376509308,1.8451389885410303,1.105715201177081,1.8037336385226173,1.1366327279632964,1.8006402625836044,1.140126201241081,0.23897714368964998,0.23113441513482927,0.5298884411755209,0.240239626349738,0.2314000194444697,0.5283603542057923,0.2393011537209315,0.23350743507537167,0.5271914112036968,0.24002,0.23258,0.5274,0.2259390207327407,0.22745049475615625,0.5466104845111031,0.17204301075268816,0.23655913978494622,0.5913978494623655
1114,Leicester City,Everton,2,2,3.75,3.5,2.0,1.5869087935179813,1.071187116405716,0.021199924278827043,1.6081087177968083,1.092387040684543,1.577622954928328,1.1249292610826027,1.61198409919457,1.0868454059657322,1.6092195708185266,1.0901858564819056,0.2563294502597835,0.24802789316588622,0.4956426565743305,0.25759828968453774,0.2482316342511135,0.49417007606434893,0.2564213132768146,0.25048846185194645,0.493090224871239,0.25558,0.25186,0.49256,0.27139244704223364,0.25043260147233404,0.47817495148543254,0.25339366515837103,0.27149321266968324,0.4751131221719457
1115,AFC Bournemouth,Leeds United,4,1,2.7,3.5,2.55,1.3237813778858265,1.2704385041771131,0.01937714632687985,1.3431585242127064,1.289815650503993,1.3600754317710766,1.2934908740222204,1.3446989144418344,1.2890093903107591,1.342392776119461,1.2929711976290592,0.3561185472001314,0.26181864748165956,0.382062805318209,0.35761657761581966,0.2617483477581192,0.3806350746260613,0.3554195702043228,0.26414492038017107,0.38043550941550597,0.3548,0.26568,0.37952,0.3542290498696135,0.2606255719045996,0.38514537822578687,0.3533254156769596,0.2725653206650831,0.37410926365795727
1116,Fulham,Manchester City,1,2,1.25,6.0,12.0,0.8502183638354792,2.398414893284655,0.0100430920536232,0.8602614558891024,2.4084579853382784,0.8352663523733413,2.49827592590978,0.8636529641427603,2.4334741974052267,0.862171812357442,2.440953550121075,0.719488164748944,0.1664776125832197,0.11403422266783625,0.7210623167811534,0.16574263553321195,0.1131950476856346,0.7166383110309636,0.16877762612340672,0.1145840628456295,0.71706,0.1685,0.11444,0.7363553263124296,0.15919998712693176,0.10444468656063866,0.7619047619047619,0.15873015873015872,0.07936507936507936
1117,Manchester United,Aston Villa,1,0,4.6,3.9,1.73,1.8942274209792076,1.045123369105012,0.01742487384641292,1.9116522948256205,1.0625482429514248,1.8742997826522438,0.9969420365254481,1.9241587767042785,1.0604006666833257,1.9208588734726835,1.0636598385351175,0.20509110053393909,0.21993423950588672,0.5749746599601744,0.2062397576308851,0.22028300353955846,0.5734772388295566,0.2056302400154274,0.22238815027374684,0.5719816097108259,0.20858,0.22,0.57142,0.1974790263726687,0.22342881713064391,0.5790921564966871,0.20667789860621844,0.24377393168938585,0.5495481697043958
1118,Newcastle United,Southampton,3,1,10.0,5.25,1.3,2.1069243095623604,0.7696711433105489,0.02772268163179087,2.1346469911941512,0.7973938249423398,2.166230777331545,0.812101604048158,2.1402165638592128,0.7809219634925391,2.1365461247868773,0.783322149537142,0.12396545744732164,0.18930034276810725,0.6867341997845711,0.12474611515688185,0.18979773257408317,0.685456152269035,0.12478140432460104,0.19209176294528812,0.6831268327301109,0.1242,0.19466,0.68114,0.12753055478139005,0.1883480972679866,0.6841213479506232,0.0943657103352921,0.17974421016246114,0.7258900795022469
1119,Liverpool,Tottenham Hotspur,4,3,5.75,4.5,1.53,2.144350952876129,0.9432650351342483,0.018012711575488064,2.162363664451617,0.9612777467097364,2.1335270852138515,0.9045324564912812,2.1782345987673657,0.9570533983676769,2.1744989593395445,0.9599949294272317,0.15409262461761866,0.1938886525161016,0.6520187228662797,0.15504930013246956,0.19434666448079194,0.6506040353867385,0.15490740210320175,0.19644159986141474,0.6486509980353836,0.15498,0.19678,0.64824,0.14841905043210538,0.19586224785449224,0.6557187017134023,0.16567406605305904,0.21169463995668653,0.6226312939902545
1120,Crystal Palace,West Ham United,4,3,2.75,3.25,2.63,1.2172975815558893,1.2491479640747083,0.02251380185955948,1.2398113834154487,1.2716617659342677,1.2521984833299828,1.2709164428667263,1.2365325300806989,1.2674076315270362,1.2344118954733123,1.2713030452203706,0.372473976619029,0.26975742719856277,0.3577685961824083,0.3739683088104228,0.26962841433634643,0.3564032768532307,0.3715553801965507,0.2721584914277335,0.3562861283757156,0.37488,0.27308,0.35204,0.37015446364497967,0.2685769490430721,0.3612685873119482,0.34580762617578636,0.2926064529179731,0.36158592090624053
1121,Brentford,Nottingham Forest,2,1,5.5,3.8,1.65,1.7711183665744772,0.9178058173584397,0.024800164254574333,1.7959185308290515,0.942605981613014,1.7830933715745168,0.9351685592616142,1.799104432700446,0.9312220254400748,1.7960189957794794,0.9340841630343255,0.19223461674882092,0.2296496454606071,0.5781157377905721,0.19328798365075534,0.23001261724130864,0.5766993991079361,0.19272856894190574,0.23229406193970445,0.5749773691183898,0.19262,0.23358,0.5738,0.19520614072382786,0.23134406223963794,0.5734497970365344,0.17298937784522,0.25037936267071315,0.5766312594840667
1122,Brighton & Hove Albion,Wolverhampton Wanderers,6,0,6.5,4.33,1.5,1.9031679801111074,0.8982769184108483,0.02343418150777554,1.9266021616188829,0.9217110999186239,1.9204424450628148,0.897179198159472,1.933240608765075,0.9114076589492071,1.9299251303287053,0.9142088965199505,0.17149903737751107,0.2156391260031624,0.6128618366193266,0.17248785032911204,0.2160528062961325,0.6114593433747555,0.17214055969637515,0.21829135706617647,0.6095680832374485,0.17328,0.21754,0.60918,0.16990119103592294,0.21650454922554568,0.6135942597385315,0.14631673800405498,0.2196440639783735,0.6340391980175715
1123,Everton,Newcastle United,1,4,1.73,3.6,4.75,1.1437373517852862,1.5968038593271099,0.015020854514209129,1.1587582062994954,1.611824713841319,1.124287993537229,1.6103291171936933,1.1618099491688882,1.6201454555962953,1.1598174626588464,1.6251250191052504,0.48022751851245143,0.246235394731208,0.2735370867563405,0.4819101695994021,0.24586083465828432,0.2722289957423134,0.47861098324006623,0.2484743212939306,0.2729146954660032,0.48072,0.2493,0.26998,0.48646912990829067,0.2476554540833485,0.26587541600836073,0.5420741468672235,0.26049674280008245,0.19742911033269403
1124,Southampton,AFC Bournemouth,0,1,3.2,3.4,2.25,1.3574889941245951,1.1161424595327591,0.02424499226202076,1.3817339863866158,1.1403874517947798,1.380323580616608,1.1925462189021054,1.378939156616176,1.1324578927133175,1.3765742967957797,1.1359385345152648,0.3081110653978064,0.26683760603720863,0.4250513285649853,0.30947795760229707,0.2668849704777198,0.42363707191998323,0.3077137554756594,0.26930437428782233,0.42298187023651834,0.30922,0.26586,0.42492,0.3238052484844607,0.2641331017303342,0.41206164978520543,0.29731830547998445,0.27982899339292655,0.42285270112708895
1125,Tottenham Hotspur,Manchester United,2,2,2.4,3.6,2.8,1.3821146807801195,1.397819576507029,0.015077768536125193,1.3971924493162446,1.4128973450431541,1.3266307427404533,1.3843369660046771,1.403953962434002,1.4182524806620451,1.4015462025995553,1.4226115203240677,0.37740615873570044,0.2516499718779915,0.37094386938630797,0.3789881129012329,0.2515413454265245,0.3694705416722426,0.37664874814774874,0.2538479722200363,0.3695032796322152,0.37842,0.25066,0.37092,0.38454755004567953,0.25744943406923015,0.3580030158850903,0.39622641509433965,0.2641509433962264,0.33962264150943394
1126,Manchester City,Arsenal,4,1,5.25,4.5,1.55,1.9328602920436753,1.0288240699897966,0.017485139693847507,1.9503454317375228,1.0463092096836442,2.060210761503784,0.9461417766394619,1.963402099393353,1.0438631093392141,1.9600348944562396,1.0470714525343607,0.19645522944522814,0.21609805853765665,0.5874467120171152,0.19757415448562096,0.21646727690488224,0.5859585686094968,0.1970479975992414,0.2185688572195907,0.584383145181168,0.195,0.21794,0.58706,0.1644785222418134,0.20441779754994682,0.6311036802082399,0.18005808325266215,0.21006776379477252,0.6098741529525653
1127,Nottingham Forest,Brighton & Hove Albion,3,1,1.53,4.2,6.0,1.1115260907123776,1.731594675845155,0.013289284864992573,1.1248153755773702,1.7448839607101476,1.1049581654974023,1.7449159123237452,1.1290897065962673,1.7569066035370637,1.1271533348078957,1.7623065063552927,0.5207301069587852,0.23510703857097046,0.24416285447024433,0.522450320297746,0.23464956587061964,0.24290011383163412,0.51885971126198,0.23732313746258124,0.24381715127543846,0.51708,0.23862,0.2443,0.5235557869126818,0.2361763543546802,0.24026785873263834,0.6175562417291575,0.22496691662990734,0.15747684164093514
1128,Chelsea,Brentford,0,2,4.75,4.0,1.7,1.9615644380140362,0.9310386373204579,0.020919063461794278,1.9824835014758304,0.9519577007822522,1.933890193106887,0.9500213267140948,1.9925598097004498,0.9446482787654031,1.9891425997306784,0.9475516823341933,0.17175968189061588,0.21082245887478998,0.6174178592345942,0.17276472345774288,0.21123999713417876,0.6159952794080785,0.172437672476902,0.21341936537961767,0.6141429621434804,0.1727,0.21164,0.61566,0.17976933266058878,0.21665465461647213,0.6035760127229393,0.2007380073800738,0.23837638376383766,0.5608856088560886
1129,West Ham United,Liverpool,1,2,1.85,3.9,3.9,1.2276473811088227,1.6993562283000876,0.012022959569714177,1.2396703406785368,1.7113791878698017,1.1714047309890447,1.6815809616057003,1.247045870467574,1.7241969041080867,1.2449072056402608,1.729496272727301,0.486020258508152,0.2368582943916775,0.2771214471001707,0.48775414346627693,0.23648815735986597,0.27575769917385695,0.4844700673608336,0.23898810830308606,0.2765418243360801,0.48238,0.24082,0.2768,0.49299460009071827,0.2410959604908176,0.265909439418464,0.513157894736842,0.24342105263157898,0.24342105263157898
1130,Wolverhampton Wanderers,Crystal Palace,2,0,3.0,3.2,2.45,1.341019000142216,1.1465340948375717,0.023368744555065987,1.3643877446972819,1.1699028393926376,1.3483441141777603,1.1697986365734674,1.3622089144485914,1.1632937837588098,1.3598727467407499,1.166869200555981,0.31946896140410896,0.26683104253192463,0.41369999606396646,0.3208654014518502,0.26684889808333956,0.4122857004648103,0.31899235721060304,0.2692703906111287,0.4117372521782682,0.3202,0.26914,0.41066,0.32384217652000324,0.2675989895223044,0.40855883395769244,0.3162565550625252,0.2964905203711174,0.3872529245663574
1131,Aston Villa,Fulham,1,0,4.2,4.0,1.75,1.8061537039077997,1.0478384635163798,0.018517235471767854,1.8246709393795675,1.0663556989881475,1.780826138997435,1.0355602573638116,1.8346933757587502,1.0631554495243105,1.8315469043381214,1.0664230882801464,0.21770052770962584,0.2280159438023197,0.5542835284880545,0.2188803197420101,0.22833039539230282,0.552789284865687,0.2181329560420715,0.2304755446723127,0.5513914992856157,0.21822,0.22672,0.55506,0.2188128893331539,0.23272049561660105,0.5484666150502451,0.2247191011235955,0.23595505617977527,0.5393258426966292
1132,Leeds United,Leicester City,1,1,3.0,3.5,2.3,1.3582087348716512,1.1069538428212669,0.024631066206708584,1.3828398010783598,1.1315849090279755,1.3804451596315923,1.2187483231580305,1.3796702702406867,1.1231349595794926,1.37730415657147,1.1265869470791554,0.3054869107495538,0.2671623086476945,0.42735078060275156,0.30684553078760346,0.26721591408545153,0.42593855512694523,0.30510426856721806,0.26963934736133427,0.42525638407144806,0.30464,0.27016,0.4252,0.3306872953162346,0.26293375010724684,0.40637895457651874,0.3163064833005893,0.2711198428290766,0.41257367387033395
1133,AFC Bournemouth,West Ham United,0,4,2.55,3.2,2.88,1.1398263903699648,1.4115629210014848,0.019313420489016984,1.1591398108589819,1.430876341490502,1.1785739841838259,1.3683192984933434,1.157837189272533,1.4321967212131483,1.1558515159856926,1.4365986188983,0.43340878264309435,0.26154111287650167,0.3050501044804038,0.43500625414029215,0.26126153860151624,0.3037322072581917,0.4320464291962177,0.26387854280367107,0.3040750280001112,0.437,0.26214,0.30086,0.41195268881869435,0.26566725546788056,0.3223800557134249,0.37281553398058254,0.29708737864077667,0.33009708737864074
1134,Newcastle United,Tottenham Hotspur,6,1,4.2,3.75,1.83,1.754528544239703,1.1384421108049547,0.016330492568524445,1.7708590368082273,1.154772603373479,1.7347122491680027,1.1033568494312331,1.7822524687303969,1.1550835135489625,1.7791959326730373,1.1586336958452472,0.2464448421713982,0.23293368476618462,0.5206214730624175,0.24773153410797685,0.23318050518488406,0.5190879607071393,0.2467202442181881,0.23528756439734463,0.5179921913844674,0.2474,0.23544,0.51716,0.24141156001407205,0.23707056325323633,0.5215178767326919,0.2264963612060003,0.25367592455072036,0.5198277142432793
1135,Fulham,Leeds United,2,1,3.1,3.4,2.3,1.3173772916452686,1.1313939257164647,0.024597365510113284,1.341974657155382,1.155991291226578,1.363674593558705,1.1964228521140994,1.3381936349753538,1.1479323002207766,1.3358986531089827,1.1514605030578648,0.3199061207472222,0.2694280386848737,0.4106658405679041,0.3212941040416931,0.26944035539066513,0.40926554056764186,0.31940000681957487,0.2718933635368771,0.40870662964354787,0.32222,0.27128,0.4065,0.32800285819160174,0.26519010560928064,0.4068070361991176,0.3067869752844252,0.27971753628874063,0.41349548842683403
1136,Brentford,Aston Villa,1,1,2.88,3.25,2.5,1.2445930267348213,1.2415816867956493,0.02209924574087399,1.2666922724756953,1.2636809325365232,1.2936822176397418,1.2044362199284986,1.2642592802181993,1.2597307526932047,1.2620910946532264,1.2636025712793395,0.3646573500482664,0.26853578935642797,0.36680686059530576,0.36614348015430714,0.2684302674416075,0.36542625240408555,0.3638167772784768,0.27092769574552045,0.36525552697600283,0.36456,0.27118,0.36426,0.3438133956505882,0.26983667202918477,0.3863499323202271,0.32914725541827017,0.29167510633988253,0.3791776382418473
1137,Crystal Palace,Everton,0,0,3.75,3.2,2.05,1.31291978673516,1.0980521361826814,0.02623678427611507,1.3391565710112752,1.1242889204587965,1.3419915439082912,1.1171036696188033,1.3336656954576407,1.1141031304833173,1.3313784789391339,1.1175273583973016,0.3116150755930599,0.2713836176657235,0.41700130674121616,0.3129750717574514,0.2714143433307809,0.4156105849117677,0.31114811548397286,0.2738882160896782,0.41496366842634846,0.30762,0.27552,0.41686,0.3108651003531504,0.27055305685788417,0.4185818427889655,0.2499285646252024,0.2928850366701591,0.4571863987046386
1138,Leicester City,Wolverhampton Wanderers,2,1,3.0,3.3,2.38,1.390699359455015,1.1281170153517255,0.022951108275356777,1.4136504677303718,1.1510681236270823,1.363592843211724,1.1521761865652955,1.4126742906451455,1.1446074889705924,1.4102515755795646,1.1481254729049775,0.3051332079703084,0.26360583336652516,0.4312609586631666,0.3065037323413177,0.2636661545449432,0.4298301131137393,0.30478818522823203,0.26604738332132327,0.4291644314504446,0.30474,0.26824,0.42702,0.3162392448854319,0.2672228490932166,0.41653790602135154,0.31549771029163654,0.28681610026512416,0.39768618944323936
1139,Liverpool,Nottingham Forest,3,2,17.0,7.5,1.17,2.6569277173185903,0.6663237004342276,0.026819862188659834,2.68374757950725,0.6931435626228875,2.6446318821067596,0.6946684838856899,2.6989107694917838,0.6760638189273527,2.694282178297617,0.6781417204582473,0.0687467906000082,0.13162076924109414,0.7996324401588977,0.06926105554049246,0.1321464294173117,0.7985925150421959,0.06964080544405399,0.134282070028812,0.7960771245271341,0.06952,0.13554,0.79494,0.07415460096570824,0.13739513545354098,0.7884502635807508,0.05619056766881183,0.12736528671597347,0.8164441456152147
1140,Arsenal,Southampton,3,3,13.0,7.0,1.2,2.374155789593489,0.6802950966170596,0.030072510826352605,2.4042283004198413,0.7103676074434122,2.4441054264170434,0.7251663217984039,2.4116706627803235,0.6902394447574964,2.407534684029504,0.6923609154808092,0.0875049594413425,0.1573609528243746,0.7551340877342829,0.08810948059671697,0.15789131408545012,0.7539992053178328,0.08838500777330216,0.16016065685767528,0.7514543353690225,0.08732,0.15876,0.75392,0.09085267132363035,0.15682051707146147,0.7523268116049081,0.07304347826086957,0.13565217391304346,0.7913043478260869
1141,Leeds United,Liverpool,1,6,1.73,4.2,4.2,0.9869354651781046,1.8470084548539747,0.013772718702082966,1.0007081838801877,1.8607811735560578,1.0241607424231705,1.8453476040262013,1.002530380634805,1.8740074662899446,1.0008110561783818,1.8797672819672426,0.5776783736347226,0.22355602036680455,0.19876560599847248,0.5793789311256435,0.22298053946580534,0.19764052940855137,0.5753833010626483,0.22586409834033006,0.1987526005970215,0.5749,0.22532,0.19978,0.5660221207607199,0.22658527481977475,0.20739260441950547,0.5483028720626633,0.2258485639686684,0.2258485639686684
1142,West Ham United,Arsenal,2,2,1.55,4.2,6.0,1.1625320309446465,1.75385382432822,0.01217305620527477,1.1747050871499214,1.7660268805334949,1.1310606117079067,1.7833537063531817,1.1809016096840388,1.7794911295260465,1.178876381264653,1.7849604465324234,0.5140271026485707,0.23309452009435241,0.25287837725707685,0.5157658453745703,0.23265888617643427,0.2515752684489957,0.5122518321425433,0.23525760860888678,0.2524905592485701,0.51656,0.2326,0.25084,0.5264585252303075,0.23285554989549748,0.24068592487419493,0.6144842721287491,0.22677395757132407,0.15874177029992684
1143,Nottingham Forest,Manchester United,0,2,1.62,4.0,5.5,0.9296153198131042,1.8204681482054705,0.01540311725901357,0.9450184370721177,1.8358712654644842,0.9945853095863018,1.864339619892172,0.9443044994314722,1.847079201459206,0.9426850314816282,1.8527562523424865,0.5858007513201083,0.22506805152665374,0.189131197153238,0.5874741488851806,0.2244691168555567,0.18805673425926273,0.5833953035094356,0.22745043942283522,0.18915425706772948,0.58492,0.22708,0.188,0.5774317330207025,0.22433482418779235,0.19823344279150523,0.5883926183471516,0.23829901043059643,0.17330837122225196
1144,Chelsea,Brighton & Hove Albion,1,2,2.63,3.4,2.63,1.495030422635441,1.2174143901365684,0.01782746838834615,1.512857891023787,1.2352418585249145,1.4835475013602606,1.262636139335023,1.5186539257608325,1.2352101857948024,1.516049457222183,1.239006639715546,0.30930626629470753,0.25231302908713205,0.43838070461816014,0.3107323854234863,0.25238103535915113,0.4368865792173626,0.309045833378689,0.25462708689376135,0.4363270797275496,0.3105,0.25444,0.43506,0.3226402241440401,0.2538667576357035,0.4234930182202564,0.3605514316012725,0.2788971367974549,0.3605514316012725
1145,Tottenham Hotspur,AFC Bournemouth,2,3,7.0,4.5,1.45,2.1593716218916437,0.7057443133495905,0.03186764193758548,2.191239263829229,0.737611955287176,2.197789893729392,0.8066202554655131,2.193492614672991,0.7160606704495924,2.189730807978412,0.7182615034503901,0.10752293458155529,0.18019485536763397,0.7122822100508108,0.10821745380276254,0.18071082990351806,0.7110717162937195,0.10835392910174936,0.18305740251450553,0.708588668383745,0.11054,0.18196,0.7075,0.12370492429747323,0.18497075411065345,0.6913243215918732,0.13544369486248053,0.21069019200830302,0.6538661131292164
1146,Manchester City,Leicester City,3,1,15.0,8.5,1.14,2.679646626396311,0.9363643204773207,0.013421838513036174,2.693068464909347,0.9497861589903568,2.7795552740609013,0.7729241205700979,2.7219886680666256,0.9500518111492571,2.717320498625067,0.9529718226297537,0.10573263319287975,0.14808772408120616,0.7461796427259141,0.10650369769003988,0.14861327062272692,0.7448830316872331,0.10676459408855091,0.15053076462486376,0.7427046412865853,0.10616,0.14986,0.74398,0.07717786791711204,0.13232422975164027,0.7904979023312477,0.06280381100524984,0.11083025471514679,0.8263659342796034
1147,Aston Villa,Newcastle United,3,0,2.05,3.4,3.6,1.2748418253680711,1.4883279617735135,0.014875640208968319,1.2897174655770394,1.5032036019824817,1.2282959847302743,1.5279816547936056,1.2949860507898345,1.5100838901531557,1.2927651692775555,1.5147251762851468,0.42320192185048794,0.25089101673820285,0.3259070614113091,0.42484385369719857,0.2506606491607099,0.3244954971420916,0.4220619623570311,0.25308772627263115,0.3248503113703374,0.42036,0.25272,0.32692,0.44226079912730926,0.2518435267158668,0.30589567415682417,0.4603234298608499,0.27754795035727714,0.26212861978187285
1148,Everton,Fulham,1,3,3.7,3.4,2.05,1.3994247976526248,1.0736265818014323,0.025121206305945467,1.4245460039585702,1.0987477881073777,1.4156119327434302,1.151642741503032,1.4215376025698787,1.0893205307294083,1.419099687058255,1.092668588612507,0.28892914613673354,0.2648494748678557,0.4462213789954108,0.2902483934623753,0.2649490158992252,0.44480259063839944,0.28867761189068697,0.2673524285746236,0.4439699595346892,0.28582,0.26634,0.44784,0.3064490939457325,0.2630999362290941,0.43045096982517306,0.2568638290031325,0.2795282845034089,0.4636078864934587
1149,Southampton,Crystal Palace,0,2,2.7,3.1,2.8,1.2290161668144257,1.3549496099503964,0.018882659667648224,1.2478988264820738,1.3738322696180445,1.241002052107428,1.28436110830948,1.2484362848389918,1.3747558538893858,1.2462952354720382,1.378981205421931,0.39849515430540355,0.2619296370263956,0.33957520866820057,0.400059475780475,0.26174471005374245,0.33819581416578237,0.3974433871171538,0.2642408699484943,0.33831574293435196,0.39766,0.2584,0.34394,0.3761000151085161,0.2683742592135404,0.3555257256779435,0.3527021535960991,0.30719219829337663,0.34010564811052413
1150,Wolverhampton Wanderers,Brentford,2,0,3.0,3.1,2.45,1.2711531046530922,1.1287822637159066,0.02596551043368317,1.2971186150867753,1.1547477741495897,1.30077765085992,1.1620964450201623,1.29123904329753,1.1452824617343262,1.28902458784649,1.1488025202168528,0.32823108021263236,0.2732588028738437,0.3985101169135241,0.329625141063845,0.27324256730083135,0.39713229163532393,0.3276248721273261,0.27574724070537665,0.39662788716729724,0.32792,0.27498,0.3971,0.3309510714997803,0.27162487320083917,0.3974240552993805,0.3132604660754795,0.303155289750464,0.3835842441740565
1151,Leeds United,Crystal Palace,1,5,3.6,3.4,2.1,1.3400233042413319,1.0658908418199948,0.027066430296066955,1.367089734537399,1.0929572721160619,1.38536180414997,1.1605156180122653,1.3611974852055153,1.0814717120386257,1.3588630520835447,1.0847956463524449,0.29767388577403103,0.27044606774607777,0.4318800464798911,0.298999429399754,0.2705144439547064,0.43048612664553954,0.2973114725342974,0.27297850931987167,0.4297100181458309,0.29788,0.27248,0.42964,0.31438094591325744,0.2651436249330249,0.4204754291537177,0.26503340757238314,0.28062360801781744,0.4543429844097996
1152,Liverpool,Arsenal,2,2,2.38,3.6,2.88,1.2742419208237368,1.455483059936217,0.015564743498853287,1.28980666432259,1.4710478034350702,1.340473578483743,1.4395670240160516,1.2943766669421606,1.4767588714663733,1.2921568305139737,1.4812977321979692,0.4149345246818586,0.25311588692551923,0.33194958839262245,0.41655804612418557,0.2529035063943589,0.3305384474814558,0.41384164688098163,0.255332516585405,0.3308258365336133,0.41308,0.25292,0.334,0.39578561525686456,0.25349624907813145,0.3507181356650041,0.40201005025125636,0.2657733109994417,0.33221663874930213
1153,Manchester United,Everton,2,0,6.5,4.33,1.5,2.060132948358598,0.8942375541447865,0.021186489224400657,2.081319437582999,0.9154240433691871,2.064666077772822,0.8480574632683493,2.092685835849998,0.9073092484769804,2.089096911258098,0.910097889465632,0.1531548301584567,0.19987135493808703,0.6469738149034563,0.1540869688520268,0.20032626221816877,0.6455867689298044,0.153925479175083,0.2025021893024859,0.6435723315224312,0.15498,0.19918,0.64584,0.14416288301085,0.20014553095822665,0.6556915860309234,0.14631673800405498,0.2196440639783735,0.6340391980175715
1154,Aston Villa,Nottingham Forest,2,0,5.25,4.2,1.6,1.8958806458774704,0.8608589357530295,0.02565166950062454,1.921532315378095,0.8865106052536541,1.8768984948551304,0.9192131695294098,1.9258381247923841,0.8734427115284309,1.92253534150419,0.8761272627447838,0.16416374745044954,0.2152138035764129,0.6206224489731375,0.16511383720549844,0.2156398919345508,0.6192462708599507,0.16481625869430505,0.21792246236545337,0.6172612789402416,0.16462,0.21944,0.61594,0.17985942821781947,0.22151221973925597,0.5986283520429247,0.18079096045197737,0.22598870056497172,0.5932203389830508
1155,Brentford,Newcastle United,1,2,2.05,3.4,3.6,1.131925731095722,1.54365522802552,0.016305947084330655,1.1482316781800528,1.5599611751098508,1.1409416990764547,1.535080409354828,1.1498116888939007,1.5662199136636001,1.1478397792189592,1.5710337354733261,0.4695773430585108,0.2508898988293338,0.27953275811215494,0.4712369574503329,0.25053409313700103,0.2782289494126663,0.4680041828196382,0.25316299588048063,0.2788328212998812,0.46822,0.25322,0.27856,0.46375722134086345,0.25366897690140916,0.2825738017577275,0.4603234298608499,0.27754795035727714,0.26212861978187285
1156,Fulham,West Ham United,0,1,2.63,3.25,2.8,1.2005324698133601,1.3354946056306662,0.020078919586505563,1.2206113893998658,1.355573525217172,1.2179658115281884,1.2924259387038344,1.2195025068931244,1.3550164621957188,1.2174110785182126,1.3591811441419455,0.39950725852894003,0.26470610426977786,0.3357866372012821,0.40106050410148397,0.2645130149146354,0.3344264809838804,0.3984144358814926,0.26704975357591915,0.3345358105425881,0.39182,0.2685,0.33968,0.38312809975813455,0.2691615035537847,0.3477103966880807,0.36383263698698604,0.2944245647002379,0.34174279831277615
1157,Leicester City,AFC Bournemouth,0,1,4.2,3.75,1.83,1.7629992437441042,0.957977208096128,0.022909290397434313,1.7859085341415386,0.9808864984935622,1.831835524968947,1.016215636523074,1.7908570167459634,0.9719806294279653,1.7877857240187558,0.9749680397601624,0.20269988087749619,0.23110367281508415,0.5661964463074198,0.20379911913574295,0.23144478337416538,0.5647560974900918,0.2031540838224372,0.23369069286771085,0.563155223309852,0.20082,0.23276,0.56642,0.2073910352017154,0.2277453755311216,0.5648635892671631,0.2264963612060003,0.25367592455072036,0.5198277142432793
1158,Tottenham Hotspur,Brighton & Hove Albion,2,1,2.7,3.5,2.55,1.5111404142555345,1.2007297492735909,0.018056110050075895,1.5291965243056103,1.2187858593236667,1.5279809430242075,1.2563227385830051,1.5350184770418032,1.218281653893708,1.5323859435449447,1.2220260774862957,0.30212637351853894,0.2516172147668041,0.446256411714657,0.30353457721197047,0.2517044496582147,0.4447609731298151,0.3019197093361199,0.25394421558006475,0.44413607508381536,0.3042,0.25548,0.44032,0.31294205090410204,0.25097204019915226,0.4360859088967458,0.3533254156769596,0.2725653206650831,0.37410926365795727
1159,Wolverhampton Wanderers,Chelsea,1,0,1.91,3.5,4.2,1.1568653479088968,1.736143226218098,0.012507101843640284,1.169372449752537,1.7486503280617383,1.092705576084504,1.7494318246672569,1.175145385390547,1.7615216432448084,1.1731300288088586,1.766935730519897,0.5111476178502854,0.23457331091397746,0.2542790712357371,0.5128799593781106,0.2341419794040093,0.25297806121788013,0.5093809499232983,0.23674724758132076,0.253871802495381,0.5094,0.2337,0.2569,0.5275073593292853,0.23578512703378504,0.23670751363692966,0.49988098071887643,0.2727921923351583,0.22732682694596523
1160,Southampton,Manchester City,1,4,1.25,6.0,11.0,0.8126970451837301,2.309180065770704,0.01153372706963475,0.8242307722533648,2.3207137928403387,0.8026652531146661,2.4254773488440264,0.8255387578982116,2.3429349621490134,0.8241229714007682,2.3501360399294517,0.7128093112548786,0.17234025989671437,0.11485042884840713,0.7143731444440409,0.17160177908971755,0.11402507646624194,0.7099208631155566,0.17470907865948404,0.11537005822495916,0.71064,0.17396,0.1154,0.7318816459892661,0.16353202851886983,0.10458632549186409,0.7564469914040115,0.15759312320916904,0.08595988538681948
1161,Manchester United,Brentford,1,0,5.0,4.0,1.65,1.8457122774927315,0.9666055854513689,0.021116620111991582,1.8668288976047231,0.9877222055633604,1.8801903405348925,0.9713731776998455,1.8748770283203842,0.9807351337959308,1.8716616425427122,0.9837494513483033,0.1937871314204827,0.22307006294349122,0.5831428056360259,0.19486881319905866,0.22343697605238974,0.5816942107485513,0.19432991436925953,0.22563369495075267,0.5800363906799878,0.1952,0.22728,0.57752,0.19103155375326836,0.2223697975158869,0.5865986487308448,0.18938307030129126,0.23672883787661403,0.5738880918220947
1162,West Ham United,Newcastle United,1,5,2.15,3.25,3.6,1.2481824708483742,1.4626691687198916,0.01585996668370607,1.2640424375320802,1.4785291354035976,1.2256241643446772,1.4042083604893638,1.2679054424044758,1.4840500246166402,1.2657310037264402,1.488611294916488,0.42247838362190465,0.25363717845459716,0.3238844379234982,0.42410597947113704,0.2534033316266758,0.32249068890218713,0.42131200429817406,0.2558659098438378,0.32282208585798833,0.41978,0.25582,0.3244,0.4111109081194016,0.26092816706957683,0.32796092481102124,0.4427206508371961,0.29287673824614513,0.2644026109166588
1163,AFC Bournemouth,Brighton & Hove Albion,0,2,1.53,4.2,6.0,1.0980369276166813,1.7612541554207983,0.013064713662883145,1.1111016412795645,1.7743188690836815,1.0969165211096872,1.7476463231429782,1.1153873964757843,1.7869996364221916,1.113474523942253,1.7924920310397903,0.5309702653441267,0.23252704941581076,0.23650268524006213,0.5326943801570325,0.23204877264541834,0.23525684719754925,0.5290316536608558,0.23474607572118578,0.23622227061795786,0.52464,0.23692,0.23844,0.5260931386641486,0.23594248536241275,0.23796437597343878,0.6175562417291575,0.22496691662990734,0.15747684164093514
1164,Leeds United,Nottingham Forest,2,1,5.0,3.75,1.7,1.718134004737521,0.9131878862881626,0.02612875624135749,1.7442627609788786,0.9393166425295201,1.7459510045174729,0.9466464335013818,1.7452828462702634,0.926536590848929,1.7422897125568808,0.9293843276256278,0.19813579353760097,0.23509374783939124,0.5667704586230081,0.19920116957719358,0.2354394795312679,0.5653593508915389,0.1985707104620876,0.23775355225502126,0.5636757372828911,0.19988,0.23954,0.56058,0.2027766093767616,0.23527461770926275,0.5619487729139754,0.1895910780669145,0.2527881040892193,0.5576208178438662
1165,Leicester City,Aston Villa,1,2,2.75,3.3,2.55,1.3292002618104004,1.2748048536488006,0.019135976312951157,1.3483362381233515,1.2939408299617516,1.3409215951228302,1.2460122815264403,1.3502034240629763,1.293439565759534,1.3478878455897656,1.2974149893490932,0.3561790682577836,0.261240799570516,0.3825801321717004,0.3576796550718317,0.2611713792619448,0.3811489656662238,0.3554858642485424,0.2635607556738681,0.38095338007758905,0.35756,0.2634,0.37904,0.3455563844960038,0.26433514745161246,0.39010846805238364,0.34343434343434337,0.2861952861952861,0.37037037037037035
1166,Chelsea,Liverpool,0,0,3.25,3.4,2.2,1.4572651009241897,1.1713551751105014,0.019952184610428202,1.477217285534618,1.1913073597209296,1.472686710250138,1.2247740670079919,1.480291860878359,1.1884776910823578,1.4777531827014037,1.1921305113407357,0.30430025166728125,0.2567005420848148,0.4389992062479041,0.3056945651526958,0.25677416337205516,0.43753127147524906,0.30402917959267706,0.2590734976256835,0.43689732278163973,0.30046,0.26156,0.43798,0.31498432986382197,0.25601833625574466,0.4289973338804334,0.29127725856697817,0.27842679127725856,0.43029595015576316
1167,Everton,Tottenham Hotspur,1,1,2.2,3.3,3.4,1.1159071661468378,1.5379702060956608,0.016754454940575543,1.1326616210874134,1.5547246610362364,1.1245855836664242,1.5293278043851168,1.1335400089492247,1.5604517898011565,1.1315960049595535,1.5652478831168135,0.47187196086844996,0.25171512518516503,0.276412913946385,0.47352718967646446,0.251351369023898,0.27512144129963745,0.47026575000630605,0.2540048132841059,0.2757294367095878,0.47096,0.25232,0.27672,0.4660604768388605,0.2545429301256049,0.27939659303553455,0.43220338983050843,0.288135593220339,0.2796610169491525
1168,West Ham United,Southampton,1,0,5.0,3.6,1.73,1.709922587858869,0.9115281722314648,0.02639870581374026,1.7363212936726093,0.937926878045205,1.7411320392780252,0.9511314217933009,1.7369416778966853,0.924852615593708,1.733962849161044,0.9276951766241787,0.19884096992063396,0.23593466250108097,0.5652243675782851,0.19990716301547753,0.2362780832304595,0.563814753754063,0.19926713202865134,0.2385983366605314,0.5621345313108173,0.2027,0.23654,0.56076,0.20448002300206558,0.23581272580454485,0.5597072511933894,0.1894275807530872,0.26309386215706554,0.5474785570898474
1169,Newcastle United,Manchester United,2,0,2.9,3.4,2.4,1.4248633119472753,1.1425672994139577,0.02163412903402085,1.4464974409812963,1.1642014284479787,1.4188077789455196,1.2560232992762184,1.4473780798031066,1.1592690029184398,1.4448958482634293,1.1628320494363038,0.3026744869612351,0.26027799590582273,0.4370475171329421,0.3040504737621421,0.2603499874055071,0.4355995388323507,0.3023787375613828,0.2626922715080781,0.43492899093053894,0.3035,0.26026,0.43624,0.3330836405660422,0.2585828255298384,0.4083335339041194,0.32666132906325057,0.2786228983186549,0.39471577261809443
1170,Manchester City,Liverpool,4,1,5.0,4.2,1.62,1.8483919005240022,1.0666119200835864,0.01730759998414501,1.8656995005081471,1.0839195200677314,1.8955719389714698,1.028291122341861,1.8775989930204904,1.082203330806368,1.8743789391144814,1.0855295137714462,0.216137031421882,0.22438536107263873,0.5594776075054791,0.21732271589761262,0.22470725141119366,0.5579700326911936,0.21660540196578293,0.22681666906362236,0.5565779289705947,0.21552,0.22792,0.55656,0.201714758009177,0.22198860228858744,0.5762966397022357,0.18950534759358292,0.22560160427807488,0.5848930481283423
1171,Arsenal,Leeds United,4,1,9.0,6.0,1.29,2.2120934871932314,0.8199925252825689,0.02282992412021649,2.234923411313448,0.8428224494027854,2.27020951444999,0.8201712821094699,2.2470475567674466,0.8319789282193462,2.243193904156291,0.8345360393088908,0.12404993913941456,0.18160667996735894,0.6943433808932264,0.12485155516334762,0.18210765375282414,0.6930407910838282,0.1249179207179748,0.18430022928593537,0.6907818499960898,0.1235,0.18656,0.68994,0.11993320110772435,0.17877740949051352,0.701289389401762,0.10552147239263804,0.15828220858895706,0.7361963190184049
1172,AFC Bournemouth,Fulham,2,1,2.8,3.3,2.55,1.2613777342109989,1.2578435494794544,0.021135425638885756,1.2825131598498847,1.2789789751183402,1.2862912170015506,1.2068605325852462,1.2813092087785227,1.2762303263714647,1.2791117828436616,1.2801528568703588,0.3655686952701104,0.26646567006291044,0.3679656346669792,0.3670648368138394,0.26636150952543675,0.36657365366072403,0.36474342348667793,0.26883423860204053,0.36642233791128165,0.362,0.26968,0.36832,0.3459428308407851,0.27022060852636215,0.38383656063285276,0.33938294010889286,0.2879612825166364,0.37265577737447064
1173,Brighton & Hove Albion,Brentford,3,3,5.0,4.0,1.67,1.7844754916073404,1.0116526726991277,0.02020089445047349,1.8046763860578139,1.0318535671496012,1.8035643240186134,0.9628861329783978,1.8126726183780844,1.026440705752064,1.8095639122236706,1.0295955006902677,0.21231422137962078,0.22966550134857583,0.5580202772718033,0.2134633206116484,0.22998900035080486,0.556547679037547,0.21275072806550735,0.23217525901735844,0.555074012917134,0.21352,0.23,0.55648,0.19893065559241496,0.2297196787530488,0.5713496656545363,0.19069369112189552,0.2383671139023694,0.5709391949757351
1174,Crystal Palace,Leicester City,2,1,2.9,3.25,2.5,1.2885569889299606,1.067248067560155,0.02850366700090441,1.317060655930865,1.0957517345610595,1.2960528872033865,1.1488330915236078,1.3089179324896054,1.0828487772945083,1.306673158010696,1.0861769440578732,0.30772977401761553,0.2749618281499411,0.4173083978324432,0.3090673832800786,0.2749967414685455,0.415935875251376,0.30725438395416327,0.27751265904320455,0.4152329570026321,0.30678,0.27876,0.41446,0.32826252812673,0.2726933882082669,0.3990440836650032,0.3276209677419355,0.2923387096774194,0.3800403225806452
1175,Nottingham Forest,Wolverhampton Wanderers,1,1,2.55,3.1,3.0,1.2226842801175797,1.3742424206668271,0.018488090074394604,1.2411723701919744,1.3927305107412218,1.200768554637119,1.326616032799103,1.2420043457666838,1.3943306810826746,1.2398743270780648,1.398616196407828,0.40499171176461174,0.2608902116640329,0.3341180765713553,0.40656820039322017,0.260689611441904,0.332742188164876,0.4038951162952312,0.26319201244740636,0.33291287125736224,0.4053,0.26468,0.33002,0.3959895712808505,0.26767990617388304,0.33633052254526663,0.3741701870850936,0.30778515389257693,0.3180446590223295
1176,Chelsea,Aston Villa,0,2,5.25,3.8,1.67,1.9057157268086407,0.927680104035435,0.021931507906258897,1.9276472347148996,0.9496116119416939,1.9391493041673098,0.9314199324868248,1.9358286133069709,0.9412406514557524,1.9325086964819116,0.9441335815843063,0.17763839036372814,0.21623035665221965,0.606131252984052,0.1786583756553396,0.21663308518853341,0.604708539156127,0.1782668448961668,0.2188401814651517,0.6028929736386817,0.17778,0.21678,0.60544,0.1751267154757169,0.21563180783974606,0.6092414766845371,0.1809859255351006,0.2500463444892837,0.5689677299756157
1177,Arsenal,Crystal Palace,4,1,15.0,5.5,1.25,2.2826818301121814,0.8136119066014333,0.022201443578956703,2.304883273691138,0.83581335018039,2.3849327659847885,0.779509347881215,2.318751290995038,0.825505039582522,2.314774667562992,0.8280422529897286,0.11682117441623834,0.17455630654842533,0.7086225190353364,0.11759329828002321,0.17506681949382388,0.707339882226153,0.11771807254579958,0.17723717941945877,0.7050447480347417,0.1154,0.17692,0.70768,0.10379991244010994,0.16573915254954452,0.7304609350103454,0.06358381502890173,0.17341040462427745,0.7630057803468208
1178,Aston Villa,AFC Bournemouth,3,0,5.0,3.8,1.7,1.7978523594123812,0.9030466788514155,0.025090971667312126,1.8229433310796934,0.9281376505187277,1.823082225140017,0.9473618838177917,1.8262608587904086,0.9162471423064957,1.8231288490089808,0.9190632541680906,0.18539437420866983,0.2265897489972672,0.5880158767940629,0.18642299450911445,0.22696864721272172,0.5866083582781638,0.18592804683812597,0.22925197535200267,0.5848199778098713,0.18424,0.22998,0.58578,0.19285975275099845,0.22752050535444368,0.5796197418945577,0.19022379269729095,0.2502944640753828,0.5594817432273262
1179,Brentford,Leicester City,1,1,3.75,3.6,1.91,1.499361406127526,1.0537836475396576,0.023698580185750825,1.5230599863132768,1.0774822277254084,1.528938953958538,1.1131903955140952,1.5230533446509618,1.0691875384510345,1.5204413311753826,1.0724737170051328,0.2662974530765924,0.2563211408667025,0.4773814060567054,0.26757300746318424,0.25648940028443884,0.47593759225237675,0.26626046116578905,0.2588221471560742,0.47491739167813685,0.26358,0.2563,0.48012,0.2765601466957878,0.25484196768667117,0.468597885617541,0.24968680211340483,0.26009041886813006,0.49022277901846495
1180,Southampton,Tottenham Hotspur,3,3,1.75,3.6,4.75,0.9620587686311206,1.7938289535186314,0.015127348265253486,0.9771861168963741,1.8089563017838848,1.0187264825773377,1.7696305817568094,0.9772605986296727,1.8200506030746713,0.975584611467609,1.8256445807858803,0.5716137918003342,0.22831988072880977,0.20006632747085606,0.5732978240764791,0.22774822594334324,0.19895394998017746,0.5693113371656076,0.23067212588820954,0.20001653694618304,0.56992,0.22996,0.20012,0.549907851577125,0.2336454387788865,0.2164467096439887,0.5392195506503745,0.2621206148994876,0.19865983445013796
1181,Wolverhampton Wanderers,Leeds United,2,4,3.3,3.2,2.25,1.3540985996773927,1.1182343125401266,0.024238234168862328,1.378336833846255,1.142472546708989,1.364940572973292,1.137087973123354,1.3754951893502487,1.134580323795799,1.3731362358816817,1.1380674889505304,0.30931553534203093,0.26703010372885716,0.4236543609291117,0.3106849602084647,0.26707403562189197,0.4222410041696434,0.30890803937174355,0.26949574086734546,0.4215962197609111,0.30776,0.26782,0.42442,0.31195050323303586,0.2677805309769824,0.42026896578998163,0.2858844550327576,0.2948183442525313,0.41929720071471116
1182,Chelsea,Everton,2,2,7.5,4.2,1.5,2.1149551292167583,0.7862790377843191,0.02642421993455447,2.141379349151313,0.8127032577188735,2.1914033548185476,0.8097932678841897,2.148374281328085,0.7977726271489008,2.1446898518935384,0.8002246041913769,0.12642903083089077,0.18937096659676061,0.6842000025723487,0.12722531617252283,0.18986572095560253,0.6829089628718745,0.1272492597764665,0.19213680720659232,0.6806139330169412,0.12686,0.19154,0.6816,0.12485467374052386,0.18576247036024165,0.6893828558992343,0.12844036697247707,0.22935779816513763,0.6422018348623854
1183,Nottingham Forest,Newcastle United,1,2,1.62,3.8,5.5,0.9959057799737258,1.8204703555114017,0.014000505500177472,1.0099062854739032,1.8344708610115792,1.0311014303242663,1.8178432405265679,1.0116424385390623,1.847081441030868,1.0099074870409996,1.8527584987975365,0.5694261361547753,0.22624557746336746,0.2043282863818574,0.5711270411693606,0.22568420251372415,0.2031887563169158,0.5671782136039767,0.22855148357654553,0.20427030281947778,0.56634,0.22758,0.20608,0.5580870946499504,0.2292332052510875,0.21267970009896253,0.5811043763554468,0.24773397097258518,0.17116165267196795
1184,Brighton & Hove Albion,Crystal Palace,1,0,8.0,4.2,1.44,1.9105034204451876,0.8280370991243515,0.027431843797208613,1.9379352642423961,0.8554689429215602,1.9251153271423818,0.8620184913275275,1.940691958979673,0.8401410952105163,1.9373637015902612,0.8427232929543257,0.1554065748776037,0.21252544361447614,0.6320679815079201,0.15631546785913872,0.21296743737308524,0.630717094767776,0.1560844276825105,0.21528092303003313,0.6286346492874565,0.1579,0.21552,0.62658,0.16178757175395939,0.2149128145600078,0.6232996136860329,0.11819887429643527,0.225140712945591,0.6566604127579737
1185,Southampton,Brentford,0,2,2.5,3.25,2.88,1.2219216688204229,1.337757368865338,0.019527183805848895,1.2414488526262717,1.3572845526711868,1.2098828700149238,1.3244479458783542,1.2412296841793864,1.3573123018195588,1.239100994023686,1.3614840400946935,0.3954522104488595,0.2634700976420339,0.34107769190910686,0.3970059583977376,0.26329047747363515,0.3397035641286271,0.39440910464539525,0.26579822807790365,0.3397926672767011,0.39306,0.26678,0.34016,0.3934457877883153,0.2673606451216504,0.33919356709003456,0.3791776382418473,0.29167510633988253,0.32914725541827017
1186,Newcastle United,Wolverhampton Wanderers,2,1,5.5,3.75,1.65,1.7643525984495203,0.9435183115581349,0.023591709578170007,1.7879443080276902,0.967110021136305,1.775732169453511,0.964490195389599,1.7922317562865167,0.957310377109789,1.7891581059017667,0.9602526980008755,0.19913068973107734,0.2307617584471393,0.5701075518217834,0.20021400700671022,0.23111025418534617,0.5686757388079435,0.19959776656896108,0.23336941046981033,0.5670328229612283,0.19984,0.23168,0.56848,0.20297404898628565,0.23250165656058858,0.5645242944531257,0.17241379310344826,0.2528735632183908,0.5747126436781609
1187,Fulham,Arsenal,0,3,1.57,4.0,6.0,0.9960991397401657,1.9555864300679884,0.012129420371557538,1.0082285601117233,1.967715850439546,0.9968283685341187,1.9300255175092937,1.0118388536513854,1.984172601533894,1.0101035653043724,1.9902710129129084,0.5995164901140907,0.21347687326063652,0.18700663662527284,0.6012298630705852,0.21287243202291614,0.1858977049064987,0.5971437822694042,0.21574513133623882,0.1871110863943568,0.59478,0.21848,0.18674,0.5914232206657147,0.2181598524842656,0.19041692685001976,0.6045340050377834,0.23727959697732998,0.15818639798488665
1188,Manchester United,Southampton,0,0,9.0,5.0,1.36,2.174532703696721,0.7281102921537118,0.02965095982257955,2.2041836635193004,0.7577612519762914,2.225891163663896,0.7752315876787403,2.208893262080202,0.738753588372981,2.2051050435079946,0.7410241687076448,0.11038507325521453,0.18002151846042236,0.7095934082843631,0.1110992510410392,0.18053529252484218,0.7083654564341187,0.1112266131805346,0.18284761341499645,0.705925773404469,0.10818,0.18488,0.70694,0.11557391057777762,0.1804856182971059,0.7039404711251165,0.10618363522798252,0.19113054341036856,0.702685821361649
1189,West Ham United,Aston Villa,1,1,3.4,3.3,2.2,1.3846831917514066,1.1113427906836786,0.023791706987618542,1.4084748987390252,1.1351344976712971,1.4119746119999776,1.146099857289276,1.4065630593532668,1.127588063755438,1.404150824957022,1.1310537379984604,0.30175061421966953,0.26475490798573953,0.43349447779459094,0.30310751700276284,0.2648220291514702,0.4320704538457668,0.30141684791537166,0.2672176476748884,0.43136550440974,0.30314,0.26552,0.43134,0.30565444248979706,0.26360526452512273,0.43074029298508054,0.2796610169491525,0.288135593220339,0.43220338983050843
1190,AFC Bournemouth,Liverpool,1,0,1.4,5.0,7.5,0.8104944413072355,2.0995774251797945,0.014004098033464528,0.8244985393406999,2.113581523213259,0.8748537224316378,2.1160088741337817,0.8233013499008293,2.1302684134988574,0.8218894005242983,2.136815854544658,0.6745763677656941,0.19246340560592218,0.13296022662838392,0.6761750328194351,0.1917454220156101,0.13207954516495513,0.67173842631919,0.19490650676474944,0.13335506691606047,0.67354,0.19472,0.13174,0.659384882113276,0.1962599740572947,0.14435514382942938,0.6818181818181818,0.19090909090909092,0.12727272727272726
1191,Everton,Brentford,1,0,2.7,3.25,2.7,1.2932541790009637,1.2113731888553645,0.022013304767898756,1.3152674837688625,1.2333864936232632,1.2871569277028654,1.2385722764842744,1.3136893445179967,1.2290806760588917,1.3114363871395458,1.2328582907557228,0.34644930295653387,0.26708253890500044,0.3864681581384658,0.3479065048442484,0.2670286289950715,0.38506486616068003,0.3457693254029237,0.2694769692103218,0.3847537053867548,0.34498,0.26814,0.38688,0.3543080959792248,0.2683318539535107,0.3773600500672646,0.3532608695652174,0.29347826086956524,0.3532608695652174
1192,Leeds United,Brighton & Hove Albion,2,2,1.95,3.6,3.75,1.1645728040479308,1.502197473780541,0.01655299482067866,1.1811257988686095,1.5187504686012196,1.1682481208857147,1.507764992934363,1.1829746297630728,1.5241561424954022,1.1809458461455709,1.5288406800984327,0.45142421780003283,0.25345537427584486,0.2951204079241223,0.45306857779454535,0.25314333860863397,0.2937880835968206,0.44999267805032733,0.25572221373553666,0.29428510821413567,0.45462,0.25418,0.2912,0.45058267795560675,0.2551704157872041,0.29424690625718886,0.4850444624090542,0.2627324171382377,0.25222312045270817
1193,Leicester City,Chelsea,1,3,1.95,3.5,3.75,1.0771240959152855,1.6533854856085584,0.015225478717763894,1.0923495746330494,1.6686109643263223,1.1015263591048088,1.6554534279279105,1.094144113743039,1.6775541749920304,1.092267673118448,1.6827101858460134,0.5099920761132584,0.24213664950624753,0.24787127438049406,0.5116817574287922,0.24169180634700468,0.2466264362242031,0.5081336901162202,0.24441340168188008,0.24745290820189958,0.50424,0.24564,0.25012,0.5028828416304367,0.24402583289153285,0.25309132547803037,0.48143053645116923,0.2682255845942228,0.25034387895460797
1194,Tottenham Hotspur,Nottingham Forest,3,1,7.0,4.75,1.44,2.1507184596558346,0.7614358616368029,0.02752929515582766,2.1782477548116623,0.7889651567926306,2.196365514197678,0.7944984457691244,2.184702720768029,0.7725663009599488,2.180955988608698,0.7749408056361926,0.11854514784548545,0.18439094427473027,0.6970639078797845,0.11930295019451792,0.18489593720093261,0.6958011126045494,0.11938150736782252,0.18717997352439117,0.6934385191077863,0.11702,0.18936,0.69362,0.121589842891125,0.18445341706032137,0.6939567400485536,0.13633645604943193,0.20091688259916285,0.6627466613514053
1195,Crystal Palace,Manchester City,0,1,1.36,4.75,9.0,0.8952005558544605,2.0535211512330145,0.012755106655076119,0.9079556625095365,2.0662762578880907,0.8844000250248483,2.1459579210752477,0.9093459356466661,2.083538902857508,0.9077864211055543,2.089942719412571,0.6446524277951534,0.20082977078291636,0.1545178014219306,0.6463106831660806,0.20015346642260165,0.15353585041131768,0.641998283811857,0.2031853525844308,0.15481636360371231,0.6405,0.2047,0.1548,0.662940548489796,0.1938018475277637,0.14325760398244036,0.6956875508543532,0.19918633034987795,0.10512611879576893
1196,Brentford,Fulham,3,2,3.75,3.6,1.95,1.4725056843451787,1.0750866281741234,0.023346294326807078,1.4958519786719857,1.0984329225009304,1.4736296464761034,1.1368680690768984,1.495773266134561,1.0908019196187564,1.4932080375814865,1.0941545305930793,0.2764352148218068,0.25827010633728825,0.46529467884090536,0.2777381282061107,0.25841083586656266,0.46385103592732657,0.276322320457553,0.2607506390835832,0.4629270404588639,0.27716,0.26192,0.46092,0.29218023655741393,0.25887822474762556,0.4489415386949601,0.2522231204527081,0.26273241713823764,0.48504446240905413
1197,Nottingham Forest,Everton,2,2,2.88,3.0,2.7,1.2334060098651523,1.2278724560566487,0.0228800347913284,1.2562860446564807,1.2507524908479772,1.2634987764596095,1.2183936070897248,1.2528954933484133,1.2458211245621251,1.2507467965062364,1.2496501915073963,0.36325076900385306,0.27012585475161593,0.3666233762445309,0.3647280790525729,0.27002120185529954,0.3652507190921275,0.36240425061196385,0.2725361621766203,0.36505958721141607,0.3591,0.27462,0.36628,0.3536587559853245,0.27111808717058244,0.37522315684409313,0.33039647577092507,0.3171806167400881,0.35242290748898675
1198,Liverpool,Manchester United,7,0,2.88,3.6,2.38,1.4882386764929376,1.2336259961022913,0.017471909028817928,1.5057105855217556,1.2510979051311093,1.4428128714328623,1.267536656197162,1.511754860841537,1.2516587681174627,1.509162224094992,1.2555057772275722,0.314700663511137,0.25227477213683736,0.43302456435202585,0.316141953251748,0.2523291296844832,0.43152891706376917,0.31440453325550766,0.25457446003208717,0.43102100671240506,0.31402,0.25286,0.43312,0.3314977797591152,0.2564619271018258,0.4120402931390591,0.332216638749302,0.2657733109994416,0.40201005025125625
1199,Manchester City,Newcastle United,2,0,7.0,4.5,1.45,2.10556981514798,0.8936240127113063,0.020583683446640324,2.12615349859462,0.9142076961579466,2.1661943189641635,0.8611665684948424,2.1388406666007516,0.9066867384802348,2.1351725871714273,0.9094734661665634,0.14830412304615104,0.1954505461404711,0.6562453308133778,0.1492204053982834,0.19591528742158873,0.6548643071801279,0.14910596915027738,0.19807370573980146,0.6528203251099212,0.14774,0.1963,0.65596,0.13683597184883026,0.19079081714887186,0.672373211002298,0.13544369486248053,0.21069019200830302,0.6538661131292164
1200,Arsenal,AFC Bournemouth,3,2,12.0,7.0,1.22,2.3849259952887927,0.7557156630013867,0.0242171460880707,2.4091431413768634,0.7799328090894574,2.451596755865305,0.7720015078333496,2.4226110522953355,0.7667624861894967,2.4184563109417865,0.7691191526746424,0.09896047767030006,0.16151715405121558,0.7395223682784844,0.09963991018732841,0.16204296793342535,0.7383171218792463,0.09987474594361562,0.1642289024794365,0.735896351576948,0.1029,0.16454,0.73256,0.09774073684784734,0.15926732140393496,0.7429919417482176,0.07967904459787273,0.13659264788206754,0.7837283075200596
1201,Aston Villa,Crystal Palace,1,0,3.8,3.3,2.05,1.4782091593340947,1.0788206802077562,0.023061061193094576,1.5012702205271893,1.1018817414008508,1.4544596684814253,1.1045883607472622,1.5015668637438508,1.0945905548966044,1.4989916992584067,1.0979548103500778,0.2764282424596243,0.2576653468782025,0.465906410662173,0.27773326212095784,0.2578070029822966,0.46445973489674586,0.27632107911123616,0.2601397952430905,0.46353912564567334,0.27776,0.25962,0.46262,0.28714859085072486,0.261491230415343,0.45136017873393197,0.24967706218859564,0.28750692009595863,0.46281601771544567
1202,Brighton & Hove Albion,West Ham United,4,0,4.5,3.6,1.8,1.6433050051125049,1.1065298888407238,0.018928555265344715,1.6622335603778495,1.1254584441060684,1.6577760687515235,1.032485082405246,1.669271447223973,1.1227048083677789,1.666408671911564,1.1261554737853596,0.2560806132535476,0.24263202807208736,0.5012873586743651,0.2573682143470474,0.24284386336745584,0.49978792228549695,0.2562227760024406,0.2450390438550531,0.4987381801425067,0.25676,0.24634,0.4969,0.23587756133930599,0.24426082347009506,0.5198616151905989,0.21052631578947367,0.2631578947368421,0.5263157894736842
1203,Chelsea,Leeds United,1,0,5.5,4.0,1.62,2.049907868020449,0.8460017388055564,0.02383512485300583,2.0737429928734548,0.8698368636585623,2.0445312086022143,0.9232445749234888,2.0822991854102186,0.8583683365657532,2.0787280737668996,0.861006556258461,0.14445672043505287,0.19883949708159154,0.6567037824833555,0.14533962071549722,0.19930703474579886,0.6553533445387041,0.14523238724832188,0.2015385668778687,0.6532290458738095,0.14434,0.2017,0.65396,0.16150481700124336,0.20510360255950746,0.6333915804392493,0.17330837122225196,0.23829901043059643,0.5883926183471516
1204,Wolverhampton Wanderers,Tottenham Hotspur,1,0,2.2,3.4,3.3,1.2064400121613852,1.6611983405980888,0.012889225272170332,1.2193292374335556,1.6740875658702592,1.1728912348394274,1.592949553688042,1.2255033964018553,1.6854812359347904,1.2234016765920983,1.6906616108378576,0.48162966000684226,0.240076210326095,0.2782941296670627,0.4833461931528364,0.23971095140755594,0.27694285543960806,0.48007992938754523,0.24223720918288907,0.2776828614295658,0.48094,0.24504,0.27402,0.470968767399672,0.24823399883187539,0.2807972337684529,0.43220338983050843,0.2796610169491525,0.288135593220339
1205,Southampton,Leicester City,1,0,2.6,3.3,2.75,1.2770874949220374,1.3585091699512044,0.01781100266754315,1.2948984975895805,1.3763201726187475,1.2656027067571511,1.2948974526292987,1.297267204960651,1.3783674464626037,1.2950424113034331,1.3826038983284705,0.38911162288382006,0.2592930384883495,0.35159533862783054,0.39067567239582734,0.2591386508207757,0.3501856767833972,0.3881708365928321,0.2615729565543062,0.35025620685286174,0.38562,0.2652,0.34918,0.3737830384404415,0.2662518955283438,0.3599650660312149,0.3658536585365854,0.2882483370288249,0.34589800443458985
1206,Liverpool,Wolverhampton Wanderers,2,0,6.0,4.75,1.5,2.060162512366186,0.8470806164464916,0.02361058126444861,2.0837730936306347,0.8706911977109402,2.1518023030575426,0.8460165937113662,2.0927158670088994,0.859462984914012,2.0891268909140153,0.8621045690398028,0.1436360480087494,0.1978590855337395,0.658504866457511,0.14451674828079422,0.1983283593875771,0.6571548923316287,0.1444182368157584,0.20055439310195194,0.6550273700822897,0.1426,0.203,0.6544,0.13530074573974665,0.19145489632787357,0.6732443579323798,0.1596638655462185,0.20168067226890757,0.638655462184874
1207,Arsenal,Everton,4,0,10.0,4.75,1.36,2.0039343854201888,0.9256255401245471,0.020546748787983526,2.0244811342081723,0.9461722889125307,2.053675117703333,0.8538243080003391,2.035599259592851,0.9391560545504946,2.03210823761676,0.9420425776106927,0.16576108895590877,0.20651606522691074,0.6277228458171806,0.1667460952087859,0.20694694310947728,0.6263069616817369,0.1664775858567451,0.20911395310010403,0.624408461043151,0.16734,0.2079,0.62476,0.14642789054806307,0.20149314399538804,0.6520789654565489,0.0956187092954411,0.20130254588513916,0.7030787448194198
1208,Tottenham Hotspur,Chelsea,2,0,2.9,3.25,2.55,1.247712964662085,1.1780195866338095,0.02446335016333029,1.2721763148254153,1.2024829367971397,1.3015812034055616,1.2382632461011185,1.2674285173853046,1.1952395209593605,1.2652548966264714,1.1989131238957336,0.34657401956377787,0.2722276047278049,0.3811983757084174,0.34801163280693814,0.2721641477304335,0.37982421946262823,0.3458383163745339,0.27467689130785,0.3794847923176162,0.3462,0.2724,0.3814,0.3513211178671963,0.2673900904836399,0.3812887916491634,0.33008065319127755,0.29453350592452454,0.375385840884198
1209,Everton,Aston Villa,0,2,3.0,3.2,2.5,1.2528141362845977,1.1526303648026777,0.025408838261923784,1.2782229745465215,1.1780392030646014,1.2845638054894368,1.1895936912826794,1.2726102944202176,1.169479167156002,1.2704277869920566,1.1730735949063857,0.3385108836322762,0.27334536706232254,0.3881437493054011,0.339927531974805,0.27330155670959994,0.38677091131559516,0.337825982665551,0.27581754918258755,0.3863564681518614,0.34258,0.27394,0.38348,0.341612018848765,0.27132411053621913,0.38706387061501546,0.31872509960159356,0.298804780876494,0.38247011952191234
1210,Leeds United,Southampton,1,0,4.0,3.5,1.95,1.510504011871282,1.0238038584633586,0.024850479470651114,1.5353544913419332,1.0486543379340099,1.5164526751608554,1.0717321357813911,1.534372018638967,1.0387695138777664,1.5317405938085027,1.0419622017612238,0.25665629288839437,0.2558476875516238,0.4874960195599818,0.25789941726297405,0.25603965162652265,0.4860609311105033,0.2566755487721529,0.25838565378769607,0.4849387974401511,0.25742,0.26224,0.48034,0.268045510301817,0.25686615036031746,0.47508833933786565,0.23842794759825325,0.2724890829694323,0.48908296943231444
1211,Leicester City,Arsenal,0,1,1.7,4.0,4.75,1.1114111679611964,1.6758043891272714,0.014190891778481807,1.1256020597396783,1.6899952809057532,1.131822864196195,1.7610334654598128,1.1289729679101521,1.7003007912674948,1.1270367963268635,1.7055267144987685,0.5073124100283851,0.23992984533135445,0.2527577446402606,0.5090165573011374,0.23949691324831257,0.25148652945055006,0.5055112530503756,0.24216578786239268,0.2523229590872317,0.50586,0.2416,0.25254,0.5210622617973967,0.23475128422888528,0.2441864539737182,0.5608856088560886,0.23837638376383766,0.2007380073800738
1212,West Ham United,Nottingham Forest,4,0,5.0,3.6,1.75,1.7034604249378622,0.9330355085255003,0.02532828102996303,1.7287887059678253,0.9583637895554633,1.7210962796937601,0.9654186207554275,1.7303774040596398,0.946674339630276,1.727409832954455,0.9495839703552236,0.20487758341282536,0.23685692266291444,0.5582654939242602,0.2059690578700612,0.23718724574776484,0.5568436963821741,0.2052782993911313,0.23948928336839198,0.555232417240477,0.2042,0.2395,0.5563,0.21059435103663068,0.23796112959053498,0.5514445193728346,0.19062027231467474,0.264750378214826,0.5446293494704992
1213,AFC Bournemouth,Manchester City,1,4,1.29,5.75,10.0,0.9635798890865942,2.0350162277848542,0.011728382008494001,0.9753082710950882,2.046744609793348,0.9877844945548744,2.158655423451869,0.9788057548460847,2.0647634800304817,0.9771271177644543,2.0711095897851757,0.6242466086310577,0.20509317936679927,0.17066021200214287,0.6259448792581641,0.2044515861008874,0.16960353464094846,0.6217426576885886,0.20737634840189953,0.17088099390951172,0.6185,0.2091,0.1724,0.6409966818462337,0.19685026379486187,0.16215305435890426,0.7389083432389886,0.1657724804831818,0.09531917627782954
1214,Crystal Palace,Liverpool,0,0,1.73,3.8,4.75,0.9505447149960689,1.7989229292106461,0.015294930547987315,0.9658396455440562,1.8142178597586334,1.00456003221836,1.8458860786061928,0.9655646073712019,1.8252190409639768,0.9639086786574418,1.830828904017223,0.5756462030510996,0.22762606399534263,0.1967277329535576,0.5773262151522247,0.22704603639505805,0.19562774845271735,0.5733110200775857,0.22999017301021707,0.19669880691219732,0.57238,0.23134,0.19628,0.5708640196051974,0.2262526676140739,0.2028833127807289,0.5496094879953717,0.25021695111368236,0.20017356089094587
1215,Fulham,Wolverhampton Wanderers,1,1,3.0,3.2,2.5,1.294914223353011,1.1136399885302237,0.026000358702152268,1.3209145820551633,1.139640347232376,1.3126449642988773,1.1426653059314642,1.3153756198164817,1.1299188413459018,1.3131197705013704,1.1333916793006742,0.31938141554709143,0.27212812991403157,0.40849045453887733,0.3207584015073547,0.27213724101037406,0.40710435748227125,0.31885167103015954,0.2746225477838246,0.406525781186016,0.31754,0.2744,0.40806,0.32337133547881325,0.27170875951495416,0.40491990500623276,0.31872509960159356,0.298804780876494,0.38247011952191234
1216,Manchester United,Leicester City,3,0,5.25,4.33,1.62,1.9563630405350958,0.9156324297806805,0.021708689990030044,1.9780717305251259,0.9373411197707106,1.9636221450336928,0.9342282402025274,1.9872762231049939,0.9290168679394912,1.9838680744064086,0.9318722279189399,0.16906627597274254,0.210845287081834,0.6200884369454234,0.17005634246920404,0.21126719893261384,0.6186764585981821,0.1697470126049174,0.21346431567750776,0.6167886717175748,0.16946,0.21418,0.61636,0.17288044516689843,0.2133131685300997,0.613806386303002,0.18337816747315835,0.22234073423419892,0.5942810982926428
1217,Tottenham Hotspur,West Ham United,2,0,4.75,3.6,1.75,1.75536845201389,0.9941104533579161,0.02140246591722041,1.7767709179311104,1.0155129192751366,1.7826464873181191,0.9878507693706237,1.7831056481836267,1.008642059549697,1.7800476489363948,1.0117421498384929,0.21223918820406576,0.2322768258713249,0.5554839859246095,0.21337913438281117,0.23259745340662785,0.554023412210561,0.2126541485562507,0.23481418055020561,0.5525316708935438,0.21162,0.2351,0.55328,0.20747399884671844,0.232102674163519,0.5604233269897625,0.19865983445013796,0.2621206148994876,0.5392195506503745
1218,Aston Villa,Arsenal,2,4,1.5,3.6,4.5,1.1533145717986053,1.6120399590483874,0.01456889497894479,1.1678834667775502,1.6266088540273322,1.2206369682246467,1.6276541000951477,1.1715385022142926,1.6356042720190223,1.1695293313827582,1.6406313486434723,0.4817934718479998,0.2448199389811474,0.273386589170853,0.48348340563852005,0.24444420275481069,0.2720723916066694,0.4801801527593265,0.2470442171939416,0.2727756300467318,0.47842,0.24712,0.27446,0.46871212356641906,0.24456456976320678,0.28672330667037405,0.5714285714285715,0.23809523809523814,0.1904761904761905
1219,Brentford,Crystal Palace,1,1,4.5,3.5,1.83,1.6300303694195317,0.9622766116348591,0.025311988496094777,1.6553423579156266,0.9875886001309538,1.6752565443905287,0.9626407410780513,1.6557870543293847,0.9763428803483665,1.652947404547066,0.9793436981838376,0.22244791864142754,0.24454515593944784,0.5330069254191248,0.22359333516061927,0.24482965815319735,0.5315770066861836,0.22272305778030013,0.24714647954553026,0.5301304626741694,0.22354,0.24634,0.53012,0.2163269399768958,0.24255862531648706,0.5411144347066172,0.21076011846001974,0.27097729516288255,0.5182625863770978
1220,Brighton & Hove Albion,Fulham,0,1,5.5,3.8,1.65,1.7823812645724768,0.9796719730524743,0.02157639869009414,1.803957663262571,1.0012483717425684,1.8168179704287601,0.9521493278064107,1.810545299723041,0.9939925219023897,1.807440241887981,0.9970475864172099,0.2051513299623217,0.22947941502658709,0.5653692550110911,0.20626743496502511,0.22981748115409395,0.5639150838808807,0.20561163485133954,0.23203317860359357,0.5623551865450669,0.20752,0.23258,0.5599,0.19475335686336195,0.22822984878001357,0.5770167943566245,0.17298937784522,0.25037936267071315,0.5766312594840667
1221,Chelsea,Southampton,0,1,8.5,4.75,1.4,2.2909564083596727,0.6977534120202235,0.030035423342223283,2.320991831701896,0.7277888353624468,2.328291130930256,0.7633318218149888,2.3271566187725266,0.7079529605394047,2.323165580330331,0.7101288742613373,0.0961185322560049,0.16651182320060473,0.7373696445433905,0.09676524664647351,0.16703816020561385,0.7361965931479126,0.09698849666700382,0.1693298512107063,0.7336816521222899,0.0953,0.16942,0.73528,0.10535319882195739,0.16996828951809395,0.7246785116599486,0.11285532456512516,0.20195163343232925,0.6851930420025457
1222,Everton,Leeds United,1,0,3.0,3.3,2.4,1.2995625178910482,1.0794069107475819,0.027538586057200793,1.327101103948249,1.1069454968047827,1.3221123502324001,1.1419798948531201,1.3200973636963411,1.0951853547773052,1.3178334166618126,1.0985514383652655,0.3090119195529443,0.27341212994775643,0.4175759504992992,0.3103581310832478,0.2734462711381757,0.4161955977785766,0.3085429587780176,0.2759439273632258,0.41551311385875667,0.30784,0.27482,0.41734,0.32136765124832295,0.27099170136547746,0.40764064738619965,0.31654676258992803,0.2877697841726619,0.3956834532374101
1223,Nottingham Forest,Manchester City,1,1,1.3,5.5,8.5,0.8223859934608674,2.2725568503880114,0.011714444276159938,0.8341004377370274,2.2842712946641712,0.8164368308089411,2.3326637115290896,0.8353808046651464,2.3057763996712164,0.8339481392061926,2.312863269544506,0.704057913565183,0.1763085870413607,0.11963349939345647,0.7056368652774923,0.17557540997994173,0.11878772474256616,0.7011901960037225,0.1786795628661593,0.12013024113011816,0.70278,0.1776,0.11962,0.7131346587843751,0.17275414729287786,0.11411119392274727,0.7197844495765973,0.17013086989992302,0.1100846805234796
1224,Wolverhampton Wanderers,AFC Bournemouth,0,1,6.0,3.6,1.67,1.7223203892984522,0.9000119345746911,0.026808810676588225,1.7491291999750405,0.9268207452512793,1.7574942541186154,0.9356920364056969,1.749535381370516,0.9131680370550193,1.7465349546236841,0.9159746851983427,0.1944401786159352,0.23446503188919304,0.571094789494872,0.19548988020276167,0.23481867334950002,0.5696914464477381,0.19489019070158597,0.2371442473633551,0.5679655619350588,0.19842,0.23416,0.56742,0.19867353771108276,0.23396182302588742,0.5673646392630299,0.15975765306122447,0.26626275510204084,0.5739795918367347
1225,Newcastle United,Liverpool,0,2,2.7,3.5,2.5,1.2958246747512454,1.3169483000298505,0.018574128088171382,1.314398802839417,1.335522428118022,1.35011895377195,1.372184836567511,1.316300457578449,1.3361990523042349,1.3140430221805484,1.3403058984016463,0.374200496558181,0.26084145659057084,0.3649580468512481,0.3757351039521478,0.2607244298441521,0.3635404662037005,0.3733668157568338,0.2631428266649845,0.3634903575781817,0.37064,0.2646,0.36476,0.3765996440957371,0.2569334572778975,0.3664668986263653,0.3507014028056112,0.2705410821643286,0.3787575150300601
1226,Arsenal,Manchester City,1,3,2.35,3.5,2.9,1.292705337457953,1.5243625849999825,0.013909775383350573,1.3066151128413035,1.538272360383333,1.291649631818283,1.4940206864792644,1.3131318305361441,1.5466452566124593,1.310879829285749,1.5513989151525138,0.42841961152777147,0.2478523002059851,0.32372808826624333,0.4300812100797649,0.2476138566883525,0.32230493323188236,0.4272693752525106,0.2500176738825458,0.32271295086494345,0.425,0.252,0.323,0.41987928856392726,0.2520802923827134,0.32804041905335957,0.40293767368003175,0.2705438666137356,0.3265184597062326
1227,Liverpool,Everton,2,0,6.5,4.33,1.5,2.1168580125968686,0.8339883280713523,0.023458177698271368,2.14031619029514,0.8574465057696237,2.161960058153669,0.8258376483615879,2.150307232839784,0.8461793174238315,2.146619488422598,0.8487800738167354,0.13547288036951563,0.19160812154556428,0.67291899808492,0.1363206434237501,0.19209147736561846,0.6715878792106313,0.13629166559068967,0.194308203986501,0.6694001304228094,0.13668,0.19342,0.6699,0.13051334167753129,0.18946892352551206,0.6800177347969566,0.14631673800405498,0.2196440639783735,0.6340391980175715
1228,Leeds United,Manchester United,0,2,1.91,3.8,3.75,1.091157534066491,1.7247309554700558,0.013743092469652671,1.1049006265361436,1.7384740479397085,1.1147277388307797,1.6975021232865921,1.1083992992011928,1.7499425513717048,1.1064984111489102,1.7553210499759373,0.5239333609584192,0.23573477518910094,0.24033186385247973,0.5256465136007132,0.23526758792376498,0.23908589847552153,0.5220216708484585,0.23797241306433867,0.2400059160872029,0.5252,0.23692,0.23788,0.5099682445852376,0.2402625251482738,0.24976923026648867,0.49702656040180676,0.24982124483353968,0.25315219476465356
1229,Manchester City,Aston Villa,3,1,11.0,6.5,1.25,2.2445488137185743,0.9121265174869413,0.018082000791528184,2.2626308145101026,0.9302085182784695,2.352153514303728,0.8457737802280539,2.280015721356817,0.925459707279312,2.276105528841478,0.9283041342234842,0.13812650080951025,0.18330469500752383,0.6785688041829661,0.13901611181489923,0.18378987635053823,0.6771940118345626,0.13900715877340705,0.18587746637645552,0.6751153748501375,0.1398,0.18358,0.67662,0.11758753455526227,0.17265906686179905,0.7097533985829386,0.08701472556894244,0.14725568942436412,0.7657295850066934
1230,West Ham United,Chelsea,1,1,2.25,3.3,3.3,1.1603221946377347,1.554059130845744,0.015545212896622997,1.1758674075343576,1.569604343742367,1.1845138129283477,1.520530450722275,1.1786568549740546,1.5767758975912407,1.1766354762750824,1.581622163520219,0.4656321439260355,0.2494050150594406,0.28496284101452407,0.4672995009844688,0.249062987772709,0.2836375112428222,0.46411624943640983,0.25164948137141846,0.28423426919217154,0.46608,0.25358,0.28034,0.45015795783218626,0.2536959808924846,0.29614606127532916,0.42307692307692313,0.2884615384615385,0.2884615384615385
1231,Arsenal,Brentford,1,1,7.0,4.75,1.44,2.100772709886748,0.8171596957511268,0.024694024636428318,2.1254667345231764,0.8418537203875551,2.130167249977122,0.8229568889357296,2.133967760586963,0.8291046892418809,2.130308038117832,0.831652966275521,0.13373093174302628,0.1923815429553583,0.6738875253016152,0.13456557901704638,0.19286649586806565,0.6725679251148878,0.1345421140332134,0.1951085780675089,0.6703493078992777,0.13424,0.19818,0.66758,0.1329033744776393,0.19245651823914456,0.6746401072832162,0.13633645604943193,0.20091688259916285,0.6627466613514053
1232,Crystal Palace,Brighton & Hove Albion,1,1,2.0,3.5,3.8,1.12618972476573,1.4234932953919104,0.019310519118076196,1.1455002438838062,1.4428038145099866,1.1439976447039346,1.509453639973638,1.1439850459043384,1.4443014902111113,1.1420231288340943,1.4487405922508338,0.4396984994491854,0.26105743094456396,0.2992440696062506,0.44130159103068334,0.26076162545874715,0.2979367835105694,0.43828306386366317,0.26339876930463285,0.29831816683170387,0.43788,0.26434,0.29778,0.4565302578231649,0.25571185930524626,0.28775788287158865,0.4767025089605735,0.27240143369175623,0.25089605734767023
1233,Fulham,Nottingham Forest,2,0,4.33,3.5,1.91,1.5727346198532473,1.0215959307977052,0.02359975414662878,1.596334373999876,1.045195684944334,1.6051920857996338,1.0161827421495522,1.5975859544113897,1.0365293113927216,1.5948461186361202,1.0397151139496124,0.24606596948087453,0.24991620069068493,0.5040178298284403,0.2472894831729264,0.25014109647289456,0.502569420354179,0.24619157950026568,0.2524444050190769,0.5013640154806572,0.24636,0.25444,0.4992,0.23981318767949752,0.24937319035036434,0.510813621970138,0.22201705064379962,0.27466680836790064,0.5033161409882997
1234,Leicester City,Tottenham Hotspur,4,1,2.1,3.6,3.4,1.1466669477143108,1.6574059079532109,0.01389313088081539,1.1605600785951262,1.6712990388340263,1.1461384073926024,1.6495253230532134,1.1647858366766912,1.6816333666555647,1.1627882465645336,1.6868019150220799,0.4945283021094313,0.24116664821316097,0.26430504967740776,0.49623354551140736,0.2407648211048028,0.2630016333837898,0.49283799793996313,0.24337814300754199,0.26378385905249513,0.49504,0.24132,0.26364,0.49103962704144855,0.24404199118120448,0.26491838177734683,0.45434298440979953,0.2650334075723831,0.2806236080178174
1235,Southampton,Wolverhampton Wanderers,1,2,2.55,3.2,2.9,1.2273487143749333,1.4227398319333842,0.01715835800559941,1.2445070723805327,1.4398981899389836,1.2091285190906047,1.353763607621981,1.2467424843952586,1.4435370128514413,1.244604339870476,1.4479737652480806,0.4167161447448382,0.2572635666893911,0.32602028856577026,0.41832122423636786,0.2570381812229259,0.32464059454070604,0.41555816001776297,0.25953042389048914,0.3249114160917477,0.41384,0.26062,0.32554,0.4014163032360738,0.2653035606012179,0.33328013616270813,0.37366619689953695,0.29776525065431847,0.3285685524461445
1236,AFC Bournemouth,Newcastle United,1,1,1.53,4.0,6.5,0.9595471056455728,1.9678252271231171,0.012616108350633122,0.9721632139962059,1.9804413354737502,0.96528950862011,1.9760941407331418,0.974709247971225,1.996590301625869,0.9730376363369945,2.002726879162144,0.6110310780545289,0.21133081285791974,0.17763810908755118,0.6127269616544244,0.21070453136780654,0.17656850697776916,0.608568977351633,0.2136361102414221,0.17779491240694456,0.61014,0.21192,0.17794,0.6089474592051699,0.21300632237702508,0.17804621841780488,0.6180910495661476,0.23641982645905146,0.1454891239748009
1237,Manchester United,Leeds United,2,2,6.0,5.0,1.45,2.0094713538489026,0.9044907679733606,0.02143603960605644,2.030907393454959,0.925926807579417,2.099934497344487,0.8734390412184816,2.0412237196130407,0.9177123406868286,2.03772305177299,0.9205329558776542,0.160729186882281,0.20522370658314373,0.6340471065345752,0.16168940769829104,0.2056633972986279,0.6326471950030811,0.16145853286748085,0.20784951213585004,0.630691954996669,0.16152,0.20852,0.62996,0.1456803156097267,0.19776122303169533,0.656558461358578,0.15778019586507072,0.18933623503808486,0.6528835690968444
1238,Nottingham Forest,Leeds United,1,0,2.7,3.3,2.63,1.2572147971517167,1.2999845145005553,0.0198782351193403,1.277093032271057,1.3198627496198956,1.2701629465887847,1.2447024790683212,1.2770804916821645,1.3189872952844468,1.2748903179332356,1.3230412405531797,0.37778476694921775,0.26407809282860445,0.3581371402221779,0.3793110898241401,0.2639453327429254,0.3567435774329343,0.3768852356155414,0.2664139716147431,0.3567007927697158,0.37968,0.26468,0.35564,0.3594074579325475,0.2690813354520972,0.3715112066153551,0.3515188335358444,0.28760631834750905,0.3608748481166464
1239,Tottenham Hotspur,Manchester City,1,0,1.73,4.2,4.33,1.3422667820606766,1.553569564623576,0.012711244611363953,1.3549780266720406,1.56628080923494,1.3597936106573052,1.6018007688145075,1.3634764130093384,1.5762791750379817,1.3611380715606147,1.581123914275951,0.4249850840711863,0.2443097730111799,0.3307051429176341,0.4266629433742718,0.24408753884989198,0.32924951777583644,0.423908007536971,0.24643016690268438,0.32966182556034485,0.42646,0.24438,0.32916,0.431982325813877,0.24284549750666737,0.3251721766794552,0.5520461161585652,0.22739042403674234,0.22056345980469233
1240,Everton,Arsenal,1,0,1.4,4.5,8.5,1.0272209501423841,1.9667691454852196,0.0114912635261738,1.0387122136685578,1.9782604090113933,0.978947265362333,2.010987990246123,1.043452430758932,1.9955187825057314,1.0416629256048018,2.001652066697269,0.5944376616821835,0.21320121973988657,0.19236111857792992,0.5961661481758389,0.21260942397663354,0.1912244278475277,0.5921230770797509,0.21543366453906637,0.19244325838118292,0.59478,0.21344,0.19178,0.6130495110346261,0.21010097121852825,0.17684951774684543,0.6775907883082374,0.21080602302922938,0.11160318866253321
1241,Aston Villa,Leicester City,2,4,3.8,3.6,1.95,1.5633061016848446,1.047267388403469,0.022644889635760748,1.5859509913206054,1.0699122780392296,1.561811754342958,1.1107129397043578,1.5880084529012124,1.0625760266079751,1.5852850423963347,1.065841884490865,0.2540890845151717,0.250504126255661,0.4954067892291678,0.25534091293085875,0.25070963585844136,0.4939494512107001,0.2541698804936345,0.2529999815583281,0.4928301379480371,0.25452,0.2506,0.49488,0.2704364376998567,0.25205837484828364,0.47750518745185955,0.2497331910352187,0.263607257203842,0.4866595517609391
1242,Brentford,Southampton,3,0,4.2,3.6,1.85,1.6914178964620965,0.9744000909919146,0.023452980609541353,1.7148708770716379,0.997853071601456,1.6920725745150822,0.9860122496343103,1.7181445873430612,0.9886435770630061,1.7151979953337302,0.9916822014425029,0.21653681646305642,0.23840719475664285,0.5450559887803007,0.2176760929288425,0.23871172215387343,0.5436121849172841,0.2168857650636363,0.24098122105367348,0.5421330138826901,0.21582,0.24152,0.54266,0.21959114083111866,0.2409595771996909,0.5394492819691906,0.2253807106598985,0.2629441624365483,0.5116751269035533
1243,Brighton & Hove Albion,AFC Bournemouth,1,0,8.5,5.25,1.33,2.023112752403003,0.7887385672080136,0.02792634299463726,2.0510390953976403,0.8166649102026509,2.062381356920854,0.825398014549385,2.055080670718111,0.800268109230453,2.051556238416268,0.8027277562086546,0.13556486394623352,0.19895546767533276,0.6654796683784336,0.13639341261612797,0.19943434153756182,0.6641722458463102,0.13633273430374962,0.20174330697188034,0.6619239587243704,0.13792,0.20032,0.66176,0.13986257808353367,0.19937019738235848,0.6607672245341079,0.1109874826147427,0.17969401947148816,0.7093184979137691
1244,Manchester United,Crystal Palace,2,1,8.0,4.75,1.4,2.1528037116390184,0.7711826436031284,0.026801796303801185,2.1796055079428194,0.7979844399069296,2.190177754885773,0.7876449162469585,2.1868209225534345,0.7824555584396273,2.1830705577100438,0.7848604580322698,0.12018934851385449,0.18473108504120392,0.6950795664449416,0.12095710324587997,0.185234369631395,0.693808527122725,0.12102747631365669,0.18750618810566386,0.6914663355806795,0.1201,0.18762,0.69228,0.12085910231396775,0.18468574505566357,0.6944551526303686,0.11906893464637423,0.20053715308863027,0.6803939122649956
1245,Wolverhampton Wanderers,Liverpool,3,0,1.85,3.8,4.0,1.1354310636902574,1.8217764967608407,0.011657225677773607,1.147088289368031,1.8334337224386144,1.084047687349535,1.8353672918464357,1.1533724104853749,1.8484066750583819,1.1513943942267,1.8540878059698296,0.5362455095609173,0.22744129710962901,0.23631319332945322,0.5379942240434145,0.2269607576877592,0.23504501826882618,0.5343247096091231,0.2296070454619236,0.2360682449289534,0.53516,0.22766,0.23718,0.5494866615374939,0.22814111247182328,0.22237222599068307,0.5129935875801552,0.24974687816402294,0.2372595342558218
1246,Newcastle United,West Ham United,1,1,6.0,3.8,1.6,1.7806900882547674,0.9656494770171674,0.022236822638184234,1.8029269108929515,0.9878862996553517,1.8250866356148825,0.9701431744378145,1.8088274005317215,0.9797650492575696,1.8057252888678204,0.9827763852273002,0.2021144087905435,0.22945089222280898,0.5684346989866477,0.20321615483372557,0.22979498110882335,0.5669888640574511,0.20258377539843692,0.23202454042421738,0.5653916841773456,0.20558,0.23198,0.56244,0.19778728594093092,0.22771486222911905,0.57449785182995,0.15800415800415799,0.24948024948024947,0.5925155925155925
1247,Chelsea,Fulham,0,0,5.25,4.0,1.62,1.9177058618927476,0.8774422914260681,0.02430258122181519,1.9420084431145628,0.9017448726478833,1.9455066045591518,0.9264184882607311,1.9480082087454256,0.8902684776832875,1.9446674040982004,0.8930047433743289,0.16527946418231695,0.21349817376963273,0.6212223620480504,0.16624062551079896,0.213923919515562,0.6198354549736389,0.1659438072748341,0.21617826005381757,0.6178779326713484,0.16724,0.21814,0.61462,0.17330840131096079,0.21486152211149329,0.611830076577546,0.18007503126302626,0.236348478532722,0.5835764902042518
1248,Fulham,Tottenham Hotspur,0,1,2.1,3.6,3.3,1.1428178004747245,1.683245389179719,0.013532781838378206,1.1563505823131026,1.6967781710180971,1.13093385954953,1.64456010725252,1.1608758677036688,1.7078505616100748,1.1588849831292276,1.7130996892769557,0.5017240572781063,0.2390536342955837,0.25922230842631,0.5034371477266046,0.23863733591550373,0.2579255163578915,0.4999906699121196,0.24125863666762962,0.2587506934202506,0.49838,0.24088,0.26074,0.4933504689250754,0.24465081219973064,0.2619987188751939,0.45051194539249145,0.2627986348122867,0.2866894197952219
1249,Leeds United,Brentford,0,0,2.88,3.6,2.38,1.3446472880194276,1.2559825820932395,0.019400620895902772,1.3640479089153303,1.2753832029891423,1.3795623388355502,1.2559416951905835,1.3658945341825393,1.2743421559263737,1.3635520456925367,1.2782588830792692,0.34808304367638726,0.26123780745615255,0.39067914886746025,0.34956732395384216,0.26118994387385414,0.3892427321723039,0.34745275331901926,0.263567495612932,0.38897975106804894,0.34356,0.26628,0.39016,0.34060568691949383,0.26124386172524766,0.3981504513552583,0.332216638749302,0.2657733109994416,0.40201005025125625
1250,Manchester City,Wolverhampton Wanderers,3,0,11.0,8.0,1.2,2.3959293583145547,0.8532014967503189,0.018878423457857733,2.4148077817724123,0.8720799202081766,2.4596235937653295,0.8317311474979735,2.4337882833420377,0.8656733383964199,2.429614373206111,0.868334010221696,0.1143456441922519,0.16656679011790965,0.7190875656898384,0.11512322281838856,0.1670821596297961,0.7177946175518153,0.11528813020566656,0.16916913886989626,0.7155427309244371,0.11868,0.17114,0.71018,0.10675976997874692,0.16231402933254907,0.7309262006887041,0.08664259927797834,0.1191335740072202,0.7942238267148014
1251,Arsenal,Manchester United,3,2,4.2,3.8,1.8,1.7583282938696108,1.071876031294535,0.018366645018245694,1.7766949388878563,1.0902426763127806,1.7587576144468133,1.058960671249279,1.786112259544684,1.087544391204209,1.7830491040043919,1.0908869900715534,0.23015702595126913,0.23252772861375273,0.5373152454349781,0.23137630776935478,0.23281060632776793,0.5358130859028774,0.23050490103819324,0.23496210338782908,0.5345329955739779,0.23502,0.2326,0.53238,0.22740886996556797,0.23488346329684767,0.5377076667375845,0.225296442687747,0.24901185770750986,0.5256916996047432
1252,Liverpool,Chelsea,0,0,4.0,3.75,1.85,1.7803681520423509,1.0669388004061457,0.0182197147241267,1.7985878667664776,1.0851585151302725,1.7997703584835574,1.0519103127711364,1.80850037729164,1.082534989366701,1.8053988264676548,1.085862191693873,0.22580174795243577,0.23051530764369543,0.543682944403869,0.22700920641691508,0.2308099209395684,0.5421808726435167,0.22618378230303784,0.23295338461918536,0.5408628330777768,0.22352,0.23318,0.5433,0.21996055417653154,0.2310937497961492,0.5489456960273191,0.23647209203238181,0.2522368981678739,0.5112910097997444
1253,AFC Bournemouth,Nottingham Forest,1,1,2.75,3.1,2.75,1.2298862361698906,1.2447085888427376,0.02235363129569533,1.252239867465586,1.267062220138433,1.2483033651026825,1.2270123373723516,1.2493201024672858,1.2629033628494826,1.2471775373664526,1.2667849325438947,0.36859701907592846,0.2692664354216674,0.36213654550240404,0.3700869575582678,0.2691488785247115,0.3607641639170205,0.3677160533400538,0.2716639321859126,0.3606200144740336,0.36674,0.27032,0.36294,0.3591004677592052,0.27160760667443046,0.36929192556636425,0.3463687150837989,0.30726256983240224,0.3463687150837989
1254,Leicester City,Brighton & Hove Albion,2,2,2.05,3.5,3.6,1.2803158372291203,1.3619037512400327,0.017660415707919437,1.2979762529370398,1.3795641669479521,1.2361629844461692,1.4551269598009322,1.3005465594434238,1.381811648714886,1.2983161417428128,1.3860586864351239,0.38931822091661117,0.2589146594950829,0.35176711958830587,0.3908842752357773,0.2587604319599961,0.35035529280422684,0.3883799958227408,0.26119028277798406,0.35042972139927475,0.3881,0.2592,0.3527,0.42199783751204567,0.2568619502578954,0.32114021223005895,0.46400294605045106,0.27177315411526415,0.2642238998342846
1255,Southampton,Aston Villa,0,1,2.55,3.25,2.88,1.20109518685379,1.4091490353228988,0.018023066147105717,1.2191182530008957,1.4271721014700045,1.1999427006930772,1.35633528222784,1.2200741156240256,1.4297475500831773,1.2179817069487762,1.4341419201706407,0.41896458768694433,0.25932409928336675,0.3217113130296888,0.4205619289337847,0.25908849366605025,0.3203495774001649,0.4177617861288026,0.2616173998472183,0.3206208140239789,0.41646,0.2647,0.31884,0.4040924324936419,0.2655617704238075,0.3303457970825505,0.3745273392953605,0.29385991237020587,0.33161274833443366
1256,West Ham United,Everton,2,0,4.75,3.75,1.8,1.7798542219075086,1.0955766534246387,0.017286570505305444,1.797140792412814,1.112863223929944,1.7924943190070586,1.0025211627456774,1.8079783263654325,1.1115914618663965,1.8048776708508985,1.1150079700948745,0.23257720259803125,0.23070373818809042,0.5367190592138784,0.23381378893570837,0.23098371994938274,0.5352024911149089,0.232931319191288,0.23310617037511655,0.5339625104335957,0.23292,0.23426,0.53282,0.2095417630463264,0.23131597034649728,0.5591422666071765,0.20385050962627407,0.2582106455266138,0.5379388448471122
1257,Crystal Palace,Newcastle United,0,0,1.85,3.5,4.4,1.0936271723014297,1.6313957848185738,0.015312553969559155,1.1089397262709888,1.646708338788133,1.0801724984853367,1.6220293622795523,1.1109079610611217,1.6552430354010799,1.1090027706916505,1.6603304723278474,0.5006314529693284,0.24395522293375022,0.25541332409692163,0.502317728017385,0.24353115887283033,0.25415111310978455,0.4988428443059274,0.24622472944496818,0.2549324262491043,0.49684,0.24876,0.2544,0.49970474037050694,0.24720655815646686,0.25308870147302653,0.5130767949358653,0.2711977344661003,0.21572547059803432
1258,Manchester City,Tottenham Hotspur,4,2,8.5,5.0,1.36,2.082620608270126,1.1374512796208043,0.01289923817408868,2.095519846444215,1.150350517794893,2.168312865344683,1.0223110677336216,2.115528831208992,1.1540781986939868,2.1119007312251665,1.1576252911262412,0.20063643538359485,0.2054712333511922,0.5938923312652131,0.20181775686327486,0.20584388248582633,0.592338360650899,0.20130636562976145,0.20780091892401564,0.5908927154462229,0.2033,0.20812,0.58858,0.16791085107384432,0.19723648118871856,0.6348526677374371,0.11173184357541902,0.18994413407821234,0.6983240223463688
1259,Crystal Palace,Manchester United,1,1,1.8,3.6,4.5,1.0213202884140988,1.6664893716754363,0.016133821511183907,1.0374541099252828,1.6826231931866202,1.044808027196325,1.6935879857347937,1.0374585305930404,1.6908496097055024,1.035679304887138,1.6960464844592704,0.5266929620946466,0.2411367335555304,0.232170304349823,0.5283723557562019,0.24065026120525615,0.23097738303854176,0.5246770725931554,0.24346538141902804,0.2318575459878165,0.52452,0.2454,0.23008,0.5255896815349711,0.24087294988208352,0.23353736858294538,0.5263157894736842,0.2631578947368421,0.21052631578947367
1260,Chelsea,Crystal Palace,1,0,5.25,4.0,1.62,1.8497596407187167,0.9880335211361856,0.020149352566906392,1.869908993285623,1.008182873703092,1.8624079572028704,0.9564019496238245,1.8789883453605334,1.002476296569169,1.875765908736252,1.0055574362086657,0.19811201656229668,0.22308424082922618,0.5788037426084769,0.199215195810859,0.22344297031266408,0.5773418338764771,0.19864399878630096,0.22561796194628703,0.575738039267412,0.19742,0.22434,0.57824,0.18992326192524214,0.2237975826186158,0.5862791554561422,0.18007503126302626,0.236348478532722,0.5835764902042518
1261,Newcastle United,Fulham,1,0,6.5,4.33,1.5,1.9840230758502189,0.8807591322951064,0.023009674727408537,2.0070327505776273,0.9037688070225149,1.9851137682144175,0.8754390113592367,2.0153733243960477,0.893633803129816,2.011916989593243,0.8963804122451045,0.15856568827520318,0.2068771109631419,0.634557200761655,0.15950849934047695,0.20731875413069295,0.6331727465288304,0.15928372176614686,0.20954046224878076,0.6311758159850724,0.16028,0.20892,0.6308,0.15805133615526262,0.20923916212481858,0.6327095017199189,0.14631673800405498,0.2196440639783735,0.6340391980175715
1262,Tottenham Hotspur,Arsenal,0,2,2.2,3.6,3.1,1.3094388871844354,1.4961200624856876,0.014184750457450126,1.3236236376418855,1.5103048129431378,1.285579600629751,1.4669447497205035,1.3301297929851221,1.5179898934388052,1.3278486404859347,1.5226554788985678,0.41767009190454224,0.2491012809472595,0.33322862714819823,0.41931639000932547,0.24888936364109848,0.331794246349576,0.416600626579701,0.251272625875893,0.33212674754440574,0.41638,0.25178,0.33184,0.41432864343915204,0.25411159344859263,0.3315597631122551,0.4308880308880309,0.2633204633204634,0.3057915057915058
1263,Brighton & Hove Albion,Liverpool,3,0,2.1,3.6,3.4,1.1471343898234312,1.7116687402674438,0.013018864717024604,1.1601532545404558,1.7246876049844684,1.1153170714426286,1.696148460294173,1.1652606650034822,1.7366893966545995,1.1632622605679181,1.742027161307828,0.507572403455236,0.23665291491646456,0.25577468162829964,0.5092952911234669,0.2362264328257369,0.25447827605079576,0.5058131726695428,0.2388438234164703,0.2553430039139867,0.50592,0.23866,0.25542,0.5095049538238078,0.24037592541362682,0.2501191207625657,0.45434298440979953,0.2650334075723831,0.2806236080178174
1264,Everton,Southampton,1,2,3.3,3.25,2.25,1.3471154652438593,1.0374328017612933,0.028363446289050458,1.3754789115329098,1.0657962480503438,1.345112802612997,1.1140948353353763,1.3684017119460186,1.052597680950229,1.3660549236840305,1.0558328701016508,0.2885553279618546,0.2709380405091075,0.44050663152903735,0.2898529487429998,0.271028944877244,0.439118106379756,0.2882477606328671,0.2735036262459488,0.43824861312118435,0.28808,0.27026,0.44166,0.30946710171053776,0.2704286284593822,0.42010426983008,0.2871870397643594,0.2916053019145803,0.4212076583210604
1265,Nottingham Forest,Leicester City,2,0,2.63,3.3,2.7,1.2395526327608606,1.381658779060913,0.017946064303640877,1.2574986970645015,1.3996048433645538,1.2469955491469116,1.3155598111009619,1.2591392412009044,1.4018554495625772,1.2569798364254918,1.4061640924793963,0.40327307634146575,0.25959395791000234,0.3371329657485318,0.404853577844305,0.2594005657773568,0.33574585637833854,0.40220672276896546,0.2618799097762859,0.3359133674547484,0.4049,0.26266,0.33244,0.3831756603709745,0.26597296957712135,0.35085137005190403,0.3608748481166464,0.28760631834750905,0.3515188335358444
1266,Brentford,AFC Bournemouth,2,0,5.25,4.0,1.65,1.8045282879437536,0.9131453445710753,0.0244133269441069,1.8289416148878606,0.9375586715151822,1.8196468722701644,0.9319020398202273,1.8330422760236416,0.9264934272698773,1.8298986362141134,0.9293410313820782,0.18686931514977476,0.22611313394926041,0.5870175509009651,0.18790677231340883,0.22648979372383082,0.5856034339627602,0.18740359306956203,0.228759263667933,0.5838371432625049,0.18806,0.2279,0.58404,0.18977817601147126,0.22757775516543322,0.5826440688230956,0.18200620475698032,0.2388831437435367,0.5791106514994829
1267,Manchester United,Manchester City,2,1,1.85,3.6,4.2,1.1765949780544631,1.6464029453761635,0.013585513960069786,1.190180492014533,1.6599884593362333,1.1888560323852881,1.600769559013503,1.1951867703822687,1.6704695660966085,1.1931370431281076,1.6756038022020285,0.48487751228895015,0.24167944051118467,0.27344304719986556,0.48658394711081016,0.2413021540728728,0.2721138988163172,0.4832752535862041,0.24387017770690558,0.2728545687068903,0.48278,0.24674,0.27048,0.46927555828112744,0.24728689659853428,0.28343754512033825,0.5116751269035532,0.2629441624365482,0.22538071065989848
1268,Wolverhampton Wanderers,West Ham United,1,0,2.7,3.3,2.63,1.2142677538593547,1.2898948272722364,0.02118693485351179,1.2354546887128666,1.3110817621257482,1.263399194390248,1.3036880709928484,1.2334548270078678,1.3087501200572793,1.2313394706147527,1.3127726010744416,0.38422097957705964,0.26717751307457366,0.3486015073483668,0.38574375971276464,0.2670213864913887,0.34723485379584673,0.3832321818399128,0.26954690193981196,0.34722091622027507,0.38068,0.2686,0.35072,0.3765802568054946,0.26582137750416185,0.3575983656903433,0.3515188335358444,0.28760631834750905,0.3608748481166464
1269,Aston Villa,Leeds United,2,1,4.0,3.6,1.91,1.6003006201336356,1.0434423367915577,0.022083582199806072,1.6223842023334416,1.0655259189913637,1.6416116637742464,1.0594488820266392,1.6255875347869513,1.0586950615475132,1.6227996767243895,1.0619489911730189,0.24722449706665167,0.24709606013441412,0.5056794427989342,0.24846206969508638,0.24732212794502492,0.5042158023598889,0.2473696671197463,0.24959007284423299,0.5030402600360209,0.24648,0.2529,0.50062,0.24493572746666353,0.24561674068311556,0.5094475318502211,0.23779222575736617,0.2642135841748513,0.49799419006778256
1270,Fulham,Chelsea,2,1,2.15,3.5,3.3,1.1551218592203507,1.5831280992870072,0.015073133761315787,1.1701949929816664,1.5982012330483228,1.1604505156725051,1.5549265907821233,1.1733743472221645,1.6062697874286755,1.1713620279441779,1.6112067036736883,0.47415789628268934,0.2471537879877773,0.2786883157295331,0.47583673687161865,0.24679355916817003,0.2773697039602113,0.47258857839403134,0.24938915312077173,0.2780222684851972,0.47606,0.24836,0.27558,0.464305222339784,0.2515760302523385,0.28411874740787746,0.44134505158578524,0.2711119602598395,0.28754298815437523
1271,Chelsea,Manchester City,0,1,1.67,4.0,5.0,1.2010441001615488,1.8025344556063103,0.011015418096410873,1.2120595182579597,1.8135498737027211,1.178698859968356,1.7050247083308068,1.220022221692938,1.828883359561107,1.2179299020149965,1.8345044850026209,0.5165115281144187,0.229071112196056,0.25441735968952506,0.5182728852716947,0.22863772100819718,0.2530893937201084,0.514766387884669,0.2311863410725292,0.2540472710428018,0.51396,0.22912,0.25692,0.49695042707798676,0.23912056662070613,0.2639290063013068,0.5709391949757351,0.2383671139023694,0.19069369112189552
1272,Southampton,Nottingham Forest,0,1,3.8,3.5,2.0,1.4528328446034893,1.0987468553593054,0.022772253003013995,1.4756050976065032,1.1215191083623193,1.4484421385220065,1.140797060353663,1.4757895689119223,1.1148080048549243,1.473258612097668,1.118234399220499,0.2860859639550187,0.2593548618658629,0.4545591741791185,0.28741588288559516,0.2594700816382126,0.45311403547619233,0.2859048625960818,0.2618116697399761,0.4522834676639421,0.28572,0.26026,0.45402,0.29767040995401817,0.2608275374882195,0.4415020525577624,0.25089605734767023,0.27240143369175623,0.4767025089605735
1273,Leeds United,West Ham United,2,2,2.6,3.5,2.6,1.237963758920969,1.3213019897088252,0.019657972979016062,1.2576217318999852,1.3409599626878412,1.2914432829649083,1.3582368297366858,1.2575252610049452,1.3406163829032727,1.2553686241811846,1.3447368057929294,0.3875910408918711,0.2637523251436548,0.3486566339644741,0.3891331877506878,0.2635935645204734,0.34727324772883894,0.38661238767969985,0.2660828206629007,0.3473047916573997,0.38852,0.26724,0.34424,0.3850932698289711,0.2608467159074364,0.3540600142635927,0.36458333333333337,0.27083333333333337,0.36458333333333337
1274,Aston Villa,Wolverhampton Wanderers,1,1,4.0,3.6,1.95,1.5739914893092002,1.1025958089564902,0.02023728482282664,1.594228774132027,1.122833093779317,1.5973253205365183,1.0909962749960844,1.598862684105015,1.1187132212926576,1.5961206587576102,1.12215161845292,0.2663559396286958,0.24872407591727572,0.4849199844540286,0.26765874999068534,0.2489032176817863,0.48343803232752847,0.2663888704516354,0.25114807103775216,0.48246305851061255,0.26406,0.25034,0.4856,0.25970292952269164,0.24927635734327194,0.4910207131340367,0.24024640657084187,0.2669404517453799,0.49281314168377827
1275,Crystal Palace,Tottenham Hotspur,0,4,2.15,3.5,3.4,1.1113786190468846,1.5547721279448659,0.01648695571361072,1.1278655747604953,1.5712590836584766,1.1375551345347326,1.575166021828905,1.1289399046789628,1.577499317066493,1.127003789798616,1.5823478064459697,0.47721484327808217,0.25036798156047263,0.2724171751614448,0.47887629330001036,0.2499926878666504,0.27113101883333923,0.475573796823606,0.25265386138494605,0.27177234179144805,0.4755,0.25336,0.27114,0.47463964517315443,0.25039840905661775,0.2749619457702278,0.44510940714419295,0.27342435010286137,0.2814662427529456
1276,Arsenal,Newcastle United,0,0,4.33,3.8,1.8,1.7573502890624144,1.1005860729271169,0.017434352992677187,1.7747846420550917,1.1180204259197941,1.8063895114462307,1.0423703413299497,1.7851188009385082,1.1166741075493394,1.7820573491647165,1.1201062374350483,0.23707728931311353,0.23269135745398456,0.5302313532329019,0.23832574008651344,0.23295909695401143,0.5287151629594751,0.237395574192478,0.23509017919478506,0.5275142466127369,0.23578,0.23664,0.52758,0.2168402443975957,0.2304061007928729,0.5527536548095313,0.22002058672156458,0.2507076685537828,0.5292717447246527
1277,Everton,Brighton & Hove Albion,1,4,2.1,3.5,3.5,1.2526780089706337,1.4055204835577633,0.017090547418892002,1.2697685563895258,1.4226110309766553,1.2087065147048313,1.471739351866028,1.2724720161105427,1.42606595724487,1.2702897458275937,1.4304490118511899,0.40667972570331723,0.25737616723865325,0.33594410705802946,0.4082743149018994,0.25717783829567814,0.3345478468024231,0.4056094247672141,0.25963788352663575,0.33475269170614996,0.40576,0.26076,0.33348,0.43230162969028996,0.25665994902303696,0.31103842128667314,0.4545454545454546,0.27272727272727276,0.27272727272727276
1278,Leicester City,Fulham,0,1,3.1,3.6,2.2,1.4703144194206583,1.099474057897362,0.02236821633084659,1.4926826357515048,1.1218422742282086,1.489086063450207,1.1881245920356818,1.4935473762599332,1.1155458374199252,1.4909859650743644,1.1189744995350428,0.28320139662756466,0.2578176205032428,0.458980982869193,0.2845277716964569,0.257942365436245,0.457529862867298,0.28305254861212464,0.2602688675918034,0.4566785837960722,0.28246,0.26248,0.45506,0.30263445694296837,0.2560327701891315,0.4413327728679003,0.30579150579150577,0.2633204633204633,0.43088803088803085
1279,Manchester United,AFC Bournemouth,3,0,11.0,5.5,1.29,2.256420830620983,0.6708549103563513,0.033183632346143306,2.289604462967126,0.7040385427024946,2.287612258798095,0.7615254107154447,2.292075332186515,0.680661264706808,2.288144457620801,0.6827532966191191,0.09402563567416725,0.16807405120299637,0.7379003131228364,0.09465394762402957,0.16860116464778882,0.7367448877281815,0.09487609979326914,0.17094128073180834,0.7341826194749225,0.0953,0.17098,0.73372,0.10817920911057936,0.17371067781695781,0.718110113072463,0.08675184936112981,0.17350369872225962,0.7397444519166108
1280,Brentford,Liverpool,3,1,1.55,4.33,5.5,0.908599520222636,1.9679490771117603,0.013605411591867681,0.9222049318145037,1.981554488703628,0.9597007368850387,1.961702255922587,0.9229566217777143,1.9967159620162191,0.9213737651155198,2.0028529257733063,0.6235437961807573,0.2097289399082873,0.16672726391095538,0.625212830520795,0.20907778733593982,0.16570938214326492,0.6209721244007391,0.21209311689128788,0.1669347587079728,0.61994,0.2125,0.16756,0.6072219584234498,0.2142276805429684,0.1785503610335818,0.6098357297414951,0.2183014736949925,0.17186279656351228
1281,Tottenham Hotspur,Aston Villa,0,2,5.0,4.0,1.67,1.8985864420723468,0.9334728378674466,0.021772973802846273,1.920359415875193,0.9552458116702929,1.9146714229371122,0.9488055508151537,1.9285866762274875,0.947118061720384,1.9252791792151074,0.9500290562378975,0.17977308313815973,0.2170951686995993,0.6031317481622408,0.18080170512875068,0.21749338749498925,0.6017049073762601,0.18039142189823995,0.2196978776846324,0.5999107004171276,0.1808,0.2194,0.5998,0.1818117027305341,0.21849803875137808,0.599690258518088,0.19069369112189552,0.2383671139023694,0.5709391949757351
1282,Nottingham Forest,Chelsea,1,1,1.7,3.8,5.0,0.9715286957385976,1.7867607149422715,0.01504165931035179,0.9865703550489494,1.8018023742526232,1.0196925566597443,1.8074390961886948,0.986880163396179,1.81287904312279,0.9851876788258744,1.8184509788388712,0.5676319769180462,0.22915758234351155,0.2032104407384424,0.569318769975204,0.22859389083103565,0.20208733919376043,0.5653594594437287,0.23150111401374357,0.2031394265425276,0.56808,0.22808,0.20384,0.5584412688500479,0.2300838374677264,0.21147489368222594,0.5594817432273262,0.2502944640753828,0.19022379269729095
1283,AFC Bournemouth,Crystal Palace,0,2,2.5,3.3,2.8,1.2074406023286897,1.372716445177908,0.01885424203364365,1.2262948443623334,1.3915706872115516,1.2323816053656507,1.3050095525784688,1.2265197972473818,1.3927823993452009,1.2244163343255305,1.3970631559820434,0.40793083164286603,0.26170103326366795,0.33036813509346574,0.40950677894498283,0.2614908264703957,0.32900239458462144,0.4067987176213925,0.26401393593760397,0.32918734644100367,0.40576,0.2669,0.32734,0.3834481959045714,0.26749015742503174,0.34906164667039685,0.3772968558595345,0.2858309514087382,0.3368721927317272
1284,Fulham,Southampton,2,1,3.75,3.6,1.95,1.4856391648582217,1.0688213541214617,0.023331867430431606,1.5089710322886534,1.0921532215518934,1.4889144917641142,1.1279639818503435,1.5091142734064242,1.0844450616833288,1.5065261652274362,1.08777813467253,0.27254085345420537,0.25724088969908787,0.47021825684670704,0.2738344650676746,0.257392676408406,0.4687728585239197,0.27246016726328764,0.25972599861358864,0.4678138341231235,0.27338,0.25892,0.4677,0.2872053625642986,0.2578660762189058,0.45492856121679515,0.2522231204527081,0.26273241713823764,0.48504446240905413
1285,Manchester City,Everton,1,1,19.0,9.0,1.13,2.7601913646368055,0.822971544159842,0.016676506954194776,2.7768678715910005,0.8396480511140367,2.9185004630053064,0.7643752512835432,2.803806122130658,0.835001493494322,2.7989976369914884,0.8375678945248992,0.08406014211483342,0.13471154527976623,0.7812283126054004,0.08469534834789537,0.1352417138845522,0.7800629377675525,0.08505519383365531,0.13721121202021566,0.777733594146129,0.08476,0.1381,0.77714,0.06870424570822596,0.12148845722059058,0.8098072970711834,0.050187524674299246,0.10595144097907619,0.8438610343466245
1286,Brighton & Hove Albion,Arsenal,2,4,2.1,3.5,3.4,1.097714029159873,1.6045482281499588,0.01574763896704993,1.113461668126923,1.6202958671170087,1.1189976051595194,1.6003309859401167,1.1150593957865478,1.6280030292622856,1.113147085769243,1.6330067432491875,0.4929839318357999,0.24626709592688847,0.2607489722373113,0.4946618486597414,0.24585835203242956,0.2594797993078287,0.4912408490597742,0.24854368688545816,0.2602154640547676,0.49392,0.24718,0.2589,0.48521890102187576,0.24859348083331367,0.26618761814481073,0.45092838196286467,0.2705570291777188,0.27851458885941643
1287,Wolverhampton Wanderers,Manchester United,0,1,1.91,3.6,4.0,1.1062940575147258,1.6684668086883978,0.01440784721408825,1.120701904728814,1.682874655902486,1.1088518133517835,1.6370781729687534,1.123775000196301,1.6928559522951474,1.12184774304911,1.6980589936003887,0.5067360284698194,0.24060230112442316,0.25266167040575727,0.508436797564148,0.2401694176049653,0.2513937848308866,0.5049315150780658,0.2428457033242214,0.25222278159771305,0.50526,0.24064,0.2541,0.49666688669811054,0.24555577629049608,0.2577773370113934,0.49799419006778256,0.2642135841748513,0.23779222575736617
1288,Newcastle United,Leeds United,0,0,7.0,4.5,1.45,2.0028350020023824,0.8200396944743159,0.02619837479849755,2.02903337680088,0.8462380692728134,2.028771070858824,0.8594514761702029,2.034482504429819,0.8320267869160838,2.0309933976719603,0.8345840451007049,0.1439616232710306,0.20250211019042552,0.6535362665385438,0.1448314086781191,0.20296784022596046,0.6522007510959204,0.1447109970046627,0.20524899496939517,0.6500400080259422,0.14162,0.20524,0.65314,0.15012176360348342,0.2042254643469867,0.6456527720495299,0.13544369486248053,0.21069019200830302,0.6538661131292164
1289,West Ham United,Brentford,0,2,3.6,3.6,2.0,1.589797290988842,1.045712915506267,0.022189389782384876,1.6119866807712269,1.0679023052886518,1.5704966331465537,1.1166588028008748,1.6149182388329728,1.0609988308957161,1.612148678451779,1.0642598412223647,0.2494559347573966,0.24805439760446912,0.5024896676381345,0.2506987696348644,0.2482740351736485,0.5010271951914871,0.24958176893274253,0.2505473073506999,0.4998709237165576,0.24736,0.25242,0.50022,0.2704960246469049,0.25119650956525463,0.4783074657878402,0.2631578947368421,0.2631578947368421,0.47368421052631576
1290,Liverpool,Leicester City,2,1,9.5,6.0,1.29,2.3381286466836486,0.7866018046842523,0.022975185826319255,2.361103832509968,0.8095769905105716,2.355869606808162,0.79387471936602,2.3750742422756974,0.7981001121578387,2.3710010258331398,0.800553095734879,0.10764677705994766,0.16778417450227515,0.7245690484377771,0.10837284292292489,0.16830372463449714,0.7233234324425779,0.10855759871818248,0.17047867569582328,0.7209637255859942,0.10916,0.17052,0.72032,0.10841630880292118,0.16928247725101078,0.722301213946068,0.10052600818234952,0.1591661796220534,0.7403078121955972
1291,Leeds United,Manchester City,1,3,1.29,6.0,9.5,0.9511791633197003,2.0570528012647005,0.011686382544704364,0.9628655458644046,2.068739183809405,0.9791615821160646,2.1837506991551012,0.9662090808366159,2.08712217748211,0.9645520468605995,2.0935370073344677,0.6317966066675129,0.20259910509098464,0.1656042882415022,0.6334874909832443,0.20194663470055554,0.16456587431619996,0.629252175736947,0.20489020376886044,0.1658576204941925,0.62884,0.2044,0.16676,0.6479190336043106,0.19427015843608333,0.15781080795960634,0.7403078121955972,0.1591661796220534,0.10052600818234952
1292,Chelsea,AFC Bournemouth,2,0,10.0,5.5,1.3,2.181688730681362,0.7726129642664035,0.026213887218272128,2.207902617899634,0.7988268514846756,2.2278211608018785,0.7824009462931036,2.216162363971733,0.7839067870981221,2.212361678999604,0.7863161470836546,0.11795913434983353,0.1819292689483601,0.7001115967018066,0.1187193110006643,0.18243583568370633,0.6988448533156295,0.11881025311820717,0.18469326858352622,0.6964964782982667,0.11928,0.18332,0.6974,0.11670814116487263,0.18070793360315754,0.7025839252319697,0.09514304723885564,0.17298735861610115,0.7318695941450433
1293,Manchester United,Nottingham Forest,3,0,11.0,5.5,1.29,2.210230059490849,0.7473042829462097,0.027519250638916703,2.2377493101297654,0.7748235335851263,2.243251974607883,0.7747585603430119,2.245154684386558,0.7582281511225517,2.2413042780229375,0.7605585870841813,0.11095930053468543,0.1776103416946987,0.7114303577706158,0.1116832188936399,0.1781244710061656,0.7101923101001945,0.11181819755793258,0.18039792836055593,0.7077838740815114,0.11212,0.17956,0.70832,0.11405899721548013,0.17876972805716254,0.7071712747273573,0.08675184936112981,0.17350369872225962,0.7397444519166108
1294,Brentford,Tottenham Hotspur,2,2,1.91,3.6,4.0,0.9799397834163383,1.6562632143913483,0.01729739756910148,0.9972371809854397,1.6735606119604498,1.059333825942089,1.6523259133373263,0.995424157637582,1.6804739695445312,0.9937170202462372,1.6856389544707846,0.5343522762288122,0.24212124770944266,0.22352647606174514,0.5360173585922064,0.24161254190742734,0.2223700995003659,0.532242335201107,0.24449911182700787,0.22325855297188535,0.53156,0.24472,0.22372,0.51210127626112,0.24463328697376097,0.24326543676511891,0.49799419006778256,0.2642135841748513,0.23779222575736617
1295,Crystal Palace,Fulham,0,3,3.5,3.6,2.05,1.4140665928095566,1.0963225381354298,0.023746790994433133,1.4378133838039897,1.120069329129863,1.4211132519540841,1.1774096207251552,1.4364107578974226,1.1123482496944872,1.4339473351491179,1.1157670839320526,0.2923665327255689,0.2627895908978975,0.4448438763765338,0.2937033039814598,0.2628837017413429,0.44341299427719727,0.29211305753721006,0.26526054073428756,0.44262640172850254,0.29014,0.26508,0.44478,0.31219965062431043,0.261669439019249,0.42613091035644046,0.2717731541152642,0.2642238998342847,0.46400294605045117
1296,Everton,Wolverhampton Wanderers,1,2,3.2,3.25,2.3,1.2925794845645988,1.1044362045470468,0.02650171722205484,1.3190812017866536,1.1309379217691016,1.3130412406388532,1.1399987028661673,1.3130039889968237,1.1205805192297982,1.310752206992737,1.1240246555838078,0.3172899995921546,0.2727831478496568,0.4099268525581885,0.31865949790574943,0.27279665021662247,0.4085438518776279,0.3167686832987851,0.2752889154502575,0.4079424012509575,0.31448,0.2723,0.41322,0.32257042197572694,0.27181188322025407,0.4056176948040193,0.29621557360808404,0.2916584109371904,0.41212601545472566
1297,Leicester City,Newcastle United,0,3,2.2,3.5,3.25,1.29687125168945,1.4550533255731664,0.015198547756202488,1.3120697994456525,1.4702518733293688,1.244189626807508,1.4852952956619907,1.3173635718480659,1.4763228553762673,1.3151043132252547,1.4808603759999093,0.40993248209901806,0.25222766988108064,0.3378398480199013,0.411555398698288,0.2520305474917043,0.3364140538100078,0.40889407261096594,0.25443107407450544,0.3366748533145286,0.40772,0.25442,0.33786,0.42795582743940297,0.2544134903176486,0.31763068224294844,0.43374642516682554,0.2726406101048618,0.2936129647283127
1298,Southampton,Brighton & Hove Albion,1,3,2.15,3.5,3.3,1.2021596718213237,1.4838821767551276,0.016233435509713245,1.218393107331037,1.500115612264841,1.2038517336350227,1.4741432713628817,1.2211554208940605,1.505573117992866,1.2190611577966095,1.5102005401372942,0.43817816290981254,0.25372285527013033,0.308098981820057,0.43981582322822094,0.2534462305247054,0.3067379462470735,0.43686743783676607,0.2559710641836112,0.3071614979796229,0.43856,0.25534,0.3061,0.43399517075743627,0.2566489790921428,0.3093558501504211,0.44134505158578524,0.2711119602598395,0.28754298815437523
1299,Aston Villa,Liverpool,1,3,1.7,4.0,4.75,1.0746374280993063,1.75461399107174,0.013562736259096092,1.0882001643584023,1.768176727330836,1.0743954322202054,1.7738624233212623,1.0916181532116522,1.7802624081573044,1.08974604457121,1.7857340957106678,0.534991380659504,0.23305911061447143,0.23194950872602405,0.5367072364286354,0.23256929424744777,0.23072346932391707,0.5330040186153092,0.23530293871102112,0.23169304267366964,0.5351,0.23618,0.22872,0.5375739961076322,0.2335717921304391,0.22885421176192877,0.5608856088560886,0.23837638376383766,0.2007380073800738
1300,Arsenal,West Ham United,3,1,6.5,4.33,1.5,2.086236796146078,0.958689518384765,0.018114627217372375,2.1043514233634504,0.9768041456021374,2.08098051005658,0.8905036236121638,2.1192021597452917,0.9727033520531448,2.115567760058523,0.9756929836940517,0.1634103765584159,0.19987489810368353,0.6367147253379004,0.16440325738573308,0.2003148640470265,0.6352818785672405,0.16417855615602608,0.202417214897841,0.6334042289461328,0.16728,0.20024,0.63248,0.1510044665798509,0.2003228904820295,0.6486726429381197,0.14631673800405498,0.2196440639783735,0.6340391980175715
1301,Brighton & Hove Albion,Aston Villa,1,2,4.2,3.75,1.83,1.65126286503417,1.1417206027255906,0.017661032638597796,1.6689238976727678,1.1593816353641884,1.6758977222957478,1.0835424669877456,1.6773550520976368,1.1584099294737498,1.674478413524998,1.1619703356047508,0.26344751306502984,0.24158850529390888,0.49496398164106126,0.26476678176248436,0.24178469803086705,0.49344852020664887,0.26356179168207455,0.24395244003194255,0.4924857682859829,0.26378,0.2455,0.49072,0.2455570357214082,0.24234936312672772,0.512093601151864,0.2264963612060003,0.25367592455072036,0.5198277142432793
1302,Fulham,Manchester United,1,2,1.9,3.8,3.8,1.0210633722390228,1.730820140480549,0.014962008845626356,1.0360253810846491,1.7457821493261754,1.068636907171624,1.7473495716530174,1.037197554794847,1.7561207462485589,1.035418776658496,1.7615182337118804,0.5422955287124921,0.23503280234333224,0.22267166894417534,0.5439898790998862,0.23451975510331402,0.22149036579679948,0.5402041923161708,0.23733939292216766,0.22245641476166134,0.53716,0.23966,0.22318,0.5327178037532323,0.2359468555139754,0.23133534073279216,0.5,0.25,0.25
1303,AFC Bournemouth,Everton,3,0,2.6,3.25,2.8,1.2061695921930977,1.3286136425068094,0.02015613777186894,1.2263257299649666,1.3487697802786782,1.2233996773422224,1.2754632417740897,1.22522870343225,1.3480349152323114,1.2231274547167859,1.3521781391937784,0.39642680765626015,0.2649120253675147,0.3386611669762255,0.3979754572422541,0.264726951086035,0.33729759167171103,0.3953585718336281,0.267256989155244,0.33738443901112813,0.4008,0.26314,0.33606,0.37740524327425,0.2700065897903002,0.35258816693545003,0.3664921465968586,0.2931937172774869,0.3403141361256544
1304,Liverpool,Southampton,3,1,11.0,6.5,1.25,2.3883608681133817,0.6729591897786702,0.030478670038869764,2.4188395381522514,0.7034378598175399,2.4001929280707457,0.7430848432849104,2.4261002007571815,0.6827963038498193,2.421939475566735,0.6848948978661501,0.08541083624103926,0.15550801329291303,0.7590811504660476,0.08600381719982479,0.15603887282021278,0.7579573099799624,0.08628948744544498,0.15830875700819894,0.755401755546356,0.0874,0.15824,0.75436,0.09672302607835398,0.1620075882663783,0.7412693856552677,0.08701472556894244,0.14725568942436412,0.7657295850066934
1305,Newcastle United,Chelsea,1,0,3.0,3.4,2.35,1.4344631328208952,1.115419898335904,0.022489728953461564,1.4569528617743568,1.1379096272893656,1.4273966253243136,1.2397195535004704,1.4571295908329784,1.1317247693352415,1.4546306355992122,1.135203157861467,0.293759443319588,0.2604094275757042,0.4458311291047078,0.2951089523929125,0.260503781432172,0.44438726617491575,0.29352017741426883,0.26285174913665493,0.4436280734490762,0.29494,0.26138,0.44368,0.32724055936363977,0.25868381800955054,0.41407562262680997,0.3165610142630745,0.2793185419968304,0.4041204437400951
1306,Wolverhampton Wanderers,Arsenal,0,2,1.55,4.2,6.0,1.1287354947159003,1.948059034809628,0.010278775395331289,1.1390142701112316,1.9583378102049593,1.00739340761738,1.9473393073823302,1.1465710424635889,1.9765351730863898,1.1446046904483151,1.982610110610098,0.5662749718083115,0.21674327405830632,0.21698175413338228,0.5680437797286053,0.21621133501908715,0.2157448852523074,0.5642006783359382,0.2188812461337939,0.21691807553026798,0.56232,0.2196,0.21808,0.5926543338601953,0.2167777717617888,0.19056789437801602,0.6144842721287491,0.22677395757132407,0.15874177029992684
1307,Manchester City,Brentford,1,2,17.0,8.0,1.14,2.6761656378401972,0.8128054670860877,0.017844770604292293,2.6940104084444894,0.8306502376903799,2.709942234442545,0.6895894717164541,2.7184526751823124,0.8246868117780431,2.713790569915128,0.8272215103386332,0.08786923233687835,0.14054553502655423,0.7715852326365674,0.08851925056833393,0.14107602694915514,0.7704047224825109,0.08885353103106695,0.14308729622988378,0.7680591727390492,0.08992,0.14442,0.76566,0.06995364608795994,0.1317500311329754,0.7982963227790647,0.05544072948328267,0.11781155015197567,0.8267477203647416
1308,Nottingham Forest,Crystal Palace,1,0,2.45,3.1,3.1,1.210735683306178,1.312082910960965,0.02055927059421207,1.2312949539003901,1.3326421815551772,1.1931811821934553,1.3264920454952058,1.2298669449618354,1.3312625424482376,1.227757741732223,1.335354216041072,0.3909833202055964,0.26583595515990693,0.34318072463449667,0.39252106003146214,0.26566395491772055,0.3418149850508174,0.3899517318306695,0.2681903410132348,0.34185792715609553,0.38898,0.26816,0.34286,0.3975978820825523,0.2680798972846934,0.3343222206327542,0.3875,0.30625,0.30625
1309,Tottenham Hotspur,Leeds United,4,3,4.75,4.2,1.65,2.00266223121781,0.9079142950204621,0.021375009774596252,2.0240372409924063,0.9292893047950583,2.0448944380763585,0.9574089478590146,2.03430700363313,0.9211859118177311,2.0308181978564863,0.9240172031290182,0.16219674778765225,0.20601682599055082,0.6317864262217969,0.16316296688877352,0.20645363873858424,0.6303833943726422,0.1629193902498929,0.2086390722279281,0.6284415375221789,0.16456,0.20788,0.62756,0.1684917254886542,0.20624592721019547,0.6252623473011505,0.19961114711600778,0.22575070209548498,0.5746381507885073
1310,West Ham United,Leicester City,0,2,3.75,3.4,2.05,1.515814544737864,1.1606964552838035,0.019240589376326993,1.535055134114191,1.1799370446601305,1.524894945994975,1.1786280487509833,1.5397664651088254,1.1776631653102472,1.5371257888841652,1.1812827468136011,0.2910597307209139,0.25236796269942874,0.4565723065796573,0.29243130953642577,0.2524816357029123,0.4550870547606616,0.29091535267698665,0.25473697912284377,0.4543476682001696,0.2923,0.25552,0.45218,0.29388946222385165,0.2535180800630382,0.4525924577131103,0.25430995165556874,0.2804889172671714,0.4652011310772599
1311,Chelsea,Arsenal,0,1,2.7,3.4,2.55,1.4023988651591262,1.3339177632786157,0.016225981047494533,1.4186248462066207,1.3501437443261102,1.384305019813935,1.30655429079745,1.424558664366243,1.35341657003868,1.4221155677792812,1.3575763346704917,0.35692538486777253,0.2537770386034605,0.38929757652876706,0.3584601404959538,0.25371900541503484,0.38782085408901124,0.3563070658088591,0.2560155666655809,0.38767736752556003,0.3538,0.25484,0.39136,0.35283047120166044,0.2584609419134116,0.38870858688492793,0.35051546391752575,0.27835051546391754,0.3711340206185567
1312,Aston Villa,Manchester United,3,1,2.1,3.8,3.3,1.286313243869313,1.6433279135086587,0.01205125059295326,1.2983644944622663,1.655379164101612,1.2328926446770978,1.6267607077417314,1.3066387332217053,1.6673495843425243,1.304397867535106,1.6724742310945702,0.4592697203637551,0.23992045868702697,0.30080982094921815,0.4609884973572953,0.23961512013390635,0.2993963825087983,0.4579344728663544,0.24203145603480894,0.30003407109883673,0.45666,0.2412,0.30214,0.46574612719205705,0.24438336202222297,0.2898705107857201,0.45683060109289614,0.2524590163934426,0.2907103825136612
1313,Southampton,Newcastle United,1,4,1.9,3.6,4.0,1.0799828925972514,1.6770212393925836,0.014745059677358605,1.09472795227461,1.6917662990699422,1.1041477475526573,1.6378736581987112,1.097048083279904,1.701535429082259,1.095166662391431,1.7067651470082548,0.5150890041397232,0.24000367138125567,0.24490732447902075,0.5167863154650545,0.23955012828818528,0.2436635562467605,0.5132081751247103,0.24226886281206533,0.24452296206322466,0.51262,0.24314,0.24424,0.4979643739135529,0.24553930611114785,0.2564963199752991,0.49930651872399445,0.2635228848821082,0.23717059639389737
1314,West Ham United,Crystal Palace,1,2,4.2,3.4,1.9,1.6624640157923698,1.0704199745749927,0.01990480116257478,1.6823688169549447,1.0903247757375676,1.7029020545278626,1.0286269020327896,1.6887331961905125,1.086067050287554,1.685837044272657,1.089405108505234,0.2442105490906786,0.24118951517249382,0.5145999357368277,0.24545709673632185,0.24143036379292432,0.5131125394707537,0.244422424689462,0.2436384848742425,0.5119390904362954,0.24628,0.24596,0.50776,0.22828064445310184,0.240002475384491,0.5317168801624073,0.22493036211699163,0.27785515320334264,0.4972144846796657
1315,Tottenham Hotspur,Liverpool,1,2,2.1,3.6,3.3,1.2584676670498989,1.5879315225984287,0.013304270405960874,1.2717719374558598,1.6012357930043897,1.2210842707652538,1.5458619508464275,1.2783531586195958,1.611143425730492,1.2761608022660966,1.6160953212425573,0.4518535859470544,0.24447871241953034,0.3036677016334153,0.4535451497260897,0.24418395857119665,0.3022708917027135,0.45053037940964197,0.24663378666271593,0.30283583392764235,0.45244,0.24568,0.30188,0.44835588756293054,0.25072566356710724,0.30091844886996233,0.45051194539249145,0.2627986348122867,0.2866894197952219
1316,Leeds United,AFC Bournemouth,4,3,4.75,3.8,1.72,1.7850824899662636,0.985977820104111,0.02125663186505129,1.806339121831315,1.0072344519691623,1.8042890161192153,0.9420152516856007,1.813289208132214,1.0003905459206304,1.8101794445356876,1.0034652749457083,0.20625287658450633,0.2292995020110166,0.5644476214044769,0.2073747900584957,0.22963558315145266,0.5629896267900514,0.20671137169588652,0.2318441696638302,0.5614444586402831,0.20824,0.23134,0.56042,0.19404641629197772,0.22931127929640135,0.5766423044116207,0.19953596287703013,0.24941995359628769,0.5510440835266821
1317,Manchester City,Fulham,2,1,19.0,9.5,1.11,2.7661623148420498,0.7766026648709407,0.01867137084216026,2.78483368568421,0.795274035713101,2.8703247796620692,0.6820039343868446,2.809871421426529,0.787954807940428,2.8050525343907027,0.7903766096340802,0.07745579179146093,0.13107482029910694,0.7914693879094322,0.07804508955187783,0.13160333887869907,0.7903515715694232,0.07842452722540785,0.13360301321931958,0.7879724595552725,0.07868,0.13306,0.78826,0.06112039192583456,0.11897517998625326,0.8199044280879122,0.04970891177787729,0.09941782355575458,0.850873264666368
1318,Nottingham Forest,Brentford,2,2,2.6,3.3,2.75,1.2539751628151035,1.2805068333601666,0.02056096647268684,1.2745361292877904,1.3010677998328535,1.2642638195405291,1.2511603459013654,1.2737896667405193,1.2992248952872096,1.271605136706647,1.3032181002529435,0.3732350482440278,0.2655020401590075,0.36126291159696455,0.3747481124759646,0.2653789352322451,0.3598729522917903,0.3723574552785947,0.26785556409371425,0.35978698062769143,0.37486,0.2677,0.35744,0.36235268309782215,0.26906579519480467,0.3685815217073737,0.3658536585365854,0.2882483370288249,0.34589800443458985
1319,Wolverhampton Wanderers,Brighton & Hove Albion,2,3,2.25,3.3,3.3,1.2355077130113625,1.4291500619615134,0.016849331659883948,1.2523570446712464,1.4459993936213973,1.2108083299318746,1.376326046903947,1.2550304062474762,1.450040945684981,1.2528780480619321,1.4544976881056584,0.4165912737295987,0.2564777698498737,0.32693095642052794,0.41819998992306207,0.2562542786920732,0.32554573138486453,0.4154437573564239,0.2587352235430916,0.3258210191004842,0.42054,0.25662,0.32284,0.40701848842663335,0.2635963406471519,0.32938517092621467,0.42307692307692313,0.2884615384615385,0.2884615384615385
1320,Everton,Leicester City,0,2,3.0,3.3,2.4,1.3251707437802511,1.1748472269627082,0.02262574425497242,1.3477964880352236,1.1974729712176806,1.3360665953616229,1.184394915860956,1.3461102341968978,1.1920207886932588,1.3438016754824669,1.1956844987637278,0.3302076365891591,0.2666966508125004,0.4030957125983403,0.33163059647806126,0.2666865402020701,0.4016828633198686,0.3296545470825016,0.2691127336240508,0.4012327192934473,0.33016,0.26802,0.40182,0.3301091256802981,0.267817257833931,0.40207361648577067,0.31654676258992803,0.2877697841726619,0.3956834532374101
1321,Arsenal,Nottingham Forest,5,0,12.0,7.0,1.2,2.3496234289374596,0.7610743499308794,0.024376010655869074,2.373999439593329,0.7854503605867484,2.3841282525012715,0.7437734882010766,2.3867506576390336,0.7721995047851553,2.3826574163205367,0.7745728821028395,0.10245569609387215,0.16511368118529626,0.7324306227208317,0.1031514220934379,0.1656370098343343,0.7312115680722278,0.10336281769998254,0.16783312691863492,0.7288040553813826,0.10582,0.16532,0.72886,0.09797504857900934,0.16352759626177504,0.7384973551592158,0.07865168539325842,0.1348314606741573,0.7865168539325843
1322,Manchester United,West Ham United,1,0,4.8,4.0,1.66,1.869525600841221,0.9938542569997911,0.019622794284843887,1.889148395126065,1.013477051284635,1.8838027595638056,0.9750607330607574,1.8990666343919755,1.0083821181906303,1.8958097638053506,1.0114814095422064,0.1968523105451847,0.22130404479226196,0.5818436446625534,0.19795520101673894,0.22166705060131747,0.5803777483819437,0.19740189594482133,0.22382753772233424,0.5787705663328445,0.19618,0.2229,0.58092,0.19139744819675447,0.22209652049254916,0.5865060313106963,0.19640321817321343,0.2356838618078561,0.5679129200189305
1323,AFC Bournemouth,Tottenham Hotspur,2,3,1.7,3.8,5.0,0.9222628728677205,1.8203294302193838,0.015575955211488692,0.9378388280792092,1.8359053854308724,0.9939763085081946,1.8394365729020918,0.9368358738781059,1.8469384557355184,0.9352292145082488,1.852615074032782,0.5876035511131036,0.2249280762894992,0.18746837259739701,0.5892736825756679,0.22432507632424165,0.1864012411000905,0.5851807364313262,0.22731940812221033,0.18749985544646386,0.58984,0.22186,0.1883,0.5719630254649207,0.2267047683758193,0.20133220615925973,0.5594817432273262,0.2502944640753828,0.19022379269729095
1324,Brentford,Wolverhampton Wanderers,1,1,3.3,3.4,2.2,1.3279384039075983,1.0960946598996815,0.0259187258612705,1.3538571297688688,1.122013385760952,1.3681566127043383,1.174895896343448,1.3489216270982933,1.1121170404035523,1.3466082468875114,1.1155351640127331,0.30822180178774994,0.27019777332201206,0.4215804248902377,0.30957705195520013,0.27023930558355785,0.42018364246124207,0.3077903011266582,0.272698702924183,0.41951099594915875,0.30812,0.2725,0.41938,0.3214334132352892,0.2658465478041346,0.41272003896057585,0.288135593220339,0.2796610169491525,0.43220338983050843
1325,Fulham,Everton,0,0,3.0,3.4,2.37,1.316412839132573,1.1883406275479846,0.022319026294047077,1.33873186542662,1.2106596538420318,1.354607219967162,1.2300750570440315,1.3372139428082652,1.20571143173065,1.3349206410991594,1.2094172203850189,0.3355831342085885,0.2666634917639053,0.3977533740275062,0.33701854138872966,0.2666392299056202,0.3963422287056505,0.33499041409363445,0.26906972357030834,0.39593986233605716,0.33454,0.2706,0.39486,0.3386621994100583,0.2642120679993817,0.39712573259055983,0.3176442762535478,0.28027436140018924,0.40208136234626296
1326,Liverpool,Leeds United,1,2,9.0,6.0,1.3,2.3801298045838086,0.6972385039434315,0.028529152078034203,2.408658956661843,0.7257676560214656,2.419130103170586,0.7598062579386301,2.41773907528902,0.7074305256919489,2.4135926893024306,0.7096048336953991,0.08981659690931765,0.15799882260343914,0.7521845804872432,0.09043688588008246,0.15852852212425037,0.7510345919956671,0.0907059228559295,0.16077692192240708,0.7485171552216634,0.08978,0.16182,0.7484,0.09808569883884835,0.16138019152510802,0.7405341096360436,0.10612244897959185,0.15918367346938778,0.7346938775510204
1327,Leicester City,Manchester City,0,1,1.25,6.5,10.0,1.0502048632109142,2.2356996239719487,0.008624370988376324,1.0588292341992906,2.244323994960325,1.0018248094035096,2.218927792969932,1.0667995207461303,2.2683804054574805,1.064969975685403,2.275352337670374,0.6440245236748763,0.19026285528737333,0.1657126210377503,0.6457637314962988,0.1896130691206101,0.16462319938309078,0.641551998402814,0.1924112400884102,0.16603676150877578,0.6417,0.1914,0.1669,0.649450652540961,0.1920366310694174,0.15851271638962117,0.759124087591241,0.14598540145985403,0.09489051094890512
1328,Brighton & Hove Albion,Chelsea,4,1,2.4,3.3,3.0,1.142465795228189,1.502545194834245,0.01699074023164956,1.1594565354598385,1.5195359350658946,1.162589842849742,1.4601574719813288,1.1605183002980521,1.5245089464303896,1.1585280289463096,1.5291945683864296,0.45659993104259317,0.25403938139055343,0.2893606875668536,0.45824259429382314,0.253712081407265,0.2880453242989116,0.455111708165002,0.2563238922345643,0.2885643996004339,0.45482,0.25722,0.28796,0.4396182287154639,0.25914420789087766,0.3012375633936585,0.3956834532374101,0.2877697841726619,0.31654676258992803
1329,Crystal Palace,Southampton,1,0,4.0,3.6,1.9,1.5744778369272212,1.041731814813287,0.02266141860538014,1.5971392555326014,1.0643932334186672,1.6086045126982136,1.0289246375077457,1.5993567166733222,1.0569595356758759,1.5966138440675266,1.0602081311128557,0.25089088977454005,0.24952986776347652,0.49957924246198404,0.2521340899340392,0.24974416406350186,0.49812174600245895,0.25099645256656805,0.25203084914077406,0.4969726982926581,0.24652,0.25202,0.50146,0.24246450181119256,0.24894306129920404,0.5085924368896033,0.23717059639389737,0.2635228848821082,0.49930651872399445
1330,Newcastle United,Aston Villa,4,0,4.5,3.75,1.8,1.7097241078880654,1.0659792232644858,0.019306129906301216,1.7290302377943667,1.0852853531707871,1.7524279786279664,1.01134096868379,1.736740061673843,1.0815613854163637,1.7337615787069778,1.0848855953438803,0.23594492981185874,0.23691279811057647,0.5271422720775647,0.23717301821207995,0.23717758912124812,0.5256493926666722,0.2362309349986357,0.23936075035007576,0.5244083146512886,0.2362,0.2394,0.5244,0.2171116256733415,0.23522849289295106,0.5476598814337077,0.21276595744680848,0.2553191489361702,0.5319148936170213
1331,West Ham United,AFC Bournemouth,2,0,6.0,4.0,1.55,1.8458825370145124,0.8860507983886852,0.025127555432134976,1.8710100924466475,0.9111783538208201,1.8598603540264742,0.9199720749061587,1.875049978172933,0.8990028211992347,1.871834295788877,0.9017659321454946,0.17560708125208926,0.22118283096720634,0.6032100877807043,0.17660137534407294,0.22158445318067516,0.6018141714752518,0.17620052529600522,0.2238626135556514,0.5999368611483433,0.17734,0.22242,0.60024,0.18209520909460758,0.2232524707612726,0.5946523201441198,0.1569620253164557,0.23544303797468355,0.6075949367088608
1332,Aston Villa,Brentford,4,0,3.5,3.5,2.1,1.449149751714299,1.0604598576542668,0.02453244242031043,1.4736821941346094,1.0849923000745771,1.4617137498426767,1.1592800475732588,1.4720482781726674,1.0759613393875804,1.469523737615507,1.0792683374130687,0.2766285799257631,0.26076828458616463,0.4626031354880722,0.27792344471126795,0.2609047726758809,0.46117178261285097,0.2764910529739108,0.2632733006162736,0.46023564640981596,0.27538,0.26536,0.45926,0.3001009236582624,0.25913100772804426,0.4407680686136931,0.27272727272727276,0.27272727272727276,0.4545454545454546
1333,Leeds United,Fulham,2,3,3.6,3.5,2.05,1.3771472105711955,1.113035551556438,0.023899489868821944,1.4010467004400173,1.13693504142526,1.405849288090325,1.1735002678827882,1.398907999475881,1.1293055688950913,1.3965088933916725,1.132776521939403,0.3036011234678027,0.26532243381071957,0.4310764427214775,0.30496115120919637,0.2653838922744628,0.429654956516341,0.3032494023943677,0.26778578792561114,0.42896480968002104,0.29972,0.2711,0.42918,0.3139975827733367,0.2630062368445998,0.42299618038206355,0.2642238998342847,0.2717731541152642,0.46400294605045117
1334,Southampton,Arsenal,1,1,1.57,4.0,6.0,0.9001719168226495,1.9257871722508664,0.014392367792917872,0.9145642846155674,1.9401795400437842,0.9473777586471787,1.9452942375757176,0.9143958508433119,1.953937747171194,0.9128276757739326,1.9599432308584612,0.6165728908464472,0.21366682121040015,0.16976028794315257,0.618237370764885,0.21302209489073623,0.16874053434437852,0.614013225511087,0.21605337996256282,0.16993339452635048,0.61442,0.21574,0.16984,0.6066822058222892,0.21547466360897327,0.17784313056873746,0.6045340050377834,0.23727959697732998,0.15818639798488665
1335,Wolverhampton Wanderers,Leicester City,0,4,3.25,3.25,2.25,1.3219361913279515,1.1841085393037518,0.02234877515884042,1.344284966486792,1.2064573144625923,1.3357992811058583,1.171260284526801,1.342824571440213,1.2014174800993798,1.3405216475877695,1.205110071170298,0.33334811291555144,0.2664737816872379,0.40017810539721066,0.33477918553229385,0.266455764434205,0.39876505003350127,0.33277406792977565,0.2688818497370855,0.3983440823331391,0.3331,0.26928,0.39762,0.32663859448040145,0.2684863623318973,0.40487504318770184,0.2903225806451613,0.2903225806451613,0.4193548387096774
1336,Tottenham Hotspur,Newcastle United,1,2,3.5,3.5,2.05,1.5504417875886085,1.1790161241054404,0.018072566156425083,1.5685143537450337,1.1970886902618656,1.5433489755529308,1.1864583227870722,1.5749408652396648,1.1962506255146028,1.5722398654502,1.199927336109816,0.2896616366560862,0.24914689920761554,0.4611914641362985,0.29104149387572537,0.24926899636716898,0.45968950975710543,0.2895569538649376,0.2514877110642747,0.4589553350707877,0.2882,0.25208,0.45972,0.2926561717904665,0.25185632330530744,0.45548750490422607,0.26973684210526316,0.26973684210526316,0.46052631578947373
1337,Nottingham Forest,Liverpool,1,0,1.25,6.0,11.0,0.825744867290736,2.3082290377249848,0.01129119315311759,0.8370360604438536,2.319520230878102,0.80523222005841,2.367722413451269,0.8387927532453454,2.3419700322627177,0.8373542363461248,2.349168144303485,0.7095946149355172,0.17318630479575992,0.11721908026872307,0.7111689702454086,0.1724512443428148,0.11637978541177652,0.7067250320697811,0.17554154237586694,0.11773342555435184,0.7067,0.17404,0.11926,0.7216995271647119,0.16888442358614164,0.10941604924914672,0.7564469914040115,0.15759312320916904,0.08595988538681948
1338,Everton,Crystal Palace,3,0,2.87,3.2,2.6,1.290941541637033,1.1775436403359278,0.023354175503631402,1.3142957171406644,1.2008978158395593,1.305559090611476,1.174156741988447,1.3113401643552254,1.194756617422325,1.309091235785262,1.1984287361408317,0.3377116257227798,0.2691008508036196,0.3931875234736004,0.3391424098592791,0.269066667098266,0.3917909230424548,0.3370773406847511,0.2715293782690916,0.39139328104615734,0.33856,0.26824,0.3932,0.33328636288218894,0.2706229332998687,0.3960907038179424,0.3332532243851638,0.2988864856204438,0.36786028999439235
1339,Manchester City,Brighton & Hove Albion,3,1,13.0,7.0,1.2,2.3561156365945206,0.8056451071997521,0.021670468006413344,2.377786104600934,0.8273155752061655,2.4304286514608497,0.7510136636416586,2.393345450959607,0.8174217839147155,2.3892408996702,0.8199341532038721,0.10947295410014485,0.16730112954392645,0.7232259163559288,0.11021340651906365,0.16781962543638315,0.7219669680445531,0.11039368338666739,0.16996796239650672,0.7196383542168261,0.11224,0.16892,0.71884,0.09587803484111551,0.15978584964125686,0.7443361155176276,0.07304347826086957,0.13565217391304346,0.7913043478260869
1340,Chelsea,Manchester United,1,1,3.5,3.5,2.05,1.4684649868251725,1.1379748162243832,0.020916724307111594,1.489381711132284,1.1588915405314948,1.4767443472478727,1.196473627069826,1.4916687201275627,1.1546093881974264,1.4891105308088781,1.1581581132558496,0.293581489319269,0.2568643979508637,0.44955411272986734,0.29494361200911257,0.2569647762677716,0.4480916117231155,0.29337779328764796,0.25927113491035875,0.4473510718019933,0.29174,0.25984,0.44842,0.3069914996304069,0.2567047743532919,0.4363037260163012,0.26973684210526316,0.26973684210526316,0.46052631578947373
1341,Fulham,Aston Villa,3,0,2.5,3.3,2.9,1.2198426578893156,1.3822180495024785,0.018334381174316662,1.2381770390636322,1.4005524306767951,1.1974070842311282,1.3523011608856936,1.2391178220631225,1.4024228952504487,1.236992753719045,1.4067332822278587,0.4077233432640739,0.2604584607353862,0.33181819600053986,0.40930473308678583,0.26025126256505704,0.33044400434815735,0.40660767659374575,0.26275669380434663,0.3306356296019076,0.40948,0.25788,0.33264,0.4035719428777016,0.2659793360780928,0.3304487210442053,0.38173115277223774,0.2891902672516952,0.329078579976067
1342,Leicester City,Leeds United,2,0,3.0,3.6,2.25,1.4154702061453053,1.0929691420961571,0.023859899107949955,1.4393301052532552,1.116829041204107,1.4352072843743302,1.2065050077167647,1.4378365502226567,1.1089458347252927,1.435370682262055,1.1123542115428997,0.29121950343721836,0.2627809634001956,0.445999533162586,0.2925528774102402,0.26287798047200917,0.44456914211775067,0.29097340271493866,0.2652554960818917,0.44377110120316987,0.29084,0.26506,0.4441,0.3171760974870553,0.25946346749477134,0.42336043501817355,0.3157894736842105,0.2631578947368421,0.42105263157894735
1343,AFC Bournemouth,Southampton,0,1,2.62,3.3,2.62,1.2537168101846776,1.2794453328983169,0.020600980398372853,1.2743177905830505,1.3000463132966897,1.271228562480517,1.2387148639983656,1.2735272317890383,1.298147878132389,1.271343151827143,1.3021377728550183,0.3730034229341522,0.26558452481660183,0.3614120522492462,0.3745157650571819,0.2654618930316383,0.36002234191117977,0.3721268307735569,0.26793907046904775,0.3599340987573957,0.36838,0.26978,0.36184,0.357578093835056,0.26937413337486027,0.37304777279008405,0.3579175704989154,0.28416485900216926,0.3579175704989154
1344,Brentford,Chelsea,0,0,1.72,3.8,4.75,0.986431183941652,1.799276728548144,0.014523429164896922,1.000954613106549,1.813800157713041,1.0308231966485746,1.796509140424308,1.0020181310726346,1.8255780120332736,1.0002996851164714,1.8311889783943933,0.5668643906707358,0.22814731570081673,0.20498829362844773,0.568558699273821,0.22758789687203737,0.20385340385414163,0.5646151864017469,0.23047012473288245,0.20491468886537034,0.56558,0.23058,0.20384,0.5532422524068557,0.23121931955200567,0.21553842804113887,0.5510440835266821,0.24941995359628769,0.19953596287703013
1345,Liverpool,West Ham United,1,0,7.0,5.0,1.4,2.2503178970988262,0.8227163745892364,0.02214680911281818,2.2724647062116445,0.8448631837020546,2.2673114143251754,0.8079405803959362,2.28587596405878,0.8347425939320443,2.2819557213157444,0.837308199227394,0.12120354561593324,0.178116722991683,0.7006797313923837,0.12199575755485603,0.1786219610960033,0.6993822813491406,0.12208841601498016,0.18079608894139748,0.6971154950436222,0.12148,0.1818,0.69672,0.1179930291521097,0.17836643151853224,0.7036405393293579,0.13513513513513511,0.1891891891891892,0.6756756756756757
1346,Manchester United,Tottenham Hotspur,2,0,2.75,3.5,2.45,1.3482217019054439,1.308355926346079,0.01781283397824884,1.3660345358836927,1.3261687603243277,1.3727301013545128,1.3240664252969783,1.3695254286433514,1.3274810778985278,1.3671767132242048,1.3315611290516502,0.36116734040732396,0.2582799247866982,0.38055273480597784,0.36269023553599605,0.25820253861888276,0.37910722584512124,0.3604669682017256,0.26056270374755125,0.3789703280507233,0.35934,0.2597,0.38096,0.3596467005324069,0.2582690243018816,0.38208427516571175,0.34385964912280703,0.27017543859649124,0.38596491228070173
1347,Newcastle United,Everton,1,0,5.75,3.8,1.6,1.8211586621671343,0.9800210693700897,0.020927328321667472,1.8420859904888018,1.0009483976917573,1.8341897437664063,0.951137617419628,1.8499354326569948,0.9943467212044808,1.8467628213390646,0.9974028743610112,0.2000458295038005,0.22570594648489056,0.5742482240113091,0.20114980320589884,0.22605815159513942,0.5727920451989617,0.20055143124065963,0.22825419097910618,0.5711943777802342,0.19944,0.22624,0.57432,0.1923018239832319,0.22648361721619897,0.5812145588005689,0.16374899003501212,0.24777807702666305,0.5884729329383248
1348,Brighton & Hove Albion,Nottingham Forest,0,0,7.0,4.75,1.4,1.905941059430854,0.8742678929806845,0.02468907091903435,1.9306301303498883,0.8989569638997189,1.9534186462472198,0.8597337437863971,1.9360575064894405,0.8870476768407173,1.9327371971160316,0.8897740433080255,0.16593660842030392,0.21460601275471056,0.6194573788249857,0.1668981660213456,0.21502975290508702,0.6180720810735673,0.16659203935422234,0.21729287138534437,0.6161150892604332,0.16558,0.2193,0.61512,0.15818566262548617,0.21190822993221806,0.6299061074422959,0.13380281690140844,0.19718309859154928,0.6690140845070423
1349,Crystal Palace,Wolverhampton Wanderers,2,1,3.4,3.1,2.25,1.303225352504783,1.062942711182661,0.028287728399154985,1.331513080903938,1.091230439581816,1.317770034190025,1.123565569206661,1.3238180760519835,1.0784804865185462,1.3215477480519782,1.081795227214968,0.3037453380547325,0.2738626435189721,0.42239201842629537,0.3050760686084102,0.2739097609263774,0.4210141704652124,0.3033084129532325,0.2764126928543551,0.42027889419241227,0.30416,0.27526,0.42058,0.31719521718121596,0.2722459701927458,0.4105588126260382,0.27717067355454006,0.3039936419630439,0.41883568448241604
1350,Aston Villa,Chelsea,0,2,1.8,3.75,4.33,1.0980970537347454,1.6934391356758896,0.014130964718527298,1.1122280184532727,1.7075701003944168,1.091628435298379,1.7082615510180053,1.1154484726678513,1.718193317212025,1.1135354953895733,1.7234742336347857,0.5147522269807282,0.2384698197066162,0.24677795331265562,0.5164585742271006,0.23802054566802344,0.24552088010487583,0.5128959648781497,0.2407117524073816,0.2463922827144689,0.51268,0.23946,0.24786,0.5179792424692331,0.23943058471198833,0.24259017281877837,0.5275084060230983,0.25320403489108717,0.21928755908581452
1351,Leeds United,Arsenal,0,1,1.55,4.2,6.0,0.8937140834519303,1.8699435439774699,0.015417921851137448,0.9091320053030677,1.8853614658286073,0.960064160145038,1.9264095273538258,0.9078359749693053,1.8972778136153732,0.9062790499879425,1.90310915137236,0.6059218659593865,0.2191562949702278,0.17492183907038583,0.607581665025734,0.21852316914986597,0.17389516582440023,0.6033903433309298,0.22156757346280925,0.17504208320626113,0.60422,0.21866,0.17712,0.5995131675000248,0.2176379927697329,0.18284883973024246,0.6144842721287491,0.22677395757132407,0.15874177029992684
1352,Manchester United,Newcastle United,0,0,3.5,3.8,1.95,1.6640570729248676,1.1592345111649727,0.0169491178721863,1.681006190797054,1.176183629037159,1.6711113597797058,1.1788175655862798,1.6903514257807601,1.1761798509340797,1.6874524986236057,1.1797948734281705,0.26565810398674333,0.24033156203743825,0.4940103339758186,0.26699050191829365,0.24052437190442089,0.49248512617728546,0.26577249382742885,0.24267338038394864,0.49155412578862256,0.268,0.2432,0.4888,0.2693814834518803,0.24185097682628315,0.4887675397218365,0.2691120392228073,0.24786635191574355,0.483021608861449
1353,Southampton,West Ham United,1,1,2.4,3.4,2.9,1.2283516325377382,1.565789643796496,0.014150382849451647,1.2425020153871897,1.5799400266459476,1.214404266820693,1.4659312613151183,1.2477612500217639,1.588677883635402,1.2456213583293234,1.5935607306597288,0.4530816080415967,0.2468544992567139,0.30006389270168965,0.45476064501886876,0.24655159022010772,0.29868776476102343,0.4517172408695456,0.24904129915298573,0.29924145997746876,0.45148,0.24746,0.30106,0.4295503610867287,0.2568888381866543,0.3135608007266172,0.39471577261809454,0.27862289831865494,0.3266613290632506
1354,Liverpool,Manchester City,1,0,1.9,4.0,3.6,1.2186762591083022,1.7315240495879933,0.01169871548456077,1.230374974592863,1.743222765072554,1.2440024531564702,1.6801132040870175,1.2379329926034879,1.7568349448866178,1.2358099562240332,1.7622346274599303,0.49576024707688937,0.2345015763822945,0.2697381765408161,0.4975037826355854,0.23411072322550502,0.26838549413890944,0.4941464492723175,0.23662643497144564,0.2692271157562369,0.49458,0.23556,0.26986,0.47618684849282805,0.24019229777066115,0.28362085373651114,0.49930651872399445,0.23717059639389737,0.2635228848821082
1355,Leicester City,Crystal Palace,0,0,3.1,3.4,2.3,1.3825202518457065,1.1110068530086676,0.02385773551369322,1.4063779873593998,1.134864588522361,1.3999699245995667,1.2050479495217992,1.404365942071074,1.1272472154450126,1.401957475697774,1.1307118420809805,0.3020600319713992,0.26495010416331394,0.43298986386528726,0.3034171006294674,0.265016117349116,0.4315667820214164,0.3017222842511498,0.2674139627445072,0.43086375300434276,0.30208,0.26602,0.4319,0.3233810370662611,0.262128229432282,0.41449073350145704,0.3067869752844252,0.27971753628874063,0.41349548842683403
1356,Fulham,AFC Bournemouth,2,2,4.0,3.75,1.85,1.6977729401811525,1.0475073277129134,0.02018836212422759,1.7179613023053801,1.067695689837141,1.7148275836361366,1.0288053585963302,1.7246000493498566,1.0628194732777367,1.721642386320714,1.0660860794009461,0.23328098616328918,0.23800762203448328,0.5287113918022277,0.23449397629516244,0.2382768328217615,0.527229190883076,0.23356859764017698,0.24048104303015388,0.5259503593296692,0.23622,0.24092,0.52286,0.2265940986101272,0.23887656611281802,0.5345293352770546,0.23647209203238181,0.2522368981678739,0.5112910097997444
1357,Wolverhampton Wanderers,Nottingham Forest,1,0,5.0,3.75,1.7,1.7290160699066188,0.9167293300506064,0.025701365995522144,1.754717435902141,0.9424306960461286,1.7558887344069,0.9537855633972848,1.7563368627900766,0.9301298023660849,1.7533247716053681,0.9329885829814026,0.19752429918817468,0.23400408852154003,0.5684716122902855,0.19859003891473065,0.23435220621665465,0.5670577548686148,0.19796967064787238,0.23665677796944967,0.565373551382678,0.1983,0.23588,0.56582,0.20312346703965628,0.23435416724667946,0.5625223657136641,0.1895910780669145,0.2527881040892193,0.5576208178438662
1358,Tottenham Hotspur,Everton,2,0,6.5,4.5,1.5,2.1698324343429363,0.8032124418323471,0.02443851341660913,2.1942709477595455,0.8276509552489562,2.178380592776322,0.8199349635640051,2.2041187221121956,0.8149535585801095,2.200338691803899,0.8174583417079337,0.12468994823446586,0.18480185689366294,0.6905081948718711,0.1254870586710918,0.18530067576391868,0.6892122655649894,0.12553766359017912,0.18752901720540724,0.6869333192044136,0.12592,0.18502,0.68906,0.12790892201425322,0.18756369396299885,0.6845273840227479,0.1475409836065574,0.21311475409836067,0.639344262295082
1359,Brentford,Brighton & Hove Albion,2,0,2.3,3.4,3.1,1.2148798321106804,1.359501970528096,0.019059596302680254,1.2339394284133607,1.3785615668307762,1.2286222005388958,1.3809986513043733,1.2340765769235718,1.3793747594983088,1.2319601542387448,1.3836143073696716,0.4027859467128738,0.26229576399803206,0.3349182892890943,0.4043536350755519,0.2620984293916892,0.3335479355327591,0.4016923548840641,0.26461286191698624,0.33369478319894963,0.4005,0.26708,0.33242,0.40438796918725817,0.26243714491785,0.33317488589489164,0.41349548842683415,0.2797175362887407,0.3067869752844253
1360,Nottingham Forest,Aston Villa,1,1,2.2,3.4,3.3,1.1428164871703461,1.4906614693047175,0.017255382371310125,1.1600718695416563,1.5079168516760277,1.1604564415891123,1.4752770276840925,1.1608745336473045,1.5124515081922763,1.15888365136075,1.5171000712661926,0.45345007103746415,0.25500341989997555,0.2915465090625603,0.45508725152771956,0.25468266267747297,0.29023008579480736,0.45197977524415955,0.2572938129401013,0.2907264118157391,0.45066,0.25912,0.29022,0.44400934630308675,0.2580056486841616,0.2979850050127514,0.43220338983050843,0.2796610169491525,0.288135593220339
1361,Crystal Palace,Leeds United,2,1,3.6,3.5,2.05,1.3580390357962526,1.099561289046742,0.02496770174583845,1.3830067375420911,1.1245289907925806,1.4094972798604397,1.1687493416878003,1.3794978896903312,1.1156343436878862,1.3771320716511541,1.119063277829556,0.30351351387388636,0.26748249404312563,0.429003992082988,0.30486558650772055,0.26754066058345205,0.4275937529088275,0.3031410589074785,0.2699681782356849,0.42689076285683625,0.30144,0.26862,0.42994,0.31207263076079556,0.26291426086056785,0.4250131083786368,0.2642238998342847,0.2717731541152642,0.46400294605045117
1362,West Ham United,Fulham,3,1,4.75,3.8,1.72,1.8221919867116574,0.9772598890606042,0.02102921263864056,1.843221199350298,0.9982891016992448,1.8321204376095748,0.9754753463538834,1.8509850851271823,0.9915451787956466,1.847810673671124,0.9945927213312604,0.1992773262641755,0.22555924118583257,0.5751634325499921,0.20037802996904136,0.2259130857324598,0.5737088842984991,0.19978617503639437,0.2281111633020218,0.5721026616615839,0.20056,0.22744,0.572,0.19808747483951805,0.22711526359078177,0.5747972615697,0.19953596287703013,0.24941995359628769,0.5510440835266821
1363,Arsenal,Liverpool,3,2,2.62,3.6,2.5,1.2534971697246333,1.335439252491076,0.018914224960254994,1.2724113946848883,1.354353477451331,1.3304383239331241,1.3870489546264444,1.2733041207126,1.3549602999206616,1.27112042338283,1.3591248092505257,0.3880371085244623,0.26199593286696815,0.3499669586085695,0.38958757060346905,0.2618393121020977,0.34857311729443274,0.38707465524605994,0.2643065125236953,0.3486188322302449,0.38612,0.26722,0.34666,0.3844585614987141,0.2570960640607429,0.3584453744405429,0.3602593867584661,0.26218877591866147,0.3775518373228725
1364,Everton,Manchester United,1,2,2.05,3.5,3.6,1.1399707115266509,1.5579632085596102,0.01585145278431915,1.15582216431097,1.5738146613439294,1.1216731677739347,1.5930804095099367,1.1579837908987296,1.5807370439333346,1.1559978661923151,1.5855954845591653,0.47133616705052955,0.24952697393621165,0.27913685901325913,0.4730027513523263,0.24916931168524045,0.27782793696243335,0.46976352689438616,0.2517865175139221,0.27844995559169194,0.47088,0.2526,0.27652,0.4827920914337083,0.24917119043705493,0.2680367181292368,0.46400294605045106,0.27177315411526415,0.2642238998342846
1365,AFC Bournemouth,Leicester City,2,1,2.05,3.4,3.6,1.0823040674425353,1.578708261014311,0.01658927927365197,1.0988933467161872,1.595297540287963,1.1155397977067603,1.5513066940898184,1.099405935827783,1.601785341295763,1.097520471257813,1.6067084744670126,0.4901570447859477,0.2487627682500471,0.26108018696400515,0.49182297947217696,0.24835615948598283,0.2598208610418401,0.4884088655611818,0.2510647473556531,0.2605263870831651,0.48954,0.25064,0.25982,0.47373092898495944,0.25286760318606794,0.27340146782897246,0.4603234298608499,0.27754795035727714,0.26212861978187285
1366,Brighton & Hove Albion,Tottenham Hotspur,0,1,2.5,3.4,2.8,1.2231486615616418,1.4662560411644925,0.016231944067531593,1.2393806056291734,1.482487985232024,1.2594072696705052,1.4485030013300322,1.2424760650657682,1.4876893288787005,1.240345237385678,1.4922617846845403,0.42893976843433507,0.2543036203924862,0.31675661117317877,0.4305689297421066,0.2540509096698903,0.3153801605880031,0.42770685585462714,0.2565469923323152,0.31574615181305765,0.4236,0.2575,0.3189,0.415250783200704,0.25640745959136396,0.328341757207932,0.38049560351718625,0.2797761790567546,0.33972821742605913
1367,Chelsea,Wolverhampton Wanderers,3,0,8.0,4.5,1.4,2.03958933749781,0.9088901725711457,0.02079576119744363,2.0603850986952534,0.9296859337685893,2.053716214301189,0.8553639073857757,2.0718176081466164,0.9221760544515452,2.0682644722499477,0.9250103889946056,0.1583451634818729,0.20244604706942548,0.6392087894487015,0.1593000834406463,0.20289150321444274,0.6378084133449109,0.15909611676678595,0.20506077016437393,0.63584311306884,0.15924,0.20552,0.63524,0.14673398728116818,0.20155408580697465,0.6517119269118571,0.11775700934579439,0.20934579439252335,0.6728971962616822
1368,Manchester City,Southampton,4,0,17.0,10.0,1.11,2.794588342839753,0.7174315971817197,0.021570420616433793,2.816158763456187,0.7390020177981534,2.857842497579024,0.6582006388086369,2.8387466191207675,0.7279187954649387,2.833878211557146,0.7301560747529552,0.06823865864050765,0.12467730878380906,0.8070840325756833,0.06876500072054789,0.12520050114496054,0.8060344981344916,0.06916736766114616,0.12722794568267423,0.8036046866561796,0.06892,0.12818,0.8029,0.058865299490907554,0.11809285333574755,0.8230418471733449,0.05550832624893734,0.09436415462319349,0.8501275191278691
1369,Newcastle United,Brentford,5,1,4.2,3.8,1.83,1.7476459619744937,1.0394453905630558,0.01969626159284094,1.7673422235673346,1.0591416521558967,1.751026535158792,1.0137253407095834,1.7752611323547756,1.0546396891669012,1.772216586333674,1.0578811544891233,0.2240422143461766,0.23335534506928285,0.5426024405845404,0.2252316998795445,0.23365019401548284,0.5411181061049727,0.22440649220460177,0.2358327518753998,0.5397607559199985,0.22236,0.2346,0.54304,0.21786865277982181,0.23537807536031813,0.5467532718598601,0.22725490196078432,0.2511764705882353,0.5215686274509804
1370,Leicester City,Nottingham Forest,4,0,4.33,4.0,1.75,1.8199867574814603,0.9855865402385603,0.020710117628576812,1.8406968751100372,1.006296657867137,1.857811016464026,0.9883169344359609,1.8487450102919576,0.9999935464442481,1.8455744405303982,1.003067055280053,0.2014761902575251,0.225910267988726,0.572613541753749,0.20258644912831372,0.2262594833332261,0.5711540675384602,0.2019762348449664,0.22845101184240701,0.5695727533126268,0.20156,0.22626,0.57218,0.1976674946847522,0.2248497235847797,0.577482781730468,0.21945293518300807,0.23755780233560622,0.5429892624813857
1371,Manchester City,Manchester United,6,3,7.5,5.75,1.33,2.2768227010177973,0.9301087763872973,0.017048861929740054,2.2938715629475372,0.9471576383170374,2.308041780378248,0.8498152266413375,2.3127995797348477,0.9437048254061211,2.3088331633976935,0.9466053292439618,0.13838464943863368,0.18126555739212813,0.6803497931692384,0.13928252677069075,0.1817516549196575,0.6789658183096517,0.1392801792003167,0.18381089405686393,0.6769089267428193,0.14048,0.18258,0.67694,0.12199092167212051,0.17689611078730932,0.7011129675405701,0.12588995431910777,0.16420428824231448,0.7099057574385776
1372,Leeds United,Aston Villa,0,0,3.0,3.4,2.35,1.2799514566745622,1.2157216690004116,0.022171587075384788,1.302123043749947,1.2378932560757963,1.339248956288288,1.2535995594184928,1.3001764211831768,1.2334927209726092,1.29794663826409,1.2372838962159804,0.3503263415760678,0.2677538656749343,0.3819197927489981,0.35178876294409434,0.26768837744534146,0.3805228596105643,0.34960896884391,0.2701506681785736,0.3802403629775163,0.34688,0.26774,0.38538,0.34789131135886087,0.2640492293116194,0.3880594593295197,0.3165610142630745,0.2793185419968304,0.4041204437400951
1373,Arsenal,Tottenham Hotspur,3,1,3.3,3.75,2.05,1.4191728737928602,1.1985184747299766,0.01977071436522806,1.4389435881580883,1.2182891890952048,1.4773231037507115,1.29284123420399,1.4415977250279388,1.2160380556070518,1.4391254067093706,1.2197755834359794,0.31846158693452237,0.25861997751555493,0.4229184355499227,0.31988704007656227,0.25865421614944367,0.42145874377399406,0.3180754627627457,0.26097634350272364,0.42094819373453074,0.3173,0.2614,0.4213,0.33145520920010674,0.25313895843140866,0.4154058323684846,0.28655297735532564,0.2521666200726866,0.4612804025719877
1374,AFC Bournemouth,Brentford,0,0,2.2,3.4,3.3,1.1691493995944322,1.4205727957546768,0.018409529267498788,1.187558928861931,1.4389823250221756,1.2050601574105195,1.4120053474572278,1.1876235417103371,1.4413382995927415,1.185586785279082,1.445768294181141,0.4291313434012164,0.25972360849199105,0.3111450481067928,0.43073457316820385,0.2594594410123171,0.30980598581947927,0.4278308782594225,0.2620329288849618,0.31013619285561533,0.42874,0.263,0.30826,0.41763754025013294,0.2612402250592298,0.3211222346906373,0.43220338983050843,0.2796610169491525,0.288135593220339
1375,Crystal Palace,Chelsea,1,2,1.85,3.6,4.2,1.0307475628346232,1.6565098394559548,0.01612216806434691,1.04686973089897,1.6726320075203016,1.0590954273597777,1.694629780326319,1.0470347687024406,1.6807241996998032,1.0452391198928597,1.6858899537156133,0.5219501078471478,0.24206467277407115,0.23598521937878103,0.5236293881462105,0.24158852824830665,0.23478208360548292,0.5199702752961166,0.24438703284153238,0.23564269186235054,0.52152,0.24512,0.23336,0.5224249273424731,0.24075175704580032,0.2368233156117262,0.5116751269035532,0.2629441624365482,0.22538071065989848
1376,Fulham,Newcastle United,1,4,2.37,3.4,3.0,1.234855230289169,1.4479896032256496,0.01642575873213471,1.251280989021304,1.4644153619577844,1.2229425919615782,1.4116922977967845,1.2543676134156063,1.4691558776700975,1.2522163919097553,1.4736713703822752,0.4216250974788556,0.255175885314025,0.3231990172071194,0.42324445126915755,0.25494129813166333,0.32181425059917923,0.42044795378189,0.2574221734284034,0.3221298727897066,0.41922,0.25784,0.32294,0.4136454267067769,0.2605083810265423,0.3258461922666813,0.40208136234626296,0.28027436140018924,0.3176442762535478
1377,Liverpool,Brighton & Hove Albion,3,3,8.5,5.25,1.33,2.2155979068155984,0.7505755215387312,0.027188333647108973,2.2427862404627072,0.7777638551858401,2.272407806906973,0.7733098329928338,2.250607350960557,0.7615472076922661,2.246747593356142,0.7638878448694234,0.11111123885579856,0.17727776056466435,0.7116110005795371,0.11183701730164781,0.17779188273008575,0.7103710999682664,0.11197277522694575,0.1800591823866749,0.7079680423863793,0.11036,0.17962,0.71002,0.11144163455850947,0.1758750619587449,0.7126833034827458,0.1109874826147427,0.17969401947148816,0.7093184979137691
1378,Southampton,Everton,1,2,3.4,3.4,2.15,1.32904304873491,1.1867966821855476,0.022082924916071892,1.351125973650982,1.2088796071016195,1.3724284969423142,1.2024205353086388,1.3500437268082184,1.2041449174414778,1.3477284222133867,1.2078458913692653,0.3326760450579952,0.2658157473674825,0.40150820757452244,0.33410811691084036,0.2658006470835548,0.4000912360056046,0.3321138383258268,0.2682180760165059,0.39966808565766687,0.33164,0.26752,0.40084,0.3279164004248289,0.2642675055169664,0.40781609405820485,0.2792207792207792,0.2792207792207792,0.44155844155844154
1379,West Ham United,Wolverhampton Wanderers,2,0,4.2,3.5,1.95,1.6202605733515325,1.0762485777861797,0.02040420621092899,1.6406647795624616,1.0966527839971087,1.6309792735041777,1.0861173082262214,1.645862882267123,1.091980854259106,1.6430402522899554,1.0953370887228475,0.25225651089714485,0.24496001712948773,0.5027834719733673,0.2535209739578593,0.24517745239911368,0.5013015736430272,0.25239647812754407,0.247408305200534,0.5001952166719221,0.25362,0.2486,0.49778,0.2531484374586854,0.2463419075254703,0.5005096550158443,0.2296819787985866,0.2756183745583039,0.49469964664310967
1380,Brentford,Arsenal,0,3,1.8,3.8,4.2,1.0271234735207444,1.723259524619374,0.014970293214409918,1.0420937667351544,1.738229817833784,1.047478131356722,1.7641173337121439,1.0433534138748057,1.748449611589507,1.041564078533136,1.753823521600515,0.5390130755892658,0.23577372230664834,0.22521320210408557,0.5407076798887378,0.23526743099703779,0.22402488911422425,0.5369453495666965,0.23807638854981517,0.22497826188348835,0.53744,0.23448,0.22808,0.5417081068684032,0.23434255182486002,0.22394934130673738,0.5256916996047432,0.24901185770750986,0.225296442687747
1381,Everton,West Ham United,1,0,2.5,3.25,2.9,1.1474082613402723,1.465924893868275,0.01774375027029423,1.1651520116105665,1.4836686441385691,1.1650430978990884,1.365099657154871,1.1655388640607773,1.4873533409713782,1.163539982518033,1.4919247641087516,0.44596953000064193,0.25688006493751875,0.29715040506183954,0.44759517702005497,0.2565757687024001,0.295829054277545,0.44454676894220485,0.259180033486884,0.2962731975709112,0.44732,0.25764,0.29504,0.41408356750153,0.2665273943636329,0.31938903813483743,0.3800403225806452,0.2923387096774194,0.3276209677419355
1382,Wolverhampton Wanderers,Manchester City,0,3,1.33,5.0,9.5,1.0375545252530896,2.1342356898518813,0.009624197564922426,1.047178722818012,2.1438598874168036,0.998609227134878,2.137399204835347,1.0539492903354435,2.1654333022103596,1.0521417832257276,2.1720888235498275,0.6269558989000464,0.19855251252510012,0.17449158857485303,0.62869261975613,0.1979202837648104,0.17338709647905948,0.6245283430007217,0.20073504180964016,0.17473661518963823,0.62624,0.19984,0.17392,0.6342537472848248,0.19914892687108338,0.16659732584409181,0.7112375533428166,0.18918918918918923,0.09957325746799432
1383,Newcastle United,AFC Bournemouth,1,1,7.5,4.4,1.44,2.010726425524348,0.8272497264362021,0.02560375787977528,2.0363301834041234,0.8528534843159774,2.0246393183901743,0.8463738484606885,2.0424986231187945,0.8393422129463517,2.038995768838493,0.8419219553026175,0.14463513799918243,0.20200164490959788,0.6533632170912196,0.14551030185548786,0.20246680540332715,0.6520228927411851,0.14538837306785454,0.20473620163851877,0.6498754252936267,0.14726,0.20388,0.64886,0.14787769043558374,0.20410939941056203,0.6480129101538543,0.1263762565820967,0.215414073719483,0.6582096696984203
1384,Tottenham Hotspur,Leicester City,6,2,7.0,4.5,1.45,2.1404526283276257,0.9336731018857374,0.018431139933330766,2.1588837682609565,0.9521042418190682,2.1909983447909727,0.8534476549920605,2.1742746754174194,0.9473212531375753,2.1705458271983162,0.9502328721697352,0.1526124145166628,0.19385283804444484,0.6535347474388924,0.1535601282925893,0.19431290357577286,0.652126968131638,0.15342722476009493,0.19641840366989952,0.6501543715700056,0.154,0.19582,0.65018,0.13305094401496853,0.18804060025793612,0.6789084557270954,0.13544369486248053,0.21069019200830302,0.6538661131292164
1385,Aston Villa,Southampton,1,0,3.5,3.5,2.1,1.468792795598839,1.0746530825900076,0.0234470406120361,1.492239836210875,1.0981001232020438,1.4983239571979012,1.1540976579983404,1.4920017087233064,1.0903620365963074,1.4894429483342109,1.093713295577549,0.2769633238831193,0.258614191841281,0.4644224842755994,0.2782667577618297,0.25875310683978403,0.46298013539838623,0.27684409219670164,0.261096214433697,0.46205969336960173,0.27608,0.26384,0.46008,0.2922824362440777,0.2563394183487131,0.4513781454072092,0.27272727272727276,0.27272727272727276,0.4545454545454546
1386,Nottingham Forest,Fulham,2,3,2.62,3.3,2.75,1.2473943077038268,1.2976452933229101,0.020167994672580673,1.2675623023764073,1.3178132879954907,1.2629943747493755,1.2483220349546023,1.267104825216033,1.3166138800785283,1.2649317595843799,1.3206605305875776,0.37923629306690343,0.2647869467609999,0.35597676017209656,0.3807618263555395,0.26464891635051774,0.35458925729394264,0.37831665692686606,0.2671303097746685,0.3545530332984653,0.37536,0.26578,0.35886,0.36184909646955976,0.2693222612316216,0.36882864229881873,0.3640776699029127,0.28905560458958524,0.34686672550750225
1387,Brighton & Hove Albion,Leicester City,5,2,4.5,3.5,1.83,1.610684915518577,1.1548335528532352,0.017867927659233222,1.6285528431778102,1.1727014805124685,1.6365683801775044,1.041231010857609,1.6361359160866453,1.1717145607436898,1.633329967709521,1.175315859040356,0.2733425302367685,0.2447741526138469,0.48188331714938426,0.27468505632283985,0.2449423928559047,0.48037255082125563,0.2733741230797471,0.2471298384179636,0.4794960385022893,0.27278,0.24574,0.48148,0.24122793610945012,0.2462114367087448,0.5125606271818053,0.21076011846001974,0.27097729516288255,0.5182625863770978
1388,Manchester United,Arsenal,3,1,2.7,3.5,2.5,1.392388929987594,1.2964129988190964,0.017349794287529342,1.4097387242751234,1.3137627931066258,1.3899678742712729,1.335714249429907,1.414390558677757,1.3153635722660513,1.4119649002384298,1.3194063799181914,0.34920820677881304,0.25618219490735766,0.394609598313829,0.35071641921930896,0.25614029477671246,0.39314328600397863,0.3486232906798488,0.2584562394571522,0.3929204698629992,0.34794,0.25998,0.39208,0.3592224105471842,0.25665782547043836,0.38411976398237757,0.3507014028056112,0.2705410821643286,0.3787575150300601
1389,Everton,Liverpool,0,0,1.4,4.75,7.0,0.8980826908252922,2.0417744277347984,0.012844938339127691,0.9109276291644199,2.054619366073926,0.8928151157613633,2.073736405219587,0.9122736122489326,2.0716204693049987,0.9107090767866796,2.0779876542128246,0.641547831605243,0.20208898603050915,0.15636318236424773,0.6432085043870891,0.20141634120869187,0.15537515440421912,0.6389063636610982,0.2044445462601931,0.15664909007870853,0.63912,0.2017,0.15918,0.6466611644452063,0.20112055939850268,0.15221827615629113,0.6690140845070423,0.19718309859154928,0.13380281690140844
1390,Brentford,Leeds United,5,2,3.4,3.5,2.1,1.336607817378681,1.1000068702457089,0.025503623582196846,1.3621114409608779,1.1255104938279057,1.3961541222952116,1.1778086874189553,1.3577280290300313,1.1160864382581668,1.3553995459729848,1.1195167619254602,0.3076542652321094,0.26928683507094875,0.42305889969694166,0.309011204295274,0.2693313449866581,0.4216574507180675,0.30723573363121776,0.27177990141889075,0.42098436494989167,0.31328,0.27064,0.41608,0.3169373433699459,0.2635752073789972,0.4194874492510571,0.2785145888594165,0.27055702917771884,0.4509283819628648
1391,Chelsea,West Ham United,2,1,5.5,4.5,1.55,2.037884050503796,0.9978848315389626,0.01727190724710289,2.0551559577508987,1.0151567387860654,2.0836532934989753,0.9560653770312647,2.0700853753112183,1.012471610450395,2.0665352101676913,1.0155834709736813,0.17696792028504088,0.20566196085058341,0.6173701188643758,0.17801899159565748,0.20607556653417627,0.6159054418701664,0.17767945037925872,0.20816082140094788,0.6141597282197936,0.17714,0.20752,0.61534,0.16392944665755532,0.20256510404229197,0.6335054493001528,0.17329192546583852,0.21180124223602484,0.6149068322981366
1392,Newcastle United,Crystal Palace,0,0,3.75,3.5,2.0,1.5032086509043967,1.1007554526589864,0.021642177315966283,1.524850828220363,1.1223976299749527,1.486402899040875,1.1509528222827163,1.526961381099784,1.1168459632229437,1.5243426654007384,1.1202786213119929,0.2778262475149891,0.25492686364052514,0.46724688884448584,0.2791456805542643,0.25506921443534253,0.4657851050103934,0.277736735566154,0.2573683494683522,0.46489491496549373,0.27794,0.25958,0.46248,0.29356752253976814,0.257401579520569,0.4490308979396628,0.25339366515837103,0.27149321266968324,0.4751131221719457
1393,Nottingham Forest,AFC Bournemouth,2,3,3.8,3.5,1.95,1.4632234189931301,1.0340744029860303,0.025457038439587222,1.4886804574327173,1.0595314414256174,1.4802131852539837,1.1030760780208724,1.4863443284330842,1.0491901901165612,1.483795270365714,1.0524149062472097,0.26723886760845483,0.2601340520409435,0.47262708035060175,0.26850472193692815,0.2602944516413274,0.4712008264217442,0.26716142461617953,0.2626695273491944,0.4701690480346261,0.2687,0.26278,0.46852,0.282276938555107,0.2593071250012176,0.4584159364436753,0.24786635191574355,0.2691120392228073,0.483021608861449
1394,Tottenham Hotspur,Fulham,2,1,6.5,4.5,1.5,2.133095588966708,0.8180157466156405,0.02412632301037015,2.157221911977078,0.8421420696260106,2.1612844462096814,0.8348510567784618,2.166801384882141,0.8299732535992375,2.1630853532433982,0.8325242001903325,0.13085247825295235,0.18920443097107248,0.6799430907759751,0.13167754758701866,0.18969444649417555,0.6786280059188059,0.13168142914257772,0.19192192807830266,0.6763966427791196,0.13152,0.19464,0.67384,0.1322856576461369,0.18998574906364252,0.6777285932902205,0.1475409836065574,0.21311475409836067,0.639344262295082
1395,Wolverhampton Wanderers,Southampton,1,0,3.25,3.4,2.2,1.4252612655506163,1.0824042562370495,0.02409660813309863,1.449357873683715,1.1065008643701482,1.4466621725775584,1.1720386372003615,1.447782321611724,1.0982265145573544,1.4452993968034524,1.1016019452370918,0.28665264913166927,0.26226705485941615,0.4510802960089145,0.28797397369235544,0.2623763467091937,0.4496496795984507,0.28644015272600865,0.2647514559486728,0.44880839132531847,0.28574,0.26616,0.4481,0.30612517181384724,0.25988199052220545,0.43399283766394714,0.29127725856697817,0.27842679127725856,0.43029595015576316
1396,Aston Villa,Manchester City,1,1,1.33,5.5,8.0,1.0393134454035904,2.1649691467279744,0.009330958467317123,1.0486444038709075,2.1743001051952913,1.0203845820101298,2.2294152761927295,1.0557360038037549,2.1966160114715643,1.0539254325074348,2.2033673737619854,0.6326947579211202,0.1959363636878141,0.17136887839106596,0.6344314794044555,0.19529764980633166,0.17027087078921277,0.6302489074571332,0.19811037816281155,0.17164071438005524,0.62616,0.20038,0.17346,0.6471843353624567,0.19183984873136872,0.1609758159061747,0.7101928819304333,0.17173755144863206,0.11806956662093454
1397,Leicester City,Manchester United,0,1,2.05,3.75,3.4,1.2498367972992606,1.5901728510076183,0.013393945202701887,1.2632307425019624,1.6035667962103202,1.2285722257708047,1.6084609105890357,1.2695859094512265,1.6134175172010483,1.2674085887975945,1.618376402198449,0.45433788249772816,0.2445332782509301,0.3011288392513416,0.4560298079925092,0.2442317401885528,0.299738451818938,0.4529908283473648,0.2466932386199514,0.3003159330326841,0.45176,0.24828,0.29996,0.462226876358158,0.24584757013321662,0.29192555350862537,0.4652011310772599,0.25430995165556874,0.2804889172671714
1398,Arsenal,Aston Villa,2,1,6.0,4.5,1.45,2.0457985381461836,0.9222650122583314,0.020112052514770083,2.0659105906609536,0.9423770647731015,2.076812027846892,0.8918916355059364,2.078124922564919,0.9357464035034658,2.0745609697193146,0.9386224469034128,0.16041526438937181,0.20235055728423115,0.6372341783263971,0.16138258620511306,0.20279301678901723,0.6358243970058698,0.16116620028316808,0.20494634984378618,0.6338874498730458,0.16152,0.20402,0.63446,0.15171370229512102,0.2007843275060594,0.6475019701988195,0.15452930728241562,0.20603907637655416,0.6394316163410302
1399,AFC Bournemouth,Wolverhampton Wanderers,0,0,2.15,3.3,3.5,1.0765432577574618,1.5083073081155132,0.01830898292612256,1.0948522406835843,1.5266162910416357,1.1007906924013462,1.4956086263634396,1.0935540975565754,1.5303552885423204,1.09167866880083,1.5350588793984619,0.473529895661862,0.25515504642487846,0.2713150579132596,0.4751676547251933,0.2547794389275726,0.2700529063472341,0.47186264006645584,0.2574947212531864,0.27064263868035765,0.4734,0.25834,0.26826,0.46292820902987175,0.2580299051677218,0.27904188580240663,0.44134505158578524,0.28754298815437523,0.2711119602598395
1400,Manchester City,Nottingham Forest,6,0,29.0,13.0,1.06,3.098964128148171,0.7595509817187635,0.016675298396442384,3.1156394265446132,0.7762262801152058,3.110763142029432,0.6217408957220036,3.1479319535906343,0.7706538684368691,3.142533297849611,0.7730224951969219,0.058723842441893416,0.1065042297593338,0.8347719277987729,0.059210322654410834,0.1070117649006563,0.8337779124449329,0.0596592020102594,0.10886932186562062,0.83147147612412,0.06132,0.10858,0.8301,0.04492995208283606,0.09804105842120421,0.8570289894959597,0.03269121275384324,0.07292655152780415,0.8943822357183527
1401,West Ham United,Tottenham Hotspur,1,1,1.95,3.8,3.6,1.1858882377152478,1.6711218752191805,0.013043563467182192,1.19893180118243,1.6841654386863627,1.1799548979724537,1.6831982352953425,1.2046268761174326,1.695549829786129,1.202560959224558,1.7007611508010747,0.4887668066310554,0.23958298239654724,0.2716502109723976,0.49048373657451316,0.2391998159383905,0.2703164474870964,0.4871541461637411,0.24175635430614956,0.2710894995301095,0.48876,0.24374,0.2675,0.49142451607532395,0.24086467211903534,0.2677108118056407,0.4866595517609391,0.2497331910352187,0.263607257203842
1402,Liverpool,Newcastle United,2,1,9.0,5.25,1.33,2.289473977621899,0.8048922535329005,0.022591852289382777,2.312065829911282,0.8274841058222833,2.3063573364919616,0.7844838152262088,2.3256507636236927,0.8166579252604707,2.3216623077003264,0.8191679468081527,0.11471751166324078,0.17341273721630987,0.7118697511204494,0.11547820380544661,0.173925380705707,0.7105964154888464,0.11561570558777548,0.17610193252146683,0.7082823618907578,0.11722,0.17618,0.7066,0.1106876964174566,0.17331838099668295,0.7159939225858605,0.10547184773988898,0.18080888183980967,0.7137192704203014
1403,Crystal Palace,Brentford,1,1,3.6,3.4,2.05,1.3623287968956392,1.0565161873857656,0.026925680121599415,1.3892544770172386,1.083441867507365,1.403479474440767,1.1489509269463563,1.3838554348181926,1.0719600217388525,1.3814821436549558,1.0752547215998258,0.2910113141556507,0.26880646855667545,0.4401822172876739,0.2923232438629675,0.2688944986419036,0.43878225749512934,0.290708418715165,0.2713426875410028,0.43794889374383217,0.29158,0.27248,0.43594,0.3079642923991877,0.264178446874035,0.427857260726777,0.2621286197818729,0.2775479503572772,0.46032342986085
1404,Fulham,Brighton & Hove Albion,2,1,2.3,3.3,3.1,1.194893054367546,1.3856562604291367,0.018773615150916353,1.2136666695184624,1.404429875580053,1.1904253587946827,1.353872978313786,1.2137739810543762,1.405911364905422,1.2116923770147305,1.4102324737943346,0.41413705492694336,0.26131843183234543,0.3245445132407113,0.4157208656145937,0.2610920345314721,0.32318709985393423,0.41295399996034526,0.2636312410427533,0.3234147589969014,0.41346,0.2644,0.32214,0.40551203555082377,0.26619932301545735,0.3282886414337187,0.41002004008016035,0.28577154308617236,0.30420841683366734
1405,Southampton,Chelsea,2,1,1.61,4.0,5.25,0.9582612092393592,1.8861040878432935,0.013758604061369853,0.9720198133007291,1.8998626919046633,0.9850014736689853,1.9068868851086307,0.9734030326622579,1.9136745874277887,0.9717336611675477,1.9195563211391997,0.5934987758649772,0.21918491710659976,0.18731630702842328,0.5951903466988395,0.2185813293711437,0.18622832393001654,0.5911015835205503,0.2215142167305893,0.18738419974886,0.58922,0.22244,0.18834,0.589202874373733,0.22009186283178084,0.19070526279448596,0.5850804485616772,0.23549488054607506,0.17942467089224767
1406,Leeds United,Everton,1,1,3.3,3.5,2.15,1.342583601004467,1.074741300499157,0.026552140887284262,1.3691357418917511,1.1012934413864413,1.3921446574971208,1.1785591689640034,1.3637982381210272,1.0904515440481939,1.361459344747099,1.0938030781331551,0.29962464250946136,0.26985100445702975,0.430524353033509,0.3009576830726402,0.2699153281920215,0.42912698873533794,0.29925503135574916,0.27237175172038863,0.428373216923862,0.30166,0.27108,0.42726,0.3178853594543445,0.26385067829939096,0.41826396224626494,0.28754298815437523,0.2711119602598395,0.44134505158578524
1407,Aston Villa,West Ham United,0,1,3.1,3.4,2.3,1.4519054123822572,1.1812073360058644,0.019721203200984548,1.4716266155832418,1.200928539206849,1.442544010779445,1.2413498869216115,1.4748474820069828,1.1984738678884135,1.4723181408575374,1.202157411682805,0.30784775619758303,0.2567809052787789,0.4353713385236381,0.3092517946051841,0.25684538144139185,0.43390282395342383,0.3075524102066426,0.2591449144470787,0.43330267534627875,0.30894,0.25692,0.43414,0.32481807336599317,0.25755049519270445,0.41763143144130244,0.3067869752844252,0.27971753628874063,0.41349548842683403
1408,Wolverhampton Wanderers,Newcastle United,1,1,2.7,3.3,2.7,1.361303800678413,1.2745955452997573,0.018519415442601907,1.3798232161210149,1.293114960742359,1.357321593667004,1.2794436018636126,1.3828142422741394,1.2932271978042962,1.380442736740385,1.2972019686748564,0.3496739294330151,0.2592152104450002,0.3911108601219847,0.35117003487129167,0.2591667140677669,0.38966325106094146,0.34905303081452493,0.2615211163106433,0.3894258528748318,0.3475,0.2629,0.3896,0.3511071837532924,0.2615273179341805,0.38736549831252676,0.3548387096774194,0.2903225806451613,0.3548387096774194
1409,Nottingham Forest,Tottenham Hotspur,0,2,1.44,4.6,7.0,0.8579060222044502,2.059103381292939,0.013456785926112864,0.8713628081305631,2.0725601672190517,0.8785358997085959,2.0938753817831466,0.8714620979136741,2.0892027322695252,0.8699675535819202,2.0956239567666737,0.6549079277845535,0.19872520446877176,0.14636686774667462,0.656542585533116,0.1980321418218224,0.14542527264506167,0.6521773829147225,0.20112340987201854,0.1466992072132588,0.65322,0.20288,0.1439,0.65412933886207,0.19857026374686262,0.14730039739106748,0.6584328480287911,0.20611810894814334,0.1354490430230656
1410,Southampton,Manchester United,0,1,1.8,4.0,4.2,1.0132994230500225,1.850931743192187,0.013222318725388007,1.0265217417754104,1.864154061917575,1.0340129484424283,1.8265994116575055,1.0293109247057428,1.877988104071486,1.027545672020842,1.8837601543531346,0.5721348311696717,0.22362938964446313,0.20423577918586533,0.5738465357898018,0.223067376535153,0.2030860876750451,0.5698974609540789,0.2259075068266432,0.20419503221927793,0.57184,0.22664,0.20152,0.5593924617851416,0.22845176261972566,0.21215577559513266,0.532319391634981,0.23954372623574144,0.22813688212927755
1411,Brentford,Everton,1,1,3.75,3.5,2.0,1.3968559432301777,1.1029804141736927,0.023862579996840532,1.4207185232270183,1.1268429941705334,1.427324401669047,1.146585092241095,1.4189281567724612,1.1191034485526994,1.4164947164209563,1.122543045087634,0.29727096904722833,0.2640354165570529,0.43869361439571863,0.2986176858230559,0.26411512326932546,0.43726719090761845,0.29697376138162096,0.2665038907541216,0.43652234786425737,0.29922,0.26742,0.43336,0.3029872954000778,0.26234520403999106,0.4346675005599313,0.25339366515837103,0.27149321266968324,0.4751131221719457
1412,Brighton & Hove Albion,Leeds United,1,0,3.8,3.8,1.9,1.6357173226930402,1.0861326817452974,0.019772604152391102,1.6554899268454313,1.1059052858976886,1.6803260430195814,1.0926490629594525,1.6615638691578132,1.1020094410629695,1.6587143122253407,1.105396498675782,0.25225557127993437,0.24348560727438753,0.5042588214456782,0.2535253778500645,0.2437050700973072,0.5027695520526281,0.2524088472128675,0.2459189469754229,0.5016722058117098,0.25394,0.25032,0.49574,0.2470839214210877,0.24190073605193635,0.511015342526976,0.25,0.25,0.5
1413,Chelsea,Leicester City,2,1,7.0,5.0,1.4,2.1229602997128887,1.1491795074840165,0.01230568237341005,2.135265982086299,1.1614851898574265,2.204943753225701,0.8589744115811735,2.1565059443472916,1.1659778662478892,2.1528075692335213,1.1695615326495459,0.19801083476385617,0.20244118227116586,0.5995479829649779,0.1991904844890127,0.20282171602871527,0.5979877994822715,0.19871161021142414,0.2047557264077428,0.5965326633808332,0.19634,0.20606,0.5976,0.13279942147988888,0.18698741224199952,0.6802131662781117,0.13513513513513511,0.1891891891891892,0.6756756756756757
1414,Liverpool,AFC Bournemouth,9,0,26.0,10.0,1.1,3.306559183300633,0.6299531370501298,0.02215848083043333,3.3287176641310663,0.6521116178805632,3.339395034896099,0.6274379130034015,3.3588072914450127,0.6391616016387157,3.3530469876855022,0.6411260831467505,0.038540935432565315,0.0846822890726315,0.8767767754948032,0.038879659660178416,0.08514004591566517,0.8759802944241564,0.039321565789268785,0.08693066227507734,0.8737477719356539,0.03866,0.08674,0.8746,0.038121821889227796,0.08491099260139069,0.8769671855093815,0.036715620827770364,0.09546061415220294,0.8678237650200267
1415,Manchester City,Crystal Palace,4,2,13.0,7.5,1.18,2.4781015042778867,0.8768606104973571,0.01705724577131862,2.4951587500492054,0.8939178562686757,2.579029370269242,0.7302637273942261,2.5172588603724533,0.8896782939185418,2.5129417994580043,0.8924127456628611,0.11171749195479183,0.1608509870836345,0.7274315209615738,0.11249318001973134,0.1613700096362352,0.7261368103440335,0.11268895461478183,0.16340510244929762,0.7239059429359205,0.11422,0.16634,0.71944,0.0830048229435504,0.1454112492803965,0.7715839277760531,0.07272577861779932,0.12605801627085214,0.8012162051113485
1416,Arsenal,Fulham,2,1,9.0,5.75,1.3,2.2051995596928147,0.7660790870885812,0.026269750729918183,2.231469310422733,0.7923488378184994,2.240847501574748,0.786336490122914,2.240044695886554,0.7772773996782207,2.2362030530760086,0.7796663840514471,0.11477306435045585,0.17922685353652335,0.7060000821130209,0.11551878462706072,0.1797372890156584,0.7047439263572809,0.11563316158266045,0.18199172418463613,0.7023751142327034,0.11574,0.18528,0.69898,0.11633232442143862,0.17967028732017068,0.7039973882583908,0.10539302079661615,0.16496298907296442,0.7296439901304195
1417,Manchester United,Liverpool,2,1,1.6,4.33,5.25,1.078505560422459,1.7774749230367484,0.013150452266931243,1.0916560126893902,1.7906253753036796,1.126303671665275,1.7711587408566023,1.0955474072582438,1.8034575143173135,1.0936685600064753,1.8090004926944865,0.5394469735394469,0.23103037991363845,0.2295226465469148,0.541169050167685,0.2305336803835608,0.22829726944875428,0.5374425679895843,0.23326316165490601,0.22929427035550953,0.53338,0.2335,0.23312,0.5247225327080425,0.2338945241682581,0.24138294312369923,0.5972727631008525,0.22070125195412565,0.18202598494502173
1418,Leeds United,Chelsea,3,0,1.53,4.5,5.75,0.8888929110157151,1.965606504727672,0.01405871851038269,0.9029516295260978,1.9796652232380547,0.9317736368088779,2.010942807095752,0.9029386214866107,1.9943391466169347,0.9013900953924808,2.0004688051637465,0.6279136924610481,0.20928861514599428,0.1627976923929575,0.629571857667997,0.20862863041141302,0.16179951192059017,0.625301516028152,0.21167717370279276,0.1630213102690551,0.62536,0.21224,0.1624,0.6243847008842213,0.20863806035262486,0.16697723876315396,0.6226312939902545,0.21169463995668653,0.16567406605305904
1419,West Ham United,Brighton & Hove Albion,0,2,3.1,3.4,2.3,1.4984237452789275,1.1200337767127733,0.020996145001434877,1.5194198902803624,1.1410299217142081,1.4733192365421255,1.1950655064594033,1.5221008674925063,1.1364060919919319,1.519490487500864,1.1398988686975609,0.28364021921482596,0.25486155017450185,0.4614982306106723,0.2849788168771202,0.2549897294551041,0.46003145366777576,0.2835169319753311,0.2572812450537395,0.4592018229709295,0.28278,0.25902,0.4582,0.307248433267832,0.2570138903406855,0.43573767639148264,0.3067869752844252,0.27971753628874063,0.41349548842683403
1420,Newcastle United,Manchester City,3,3,1.36,5.0,7.5,1.0615475010767557,2.0127642757672506,0.010483395935702489,1.0720308970124581,2.0232476717029533,1.045568652424366,2.0138763472759225,1.0783213876343494,2.0421862557027177,1.0764720827459828,2.048462973711129,0.596124364110271,0.20989491600771515,0.19398071988201393,0.5978713144223908,0.2093067730962249,0.19282191248138403,0.5938428307102053,0.21208140825375602,0.19407576103603852,0.59556,0.21032,0.19412,0.5978375655213367,0.21160864769240775,0.19055378678625567,0.6880733944954128,0.1871559633027523,0.12477064220183487
1421,Tottenham Hotspur,Wolverhampton Wanderers,1,0,7.5,4.75,1.4,2.2261976672776385,0.8786983334398226,0.01970692177253515,2.2459045890501734,0.8984052552123578,2.2779130839454296,0.8198420833782749,2.2613746019770447,0.8915428801396292,2.2574963786998095,0.8942830627431585,0.1336381134702925,0.1833452825363777,0.6830166039933298,0.13449813802888191,0.1838354504066914,0.6816664115644269,0.13451213658393557,0.18596225143096695,0.6795256119850974,0.13394,0.18722,0.67884,0.11922416970573019,0.17803501127734517,0.7027408190169246,0.12600663192799622,0.19895783988630983,0.6750355281856941
1422,Crystal Palace,Aston Villa,3,1,2.9,3.25,2.5,1.1942761770904828,1.1763956619970475,0.02606531308877529,1.2203414901792582,1.2024609750858228,1.2520827376744672,1.2117853697994734,1.2131473562818358,1.1935918582830005,1.211066826894208,1.1972603970808977,0.35718873995661343,0.2761476711426793,0.3666635889007075,0.35863205853291186,0.2760483594690856,0.3653195819980025,0.35632608076656824,0.278628170427646,0.3650457488057859,0.35798,0.27582,0.3662,0.3541862870027253,0.27230042819074746,0.37351328480652746,0.3276209677419355,0.2923387096774194,0.3800403225806452
1423,Everton,Nottingham Forest,1,1,4.0,3.6,1.9,1.5820371173042431,1.0471680607145755,0.022278349587654414,1.6043154668918975,1.0694464103022299,1.619705172262327,1.030928460001297,1.607035443906347,1.0624752469769418,1.6042794023993578,1.0657407951107465,0.2510578954205519,0.24876161419541343,0.5001804903840346,0.25230437533471917,0.24897658263884892,0.4987190420264319,0.2511695329167581,0.2512540403470428,0.4975764267361993,0.24826,0.25234,0.4994,0.24125896965351934,0.24787298460678917,0.5108680457396916,0.23717059639389737,0.2635228848821082,0.49930651872399445
1424,Fulham,Brentford,3,2,2.9,3.4,2.45,1.270354194582038,1.1320585942595105,0.025837937896776454,1.2961921324788144,1.1578965321562869,1.3432536985378731,1.2170944710582885,1.2904275093666033,1.1486066846877252,1.2882144456839941,1.1521369602648077,0.3292975870697082,0.2731439007675971,0.3975585121626948,0.33069451711391723,0.2731250303576704,0.3961804525284123,0.3286846077976624,0.2756291895808017,0.395686202621536,0.33172,0.27198,0.3963,0.33743579222082065,0.26565758908672843,0.3969066186924509,0.329314093694406,0.2808855505040522,0.3898003558015417
1425,Leicester City,Southampton,1,2,4.0,4.0,1.83,1.7478100925807132,1.038769764774044,0.019719324251613827,1.767529416832327,1.0584890890256577,1.7801506553758368,1.0357169120811083,1.7754278564466057,1.0539541872842764,1.7723830244962056,1.0571935456968082,0.2238586180005544,0.23333638248018052,0.5428049995192652,0.22504735810274556,0.23363164198655753,0.5413209999106967,0.22422374538434425,0.23581465501119075,0.5399615996044651,0.22702,0.23342,0.53956,0.2189436659776255,0.2327845439791027,0.5482717900432718,0.23890339425587467,0.23890339425587467,0.5221932114882506
1426,AFC Bournemouth,Arsenal,0,3,1.4,4.75,8.0,0.8825236136978972,2.0879755233957162,0.012583947397574253,0.8951075610954715,2.1005594707932906,0.8815623985188431,2.1348405037849587,0.8964686806549111,2.1184969186205382,0.8949312504115589,2.12500817963933,0.6546920618037876,0.19695260965052555,0.14835532854568667,0.6563398964235365,0.19626438819443656,0.14739571538202678,0.6519942668344233,0.19931304623394094,0.1486926869316355,0.6536,0.19866,0.14774,0.6614584803078469,0.19473983067018455,0.14380168902196833,0.6803939122649956,0.20053715308863027,0.11906893464637423
1427,Liverpool,Crystal Palace,1,1,16.0,6.75,1.18,2.404230813440794,0.8339584522397441,0.019665185483187256,2.423895998923981,0.8536236377229314,2.4718223990902,0.7395842438164252,2.4422209126893164,0.8461490048763451,2.4380325407214603,0.8487496681027652,0.11044851794207698,0.1646930197925295,0.7248584622653935,0.11120338064888197,0.16521166642256788,0.7235849529285502,0.11138990520800106,0.16731340802230638,0.7212966867696926,0.11068,0.16778,0.72154,0.09125272693888832,0.15532474176354083,0.7534225312975709,0.05906781860654825,0.14001260706737362,0.8009195743260781
1428,Nottingham Forest,West Ham United,1,0,1.85,3.6,4.2,1.011665326455238,1.6144299597215706,0.017418932676624133,1.029084259131862,1.6318488923981946,1.0471075561961174,1.6565816636603006,1.027651007174187,1.6380292089997994,1.0258886012227746,1.6430637387375853,0.5161830246828385,0.24615397044370232,0.23766300487345882,0.51784570128907,0.245683817936537,0.23647048077439325,0.5142056662481257,0.2485126476632687,0.23728168608860534,0.51126,0.25028,0.23846,0.5160615423190029,0.24430901652024192,0.23962944116075502,0.5116751269035532,0.2629441624365482,0.22538071065989848
1429,Chelsea,Tottenham Hotspur,2,2,3.2,3.4,2.25,1.4811436327780105,1.2076597115002476,0.018352484480469985,1.4994961172584804,1.2260121959807175,1.4579140955839334,1.2680872185264844,1.5045477058378784,1.2253129162139929,1.501967429253278,1.2290789505929152,0.30933813382042885,0.25366385143962544,0.43699801473994593,0.31075881908145975,0.25372959082528423,0.43551159009325613,0.30906398631052934,0.2559917451380327,0.43494426855143764,0.30608,0.2586,0.43532,0.3287976153886399,0.25541559155615645,0.4157867930552036,0.29731830547998445,0.27982899339292655,0.42285270112708895
1430,Aston Villa,Everton,2,1,4.75,3.5,1.8,1.7373763107093965,1.0194014826658486,0.020646399903939225,1.7580227106133357,1.0400478825697879,1.7600309001310754,1.001435789196658,1.7648292067071074,1.0343027854812252,1.7618025512808846,1.0374817447468903,0.22076200306674165,0.23420407155122375,0.5450339253820347,0.2219339929403707,0.23450479045593314,0.5435612166036963,0.2211311721312388,0.2367093972838565,0.5421594305849049,0.22374,0.23498,0.54128,0.21372975743595352,0.23442449001319074,0.5518457525508558,0.20015885623510724,0.27164416203335984,0.5281969817315331
1431,Arsenal,Leicester City,4,2,5.75,4.33,1.53,2.030786703367045,1.0105352044807179,0.016923817748166956,2.047710521115212,1.0274590222288849,2.06688398733963,0.9330410906170278,2.0628758804885554,1.025306902720931,2.059338079519727,1.0284582128830113,0.18045184851319418,0.20668881445358075,0.6128593370332249,0.18151873267045912,0.20709566757896442,0.6113855997505764,0.1811505324210886,0.20917256432626746,0.6096769032526439,0.18288,0.2075,0.60962,0.1610799409171937,0.20331820513676685,0.6356018539460395,0.1643084432253056,0.21819250543776147,0.6174990513369328
1432,Brighton & Hove Albion,Newcastle United,0,0,3.0,3.2,2.45,1.1939403685383045,1.224073922960159,0.02408373087464432,1.2180240994129488,1.2481576538348031,1.251279017639234,1.208447136624743,1.2128062415002578,1.2419670656567292,1.2107262971193267,1.2457842870414548,0.3705409582012177,0.2729267249051726,0.35653231689361,0.37201957417367826,0.2727970223823228,0.3551834034439988,0.3696033351999346,0.27536369203304506,0.35503297276702006,0.36756,0.27494,0.3575,0.353440629655519,0.27256141937473033,0.37399795096975064,0.3162565550625252,0.2964905203711174,0.3872529245663574
1433,Manchester City,AFC Bournemouth,4,0,29.0,13.0,1.06,3.111983808654812,0.7355075504184496,0.0176802946675584,3.12966410332237,0.753187845086008,3.214612443697223,0.6290326969532464,3.161157362662048,0.7462589775236168,3.155736025544279,0.748552625887022,0.05559932859303372,0.1039613325057474,0.8404393389012189,0.05606240757309747,0.10446380148065836,0.8394737909462442,0.05651306846964754,0.10632548231314433,0.8371614492172081,0.05592,0.1071,0.83698,0.04213160467508549,0.09220388648409907,0.8656645088408155,0.03269121275384324,0.07292655152780415,0.8943822357183527
1434,Southampton,Leeds United,2,2,3.1,3.5,2.25,1.2653518372225805,1.1925705456890163,0.023410061152142298,1.2887618983747229,1.2159806068411587,1.3586210362726483,1.2253116907784485,1.2853461079937758,1.2100031815368064,1.2831417588377505,1.2137221610072533,0.34698103435271915,0.2701070551415917,0.3829119105056894,0.34842754884634236,0.2700463119743868,0.3815261391792708,0.34626471833419964,0.2725331608356475,0.3812021208301528,0.34906,0.27098,0.37996,0.3366234462502327,0.2641671292139968,0.3992094245357707,0.306420233463035,0.2714007782101167,0.42217898832684825
1435,Wolverhampton Wanderers,Fulham,0,0,3.2,3.3,2.3,1.2997185690483266,1.1422170537672787,0.024589090644597446,1.324307659692924,1.166806144411876,1.323981108096789,1.155876945363676,1.3202558806730076,1.1589136374867401,1.317991661784259,1.162475591778761,0.32630756844705,0.2702928370974354,0.40339959445551477,0.32770789805339934,0.27028682237321017,0.4020052795733903,0.32574610534695714,0.2727539715452042,0.4014999231078389,0.32126,0.27406,0.40468,0.3247691514173505,0.2701561742130315,0.40507467436961797,0.29753038024304196,0.28851430811446493,0.4139553116424932
1436,Brentford,Manchester United,4,0,2.0,3.5,3.75,1.003742561372781,1.5969447829097418,0.017997529027644944,1.021740090400426,1.6149423119373867,1.0664240930038507,1.627796788913238,1.0196030516856665,1.6202884391572718,1.0178544478563272,1.625268442130301,0.513741118941378,0.24789624822643314,0.23836263283218906,0.515396742082639,0.24742864302691067,0.23717461489045066,0.5117647815926013,0.25027045272794607,0.23796476567945257,0.51168,0.25048,0.23784,0.5043867501500109,0.24682322039736138,0.24879002945262807,0.4751131221719457,0.27149321266968324,0.25339366515837103
1437,Leicester City,Brentford,2,2,3.5,3.75,2.0,1.5506891992268759,1.0609765654681078,0.022312677061293754,1.5730018762881697,1.0832892425294016,1.6080423750075965,1.1542655584373274,1.5751921863165104,1.0764856002800975,1.5724907555151957,1.07979420963647,0.25963187661308434,0.25147077620215974,0.4888973471847562,0.2609006798665923,0.2516619129535434,0.48743740717986417,0.25967533350540817,0.25395137785160254,0.48637328864298923,0.25728,0.25392,0.4888,0.27366948907215155,0.24735725144190307,0.4789732594859455,0.27149321266968324,0.25339366515837103,0.4751131221719457
1438,Manchester United,Brighton & Hove Albion,1,2,5.25,4.2,1.6,2.017880347339299,0.9035971196913176,0.021354500241548082,2.0392348475808473,0.9249516199328657,2.0125235418196032,0.930860894773157,2.049765586576106,0.9168056293242549,2.0462502695632656,0.9196234577117113,0.15961956301871683,0.20436529671345835,0.6360151402678247,0.16057600102254932,0.20480734546313803,0.6346166535143127,0.16035579849334955,0.20699089798238562,0.6326533035242647,0.16192,0.2047,0.63338,0.16661002072468664,0.20845501778620992,0.6249349614891033,0.18079096045197737,0.22598870056497172,0.5932203389830508
1439,West Ham United,Manchester City,0,2,1.36,5.0,8.0,1.120269203000058,2.0294101974874104,0.009570575068482195,1.1298397780685403,2.0389807725558926,1.0800589676636054,1.9960045995572826,1.1379709718856035,2.059075502476265,1.1360193688614402,2.0654041300688664,0.5858576867530814,0.20975782843187962,0.2043844848150388,0.5876318280517059,0.2091942661300784,0.2031739058182156,0.5836850162903573,0.21188456671943476,0.2044304169902078,0.58452,0.21244,0.20304,0.5859313631445994,0.21394974160879013,0.20011889524661053,0.6934812760055478,0.18862690707350901,0.11789181692094314
1440,Fulham,Liverpool,2,2,1.25,6.0,11.0,0.7958163135872862,2.3185452469669676,0.01177847844520932,0.8075947920324955,2.330323725412177,0.7944394036602851,2.407674618716179,0.8083912879066223,2.352437040733891,0.8070049090611481,2.3596673234252936,0.7183812442381697,0.17046790732930336,0.1111508484325272,0.7199294509665725,0.16972471325923286,0.1103458357741951,0.7154679043141566,0.17285144228100574,0.11168065340483746,0.7123,0.17608,0.11162,0.730820564180867,0.1646126444071761,0.10456679141195702,0.7564469914040115,0.15759312320916904,0.08595988538681948
1441,AFC Bournemouth,Aston Villa,2,0,2.0,3.5,3.75,1.0125034654606102,1.5929605279279682,0.017871105926667328,1.0303745713872776,1.6108316338546356,1.0706017617288546,1.6165308146916206,1.0285023899096621,1.6162459435401972,1.0267385238497213,1.621213521787045,0.5105935345217792,0.2482197441786128,0.24118672129960794,0.5122500240120498,0.2477597732848967,0.2399902027030536,0.5086452227922328,0.250586114948575,0.24076866225919247,0.50802,0.25168,0.2403,0.5006091388462136,0.24780665743152455,0.2515842037222622,0.4751131221719457,0.27149321266968324,0.25339366515837103
1442,Leeds United,Wolverhampton Wanderers,2,1,3.2,3.4,2.25,1.3045497999886582,1.0643593982172603,0.028172782532179176,1.3327225825208373,1.0925321807494395,1.3621276798028024,1.188252735256461,1.3251634515977906,1.0799178822561013,1.3228908162990503,1.083237040829534,0.3038886295120599,0.27367913173932357,0.4224322387486166,0.30522036121641494,0.2737261786203505,0.42105346016323464,0.30345252758846736,0.2762269330366871,0.4203205393748455,0.30282,0.27714,0.42004,0.32613002414377373,0.26568758052041325,0.40818239533581324,0.29731830547998445,0.27982899339292655,0.42285270112708895
1443,Newcastle United,Nottingham Forest,2,0,5.25,3.8,1.66,1.7876901167341281,0.9528241791225014,0.022715615767931383,1.8104057325020595,0.9755397948904327,1.808587130914943,0.9566340461980699,1.815938038930557,0.9667522750340228,1.8128237326292302,0.9697236158690882,0.19820245658959054,0.22855855006852432,0.5732389933418853,0.19928824053266156,0.22891123447178302,0.5718005249955553,0.19868986530601415,0.23114944657025124,0.5701606881237348,0.19776,0.23426,0.56798,0.1968421218773103,0.22912358545621017,0.5740342926664797,0.1803677122351528,0.24919223400909268,0.5704400537557545
1444,Tottenham Hotspur,Southampton,4,1,8.5,5.5,1.33,2.2559538493248925,0.7429395132726535,0.027064425139060117,2.2830182744639527,0.7700039384117137,2.3003062336623294,0.7802484110005244,2.291600971954223,0.75379957856492,2.2876709109091413,0.756116403181822,0.10653078165419706,0.17285536549996178,0.7206138528458412,0.1072359493236081,0.1733742262197331,0.7193898244566588,0.10740485095110411,0.17563178794094078,0.7169633611079551,0.10874,0.17332,0.71794,0.1104324047694054,0.1736354075998557,0.715932187630739,0.11190148386109836,0.17293865687624294,0.7151598592626587
1445,Everton,Chelsea,0,1,1.61,4.0,5.5,0.9131241830225003,1.874493404319384,0.014892971792747971,0.9280171548152483,1.889386376112132,0.986112402748319,1.8894171325306761,0.9275527803706913,1.9018941824408195,0.9259620413659493,1.9077397087397472,0.6020871528076499,0.2192175015629134,0.1786953456294369,0.6037567055013929,0.21859332683112775,0.1776499676674792,0.599596530408859,0.22160350861571926,0.1787999609754215,0.5983,0.22352,0.17818,0.5850746296493413,0.2217820856084169,0.19314328474224163,0.5898914063547392,0.23743129105778257,0.17267730258747824
1446,Crystal Palace,Arsenal,0,2,1.85,3.6,4.2,1.0150958669997014,1.5829098393673828,0.01803473760248791,1.0331306046021893,1.6009445769698707,1.0524934532475019,1.647722717729573,1.0311357549000206,1.606048337051503,1.0293673726589065,1.6109845726624323,0.5074242224338475,0.24916676523469972,0.24340901233145285,0.5090781797965291,0.24871311041851268,0.24220870978495823,0.5054954753891007,0.2515344973402743,0.24297002727062544,0.50616,0.2512,0.24264,0.5126060264036567,0.24510074259695952,0.2422932309993836,0.5116751269035532,0.2629441624365482,0.22538071065989848
