probabilities,strategy,min_edge,min_odds,max_odds,outcome,sizing,search_bets,search_staked,search_net,search_roi,search_drawdown,search_balanced,eligible
raw,Most likely outcome,0,1.01,1000,all,flat,480,480.0,-52.49,-0.10935416666666667,56.489999999999995,-133.225,True
raw,Most likely outcome,0,1.01,1000,home,flat,267,267.0,-21.880000000000003,-0.08194756554307117,26.099999999999994,-56.81,True
raw,Most likely outcome,0,1.01,1000,draw,flat,0,0.0,0.0,0.0,0.0,0.0,False
raw,Most likely outcome,0,1.01,1000,away,flat,213,213.0,-30.61,-0.14370892018779344,33.59999999999999,-78.02,True
raw,Most likely outcome,0,1.01,2,all,flat,191,191.0,-8.89,-0.04654450261780105,20.689999999999998,-29.235,True
raw,Most likely outcome,0,1.01,2,home,flat,151,151.0,-2.8800000000000017,-0.019072847682119216,17.07,-19.675000000000004,True
raw,Most likely outcome,0,1.01,2,draw,flat,0,0.0,0.0,0.0,0.0,0.0,False
raw,Most likely outcome,0,1.01,2,away,flat,40,40.0,-6.01,-0.15025,11.0,-17.52,False
raw,Most likely outcome,0,2,4,all,flat,299,299.0,-43.599999999999994,-0.145819397993311,45.19,-109.79499999999999,True
raw,Most likely outcome,0,2,4,home,flat,117,117.0,-19.999999999999996,-0.17094017094017092,26.229999999999993,-56.94499999999999,True
raw,Most likely outcome,0,2,4,draw,flat,0,0.0,0.0,0.0,0.0,0.0,False
raw,Most likely outcome,0,2,4,away,flat,182,182.0,-23.6,-0.12967032967032968,24.939999999999994,-59.67,True
raw,Most likely outcome,0,4,1000,all,flat,0,0.0,0.0,0.0,0.0,0.0,False
raw,Most likely outcome,0,4,1000,home,flat,0,0.0,0.0,0.0,0.0,0.0,False
raw,Most likely outcome,0,4,1000,draw,flat,0,0.0,0.0,0.0,0.0,0.0,False
raw,Most likely outcome,0,4,1000,away,flat,0,0.0,0.0,0.0,0.0,0.0,False
raw,Most likely outcome,0.02,1.01,1000,all,flat,219,219.0,-37.76,-0.1724200913242009,45.899999999999984,-98.47,True
raw,Most likely outcome,0.02,1.01,1000,home,flat,100,100.0,-5.059999999999997,-0.05059999999999997,16.02,-23.089999999999996,True
raw,Most likely outcome,0.02,1.01,1000,draw,flat,0,0.0,0.0,0.0,0.0,0.0,False
raw,Most likely outcome,0.02,1.01,1000,away,flat,119,119.0,-32.7,-0.2747899159663866,35.62,-83.21000000000001,True
raw,Most likely outcome,0.02,1.01,2,all,flat,54,54.0,-1.7700000000000005,-0.03277777777777779,8.07,-8.505,False
raw,Most likely outcome,0.02,1.01,2,home,flat,40,40.0,4.6499999999999995,0.11624999999999999,4.049999999999999,1.2449999999999999,False
raw,Most likely outcome,0.02,1.01,2,draw,flat,0,0.0,0.0,0.0,0.0,0.0,False
raw,Most likely outcome,0.02,1.01,2,away,flat,14,14.0,-6.42,-0.4585714285714286,7.32,-16.5,False
raw,Most likely outcome,0.02,2,4,all,flat,167,167.0,-35.989999999999995,-0.2155089820359281,39.16,-91.55999999999999,True
raw,Most likely outcome,0.02,2,4,home,flat,60,60.0,-9.71,-0.16183333333333336,19.45,-35.485,False
raw,Most likely outcome,0.02,2,4,draw,flat,0,0.0,0.0,0.0,0.0,0.0,False
raw,Most likely outcome,0.02,2,4,away,flat,107,107.0,-26.28,-0.24560747663551402,28.299999999999997,-66.71000000000001,True
raw,Most likely outcome,0.02,4,1000,all,flat,0,0.0,0.0,0.0,0.0,0.0,False
raw,Most likely outcome,0.02,4,1000,home,flat,0,0.0,0.0,0.0,0.0,0.0,False
raw,Most likely outcome,0.02,4,1000,draw,flat,0,0.0,0.0,0.0,0.0,0.0,False
raw,Most likely outcome,0.02,4,1000,away,flat,0,0.0,0.0,0.0,0.0,0.0,False
raw,Most likely outcome,0.05,1.01,1000,all,flat,49,49.0,-18.56,-0.3787755102040816,20.7,-47.47,False
raw,Most likely outcome,0.05,1.01,1000,home,flat,16,16.0,-8.07,-0.504375,8.870000000000001,-20.575000000000003,False
raw,Most likely outcome,0.05,1.01,1000,draw,flat,0,0.0,0.0,0.0,0.0,0.0,False
raw,Most likely outcome,0.05,1.01,1000,away,flat,33,33.0,-10.489999999999998,-0.3178787878787878,13.829999999999998,-27.894999999999996,False
raw,Most likely outcome,0.05,1.01,2,all,flat,7,7.0,-1.77,-0.25285714285714284,3.4699999999999998,-5.505,False
raw,Most likely outcome,0.05,1.01,2,home,flat,5,5.0,0.22999999999999998,0.046,2.0,-2.77,False
raw,Most likely outcome,0.05,1.01,2,draw,flat,0,0.0,0.0,0.0,0.0,0.0,False
raw,Most likely outcome,0.05,1.01,2,away,flat,2,2.0,-2.0,-1.0,2.0,-5.0,False
raw,Most likely outcome,0.05,2,4,all,flat,42,42.0,-16.79,-0.39976190476190476,18.130000000000003,-42.644999999999996,False
raw,Most likely outcome,0.05,2,4,home,flat,11,11.0,-8.3,-0.7545454545454546,8.3,-20.75,False
raw,Most likely outcome,0.05,2,4,draw,flat,0,0.0,0.0,0.0,0.0,0.0,False
raw,Most likely outcome,0.05,2,4,away,flat,31,31.0,-8.489999999999998,-0.2738709677419354,11.829999999999998,-22.894999999999996,False
raw,Most likely outcome,0.05,4,1000,all,flat,0,0.0,0.0,0.0,0.0,0.0,False
raw,Most likely outcome,0.05,4,1000,home,flat,0,0.0,0.0,0.0,0.0,0.0,False
raw,Most likely outcome,0.05,4,1000,draw,flat,0,0.0,0.0,0.0,0.0,0.0,False
raw,Most likely outcome,0.05,4,1000,away,flat,0,0.0,0.0,0.0,0.0,0.0,False
raw,Most likely outcome,0.1,1.01,1000,all,flat,5,5.0,-5.0,-1.0,5.0,-12.5,False
raw,Most likely outcome,0.1,1.01,1000,home,flat,5,5.0,-5.0,-1.0,5.0,-12.5,False
raw,Most likely outcome,0.1,1.01,1000,draw,flat,0,0.0,0.0,0.0,0.0,0.0,False
raw,Most likely outcome,0.1,1.01,1000,away,flat,0,0.0,0.0,0.0,0.0,0.0,False
raw,Most likely outcome,0.1,1.01,2,all,flat,0,0.0,0.0,0.0,0.0,0.0,False
raw,Most likely outcome,0.1,1.01,2,home,flat,0,0.0,0.0,0.0,0.0,0.0,False
raw,Most likely outcome,0.1,1.01,2,draw,flat,0,0.0,0.0,0.0,0.0,0.0,False
raw,Most likely outcome,0.1,1.01,2,away,flat,0,0.0,0.0,0.0,0.0,0.0,False
raw,Most likely outcome,0.1,2,4,all,flat,5,5.0,-5.0,-1.0,5.0,-12.5,False
raw,Most likely outcome,0.1,2,4,home,flat,5,5.0,-5.0,-1.0,5.0,-12.5,False
raw,Most likely outcome,0.1,2,4,draw,flat,0,0.0,0.0,0.0,0.0,0.0,False
raw,Most likely outcome,0.1,2,4,away,flat,0,0.0,0.0,0.0,0.0,0.0,False
raw,Most likely outcome,0.1,4,1000,all,flat,0,0.0,0.0,0.0,0.0,0.0,False
raw,Most likely outcome,0.1,4,1000,home,flat,0,0.0,0.0,0.0,0.0,0.0,False
raw,Most likely outcome,0.1,4,1000,draw,flat,0,0.0,0.0,0.0,0.0,0.0,False
raw,Most likely outcome,0.1,4,1000,away,flat,0,0.0,0.0,0.0,0.0,0.0,False
raw,Most likely outcome,0.2,1.01,1000,all,flat,0,0.0,0.0,0.0,0.0,0.0,False
raw,Most likely outcome,0.2,1.01,1000,home,flat,0,0.0,0.0,0.0,0.0,0.0,False
raw,Most likely outcome,0.2,1.01,1000,draw,flat,0,0.0,0.0,0.0,0.0,0.0,False
raw,Most likely outcome,0.2,1.01,1000,away,flat,0,0.0,0.0,0.0,0.0,0.0,False
raw,Most likely outcome,0.2,1.01,2,all,flat,0,0.0,0.0,0.0,0.0,0.0,False
raw,Most likely outcome,0.2,1.01,2,home,flat,0,0.0,0.0,0.0,0.0,0.0,False
raw,Most likely outcome,0.2,1.01,2,draw,flat,0,0.0,0.0,0.0,0.0,0.0,False
raw,Most likely outcome,0.2,1.01,2,away,flat,0,0.0,0.0,0.0,0.0,0.0,False
raw,Most likely outcome,0.2,2,4,all,flat,0,0.0,0.0,0.0,0.0,0.0,False
raw,Most likely outcome,0.2,2,4,home,flat,0,0.0,0.0,0.0,0.0,0.0,False
raw,Most likely outcome,0.2,2,4,draw,flat,0,0.0,0.0,0.0,0.0,0.0,False
raw,Most likely outcome,0.2,2,4,away,flat,0,0.0,0.0,0.0,0.0,0.0,False
raw,Most likely outcome,0.2,4,1000,all,flat,0,0.0,0.0,0.0,0.0,0.0,False
raw,Most likely outcome,0.2,4,1000,home,flat,0,0.0,0.0,0.0,0.0,0.0,False
raw,Most likely outcome,0.2,4,1000,draw,flat,0,0.0,0.0,0.0,0.0,0.0,False
raw,Most likely outcome,0.2,4,1000,away,flat,0,0.0,0.0,0.0,0.0,0.0,False
raw,Expected return > 1,0,1.01,1000,all,flat,2106,2106.0,-49.959999999999994,-0.023722697056030386,136.40000000000003,-168.12,True
raw,Expected return > 1,0,1.01,1000,home,flat,739,739.0,-9.389999999999997,-0.012706359945872797,61.86,-49.709999999999994,True
raw,Expected return > 1,0,1.01,1000,draw,flat,77,77.0,-31.55,-0.40974025974025974,34.55,-80.375,False
raw,Expected return > 1,0,1.01,1000,away,flat,1290,1290.0,-9.019999999999989,-0.0069922480620154956,91.19,-84.90499999999997,True
raw,Expected return > 1,0,1.01,2,all,flat,171,171.0,-13.59,-0.07947368421052632,22.019999999999996,-38.19,True
raw,Expected return > 1,0,1.01,2,home,flat,135,135.0,-7.880000000000001,-0.05837037037037038,16.07,-25.675000000000004,True
raw,Expected return > 1,0,1.01,2,draw,flat,0,0.0,0.0,0.0,0.0,0.0,False
raw,Expected return > 1,0,1.01,2,away,flat,36,36.0,-5.710000000000001,-0.15861111111111115,10.0,-16.42,False
raw,Expected return > 1,0,2,4,all,flat,955,955.0,-106.97999999999999,-0.11202094240837696,125.35999999999997,-276.64,True
raw,Expected return > 1,0,2,4,home,flat,284,284.0,-40.28,-0.14183098591549295,46.48,-103.8,True
raw,Expected return > 1,0,2,4,draw,flat,1,1.0,3.0,3.0,0.0,3.0,False
raw,Expected return > 1,0,2,4,away,flat,670,670.0,-69.7,-0.10402985074626867,87.95000000000005,-183.37500000000003,True
raw,Expected return > 1,0,4,1000,all,flat,1048,1048.0,72.61,0.06928435114503817,54.839999999999996,45.19,True
raw,Expected return > 1,0,4,1000,home,flat,340,340.0,50.769999999999996,0.1493235294117647,40.25,30.644999999999996,True
raw,Expected return > 1,0,4,1000,draw,flat,77,77.0,-31.55,-0.40974025974025974,34.55,-80.375,False
raw,Expected return > 1,0,4,1000,away,flat,631,631.0,53.39000000000001,0.08461172741679875,51.8,27.49000000000001,True
raw,Expected return > 1,0.02,1.01,1000,all,flat,1675,1675.0,16.690000000000005,0.009964179104477614,95.93,-34.574999999999996,True
raw,Expected return > 1,0.02,1.01,1000,home,flat,520,520.0,14.780000000000005,0.028423076923076933,54.43,-12.434999999999995,True
raw,Expected return > 1,0.02,1.01,1000,draw,flat,66,66.0,-31.25,-0.4734848484848485,34.25,-79.625,False
raw,Expected return > 1,0.02,1.01,1000,away,flat,1089,1089.0,33.160000000000004,0.030449954086317725,75.60000000000001,-4.640000000000001,True
raw,Expected return > 1,0.02,1.01,2,all,flat,54,54.0,-1.7700000000000005,-0.03277777777777779,8.07,-8.505,False
raw,Expected return > 1,0.02,1.01,2,home,flat,40,40.0,4.6499999999999995,0.11624999999999999,4.049999999999999,1.2449999999999999,False
raw,Expected return > 1,0.02,1.01,2,draw,flat,0,0.0,0.0,0.0,0.0,0.0,False
raw,Expected return > 1,0.02,1.01,2,away,flat,14,14.0,-6.42,-0.4585714285714286,7.32,-16.5,False
raw,Expected return > 1,0.02,2,4,all,flat,724,724.0,-85.57,-0.11819060773480662,100.66999999999997,-221.47499999999997,True
raw,Expected return > 1,0.02,2,4,home,flat,191,191.0,-31.690000000000005,-0.16591623036649217,37.59,-82.17500000000001,True
raw,Expected return > 1,0.02,2,4,draw,flat,1,1.0,3.0,3.0,0.0,3.0,False
raw,Expected return > 1,0.02,2,4,away,flat,532,532.0,-56.879999999999995,-0.1069172932330827,80.43,-153.975,True
raw,Expected return > 1,0.02,4,1000,all,flat,954,954.0,109.03000000000002,0.11428721174004194,41.239999999999995,88.41000000000003,True
raw,Expected return > 1,0.02,4,1000,home,flat,307,307.0,55.81999999999999,0.18182410423452766,39.25,36.19499999999999,True
raw,Expected return > 1,0.02,4,1000,draw,flat,66,66.0,-31.25,-0.4734848484848485,34.25,-79.625,False
raw,Expected return > 1,0.02,4,1000,away,flat,581,581.0,84.46000000000001,0.14537005163511188,45.8,61.56000000000001,True
raw,Expected return > 1,0.05,1.01,1000,all,flat,1217,1217.0,-19.220000000000013,-0.01579293344289237,81.76,-86.12000000000002,True
raw,Expected return > 1,0.05,1.01,1000,home,flat,338,338.0,-14.59,-0.04316568047337278,38.65,-51.535,True
raw,Expected return > 1,0.05,1.01,1000,draw,flat,45,45.0,-25.0,-0.5555555555555556,25.0,-62.5,False
raw,Expected return > 1,0.05,1.01,1000,away,flat,834,834.0,20.370000000000005,0.024424460431654683,76.34,-32.84999999999998,True
raw,Expected return > 1,0.05,1.01,2,all,flat,7,7.0,-1.77,-0.25285714285714284,3.4699999999999998,-5.505,False
raw,Expected return > 1,0.05,1.01,2,home,flat,5,5.0,0.22999999999999998,0.046,2.0,-2.77,False
raw,Expected return > 1,0.05,1.01,2,draw,flat,0,0.0,0.0,0.0,0.0,0.0,False
raw,Expected return > 1,0.05,1.01,2,away,flat,2,2.0,-2.0,-1.0,2.0,-5.0,False
raw,Expected return > 1,0.05,2,4,all,flat,441,441.0,-36.99,-0.08387755102040817,52.42999999999999,-100.19500000000001,True
raw,Expected return > 1,0.05,2,4,home,flat,80,80.0,-15.9,-0.19875,22.95,-48.325,False
raw,Expected return > 1,0.05,2,4,draw,flat,0,0.0,0.0,0.0,0.0,0.0,False
raw,Expected return > 1,0.05,2,4,away,flat,361,361.0,-21.090000000000003,-0.05842105263157896,54.2,-74.95,True
raw,Expected return > 1,0.05,4,1000,all,flat,813,813.0,19.54000000000001,0.024034440344403458,51.739999999999995,-15.869999999999983,True
raw,Expected return > 1,0.05,4,1000,home,flat,264,264.0,10.079999999999998,0.03818181818181818,36.25,-8.045000000000002,True
raw,Expected return > 1,0.05,4,1000,draw,flat,45,45.0,-25.0,-0.5555555555555556,25.0,-62.5,False
raw,Expected return > 1,0.05,4,1000,away,flat,504,504.0,34.46000000000001,0.06837301587301589,49.739999999999995,9.300000000000011,True
raw,Expected return > 1,0.1,1.01,1000,all,flat,748,748.0,5.1299999999999955,0.0068582887700534695,73.12,-67.60000000000001,True
raw,Expected return > 1,0.1,1.01,1000,home,flat,205,205.0,17.1,0.08341463414634147,28.95,2.6250000000000018,True
raw,Expected return > 1,0.1,1.01,1000,draw,flat,23,23.0,-15.0,-0.6521739130434783,15.0,-37.5,False
raw,Expected return > 1,0.1,1.01,1000,away,flat,520,520.0,3.029999999999994,0.0058269230769230655,62.32,-61.60000000000001,True
raw,Expected return > 1,0.1,1.01,2,all,flat,0,0.0,0.0,0.0,0.0,0.0,False
raw,Expected return > 1,0.1,1.01,2,home,flat,0,0.0,0.0,0.0,0.0,0.0,False
raw,Expected return > 1,0.1,1.01,2,draw,flat,0,0.0,0.0,0.0,0.0,0.0,False
raw,Expected return > 1,0.1,1.01,2,away,flat,0,0.0,0.0,0.0,0.0,0.0,False
raw,Expected return > 1,0.1,2,4,all,flat,196,196.0,-29.650000000000002,-0.15127551020408164,41.89999999999999,-80.25,True
raw,Expected return > 1,0.1,2,4,home,flat,20,20.0,-4.9,-0.24500000000000002,8.2,-13.9,False
raw,Expected return > 1,0.1,2,4,draw,flat,0,0.0,0.0,0.0,0.0,0.0,False
raw,Expected return > 1,0.1,2,4,away,flat,176,176.0,-24.75,-0.140625,34.699999999999996,-66.85,True
raw,Expected return > 1,0.1,4,1000,all,flat,583,583.0,27.780000000000005,0.04765008576329332,60.82000000000001,-26.5,True
raw,Expected return > 1,0.1,4,1000,home,flat,191,191.0,24.0,0.1256544502617801,29.75,9.125,True
raw,Expected return > 1,0.1,4,1000,draw,flat,23,23.0,-15.0,-0.6521739130434783,15.0,-37.5,False
raw,Expected return > 1,0.1,4,1000,away,flat,369,369.0,18.780000000000005,0.050894308943089446,53.07000000000001,-31.125,True
raw,Expected return > 1,0.2,1.01,1000,all,flat,247,247.0,-5.15,-0.0208502024291498,40.5,-39.8,True
raw,Expected return > 1,0.2,1.01,1000,home,flat,91,91.0,1.75,0.019230769230769232,26.0,-14.75,False
raw,Expected return > 1,0.2,1.01,1000,draw,flat,10,10.0,-2.0,-0.2,5.0,-6.5,False
raw,Expected return > 1,0.2,1.01,1000,away,flat,146,146.0,-4.9,-0.03356164383561644,29.0,-28.299999999999997,True
raw,Expected return > 1,0.2,1.01,2,all,flat,0,0.0,0.0,0.0,0.0,0.0,False
raw,Expected return > 1,0.2,1.01,2,home,flat,0,0.0,0.0,0.0,0.0,0.0,False
raw,Expected return > 1,0.2,1.01,2,draw,flat,0,0.0,0.0,0.0,0.0,0.0,False
raw,Expected return > 1,0.2,1.01,2,away,flat,0,0.0,0.0,0.0,0.0,0.0,False
raw,Expected return > 1,0.2,2,4,all,flat,3,3.0,0.6000000000000001,0.20000000000000004,2.0,-2.4,False
raw,Expected return > 1,0.2,2,4,home,flat,1,1.0,-1.0,-1.0,1.0,-2.5,False
raw,Expected return > 1,0.2,2,4,draw,flat,0,0.0,0.0,0.0,0.0,0.0,False
raw,Expected return > 1,0.2,2,4,away,flat,2,2.0,1.6,0.8,1.0,0.10000000000000009,False
raw,Expected return > 1,0.2,4,1000,all,flat,246,246.0,-7.75,-0.031504065040650404,40.5,-45.0,True
raw,Expected return > 1,0.2,4,1000,home,flat,91,91.0,1.75,0.019230769230769232,26.0,-14.75,False
raw,Expected return > 1,0.2,4,1000,draw,flat,10,10.0,-2.0,-0.2,5.0,-6.5,False
raw,Expected return > 1,0.2,4,1000,away,flat,145,145.0,-7.5,-0.05172413793103448,29.0,-33.5,True
raw,Log odds weighting,0,1.01,1000,all,flat,1809,1809.0,-155.45,-0.0859314538419016,197.23000000000002,-409.515,True
raw,Log odds weighting,0,1.01,1000,home,flat,604,604.0,-24.22,-0.04009933774834437,59.84000000000002,-78.36000000000001,True
raw,Log odds weighting,0,1.01,1000,draw,flat,232,232.0,-70.3,-0.30301724137931035,77.3,-179.25,True
raw,Log odds weighting,0,1.01,1000,away,flat,973,973.0,-60.93000000000001,-0.06262076053442961,113.86000000000001,-178.79000000000002,True
raw,Log odds weighting,0,1.01,2,all,flat,138,138.0,-23.300000000000004,-0.16884057971014496,30.53,-61.86500000000001,True
raw,Log odds weighting,0,1.01,2,home,flat,103,103.0,-17.060000000000002,-0.16563106796116506,22.44,-45.34,True
raw,Log odds weighting,0,1.01,2,draw,flat,0,0.0,0.0,0.0,0.0,0.0,False
raw,Log odds weighting,0,1.01,2,away,flat,35,35.0,-6.24,-0.1782857142857143,10.0,-17.48,False
raw,Log odds weighting,0,2,4,all,flat,955,955.0,-109.75999999999999,-0.11493193717277486,125.33999999999997,-282.18999999999994,True
raw,Log odds weighting,0,2,4,home,flat,284,284.0,-41.67999999999999,-0.14676056338028168,47.87999999999999,-107.29999999999998,True
raw,Log odds weighting,0,2,4,draw,flat,0,0.0,0.0,0.0,0.0,0.0,False
raw,Log odds weighting,0,2,4,away,flat,671,671.0,-68.08000000000001,-0.10146050670640837,87.95000000000005,-180.13500000000005,True
raw,Log odds weighting,0,4,1000,all,flat,783,783.0,-23.390000000000004,-0.029872286079182638,79.16,-105.30000000000001,True
raw,Log odds weighting,0,4,1000,home,flat,237,237.0,46.519999999999996,0.19628691983122362,25.25,33.894999999999996,True
raw,Log odds weighting,0,4,1000,draw,flat,232,232.0,-70.3,-0.30301724137931035,77.3,-179.25,True
raw,Log odds weighting,0,4,1000,away,flat,314,314.0,0.39000000000000057,0.0012420382165605113,49.61999999999999,-55.239999999999995,True
raw,Log odds weighting,0.02,1.01,1000,all,flat,1424,1424.0,-96.67999999999999,-0.0678932584269663,159.11,-272.91499999999996,True
raw,Log odds weighting,0.02,1.01,1000,home,flat,427,427.0,13.039999999999996,0.03053864168618266,43.16999999999999,-8.544999999999998,True
raw,Log odds weighting,0.02,1.01,1000,draw,flat,198,198.0,-65.5,-0.33080808080808083,75.5,-168.75,True
raw,Log odds weighting,0.02,1.01,1000,away,flat,799,799.0,-44.21999999999999,-0.05534418022528159,110.22999999999999,-152.59499999999997,True
raw,Log odds weighting,0.02,1.01,2,all,flat,48,48.0,-3.1100000000000003,-0.06479166666666668,8.91,-11.655000000000001,False
raw,Log odds weighting,0.02,1.01,2,home,flat,34,34.0,3.309999999999999,0.09735294117647056,4.499999999999999,-1.7100000000000004,False
raw,Log odds weighting,0.02,1.01,2,draw,flat,0,0.0,0.0,0.0,0.0,0.0,False
raw,Log odds weighting,0.02,1.01,2,away,flat,14,14.0,-6.42,-0.4585714285714286,7.32,-16.5,False
raw,Log odds weighting,0.02,2,4,all,flat,724,724.0,-90.85,-0.12548342541436464,103.94999999999997,-233.67499999999998,True
raw,Log odds weighting,0.02,2,4,home,flat,190,190.0,-34.59,-0.18205263157894738,40.49,-89.42500000000001,True
raw,Log odds weighting,0.02,2,4,draw,flat,0,0.0,0.0,0.0,0.0,0.0,False
raw,Log odds weighting,0.02,2,4,away,flat,534,534.0,-56.26,-0.10535580524344569,81.43,-153.23499999999999,True
raw,Log odds weighting,0.02,4,1000,all,flat,708,708.0,-0.7200000000000024,-0.0010169491525423764,72.33,-54.64500000000001,True
raw,Log odds weighting,0.02,4,1000,home,flat,221,221.0,58.31999999999999,0.2638914027149321,22.25,47.19499999999999,True
raw,Log odds weighting,0.02,4,1000,draw,flat,198,198.0,-65.5,-0.33080808080808083,75.5,-168.75,True
raw,Log odds weighting,0.02,4,1000,away,flat,289,289.0,6.460000000000001,0.022352941176470593,44.54999999999999,-42.565,True
raw,Log odds weighting,0.05,1.01,1000,all,flat,969,969.0,-53.870000000000005,-0.055593395252837984,110.21000000000001,-162.845,True
raw,Log odds weighting,0.05,1.01,1000,home,flat,260,260.0,1.5099999999999998,0.005807692307692307,25.22,-16.720000000000002,True
raw,Log odds weighting,0.05,1.01,1000,draw,flat,133,133.0,-42.75,-0.32142857142857145,55.25,-113.125,True
raw,Log odds weighting,0.05,1.01,1000,away,flat,576,576.0,-12.630000000000003,-0.021927083333333337,60.379999999999995,-73.4,True
raw,Log odds weighting,0.05,1.01,2,all,flat,7,7.0,-1.77,-0.25285714285714284,3.4699999999999998,-5.505,False
raw,Log odds weighting,0.05,1.01,2,home,flat,5,5.0,0.22999999999999998,0.046,2.0,-2.77,False
raw,Log odds weighting,0.05,1.01,2,draw,flat,0,0.0,0.0,0.0,0.0,0.0,False
raw,Log odds weighting,0.05,1.01,2,away,flat,2,2.0,-2.0,-1.0,2.0,-5.0,False
raw,Log odds weighting,0.05,2,4,all,flat,441,441.0,-40.89,-0.09272108843537415,56.330000000000005,-109.94500000000002,True
raw,Log odds weighting,0.05,2,4,home,flat,80,80.0,-19.8,-0.2475,23.949999999999996,-52.724999999999994,False
raw,Log odds weighting,0.05,2,4,draw,flat,0,0.0,0.0,0.0,0.0,0.0,False
raw,Log odds weighting,0.05,2,4,away,flat,361,361.0,-21.090000000000003,-0.05842105263157896,54.2,-74.95,True
raw,Log odds weighting,0.05,4,1000,all,flat,565,565.0,-11.209999999999997,-0.019840707964601766,64.34,-69.05,True
raw,Log odds weighting,0.05,4,1000,home,flat,186,186.0,30.08,0.16172043010752687,25.0,17.58,True
raw,Log odds weighting,0.05,4,1000,draw,flat,133,133.0,-42.75,-0.32142857142857145,55.25,-113.125,True
raw,Log odds weighting,0.05,4,1000,away,flat,246,246.0,1.4600000000000009,0.005934959349593499,44.79999999999999,-52.19,True
raw,Log odds weighting,0.1,1.01,1000,all,flat,539,539.0,-47.86999999999999,-0.08881261595547309,76.22,-133.85,True
raw,Log odds weighting,0.1,1.01,1000,home,flat,151,151.0,23.1,0.15298013245033112,27.95,8.425000000000002,True
raw,Log odds weighting,0.1,1.01,1000,draw,flat,73,73.0,-35.5,-0.4863013698630137,41.0,-91.5,False
raw,Log odds weighting,0.1,1.01,1000,away,flat,315,315.0,-35.47,-0.1126031746031746,62.25,-102.095,True
raw,Log odds weighting,0.1,1.01,2,all,flat,0,0.0,0.0,0.0,0.0,0.0,False
raw,Log odds weighting,0.1,1.01,2,home,flat,0,0.0,0.0,0.0,0.0,0.0,False
raw,Log odds weighting,0.1,1.01,2,draw,flat,0,0.0,0.0,0.0,0.0,0.0,False
raw,Log odds weighting,0.1,1.01,2,away,flat,0,0.0,0.0,0.0,0.0,0.0,False
raw,Log odds weighting,0.1,2,4,all,flat,197,197.0,-30.650000000000002,-0.15558375634517768,42.89999999999999,-82.75,True
raw,Log odds weighting,0.1,2,4,home,flat,21,21.0,-5.9,-0.28095238095238095,9.2,-16.4,False
raw,Log odds weighting,0.1,2,4,draw,flat,0,0.0,0.0,0.0,0.0,0.0,False
raw,Log odds weighting,0.1,2,4,away,flat,176,176.0,-24.75,-0.140625,34.699999999999996,-66.85,True
raw,Log odds weighting,0.1,4,1000,all,flat,373,373.0,-24.220000000000002,-0.06493297587131368,57.42,-77.15,True
raw,Log odds weighting,0.1,4,1000,home,flat,136,136.0,31.0,0.22794117647058823,22.75,19.625,True
raw,Log odds weighting,0.1,4,1000,draw,flat,73,73.0,-35.5,-0.4863013698630137,41.0,-91.5,False
raw,Log odds weighting,0.1,4,1000,away,flat,164,164.0,-19.720000000000002,-0.1202439024390244,47.650000000000006,-73.39500000000001,True
raw,Log odds weighting,0.2,1.01,1000,all,flat,135,135.0,11.85,0.08777777777777777,27.0,-4.4,True
raw,Log odds weighting,0.2,1.01,1000,home,flat,59,59.0,14.75,0.25,13.0,8.25,False
raw,Log odds weighting,0.2,1.01,1000,draw,flat,23,23.0,1.0,0.043478260869565216,9.0,-6.5,False
raw,Log odds weighting,0.2,1.01,1000,away,flat,53,53.0,-3.8999999999999986,-0.07358490566037733,27.0,-37.4,False
raw,Log odds weighting,0.2,1.01,2,all,flat,0,0.0,0.0,0.0,0.0,0.0,False
raw,Log odds weighting,0.2,1.01,2,home,flat,0,0.0,0.0,0.0,0.0,0.0,False
raw,Log odds weighting,0.2,1.01,2,draw,flat,0,0.0,0.0,0.0,0.0,0.0,False
raw,Log odds weighting,0.2,1.01,2,away,flat,0,0.0,0.0,0.0,0.0,0.0,False
raw,Log odds weighting,0.2,2,4,all,flat,3,3.0,0.6000000000000001,0.20000000000000004,2.0,-2.4,False
raw,Log odds weighting,0.2,2,4,home,flat,1,1.0,-1.0,-1.0,1.0,-2.5,False
raw,Log odds weighting,0.2,2,4,draw,flat,0,0.0,0.0,0.0,0.0,0.0,False
raw,Log odds weighting,0.2,2,4,away,flat,2,2.0,1.6,0.8,1.0,0.10000000000000009,False
raw,Log odds weighting,0.2,4,1000,all,flat,134,134.0,9.25,0.06902985074626866,27.0,-7.0,True
raw,Log odds weighting,0.2,4,1000,home,flat,59,59.0,14.75,0.25,13.0,8.25,False
raw,Log odds weighting,0.2,4,1000,draw,flat,23,23.0,1.0,0.043478260869565216,9.0,-6.5,False
raw,Log odds weighting,0.2,4,1000,away,flat,52,52.0,-6.5,-0.125,27.0,-40.0,False
raw,Square-root odds weighting,0,1.01,1000,all,flat,586,586.0,-62.730000000000004,-0.10704778156996587,72.04000000000003,-161.48000000000002,True
raw,Square-root odds weighting,0,1.01,1000,home,flat,298,298.0,-17.639999999999997,-0.05919463087248321,23.66,-47.11,True
raw,Square-root odds weighting,0,1.01,1000,draw,flat,0,0.0,0.0,0.0,0.0,0.0,False
raw,Square-root odds weighting,0,1.01,1000,away,flat,288,288.0,-45.089999999999996,-0.1565625,53.08999999999999,-116.725,True
raw,Square-root odds weighting,0,1.01,2,all,flat,191,191.0,-8.89,-0.04654450261780105,20.689999999999998,-29.235,True
raw,Square-root odds weighting,0,1.01,2,home,flat,151,151.0,-2.8800000000000017,-0.019072847682119216,17.07,-19.675000000000004,True
raw,Square-root odds weighting,0,1.01,2,draw,flat,0,0.0,0.0,0.0,0.0,0.0,False
raw,Square-root odds weighting,0,1.01,2,away,flat,40,40.0,-6.01,-0.15025,11.0,-17.52,False
raw,Square-root odds weighting,0,2,4,all,flat,404,404.0,-52.839999999999996,-0.13079207920792077,60.17000000000001,-135.765,True
raw,Square-root odds weighting,0,2,4,home,flat,147,147.0,-14.759999999999994,-0.10040816326530609,23.77999999999999,-48.02999999999999,True
raw,Square-root odds weighting,0,2,4,draw,flat,0,0.0,0.0,0.0,0.0,0.0,False
raw,Square-root odds weighting,0,2,4,away,flat,257,257.0,-38.08,-0.14817120622568092,42.529999999999994,-97.425,True
raw,Square-root odds weighting,0,4,1000,all,flat,2,2.0,-2.0,-1.0,2.0,-5.0,False
raw,Square-root odds weighting,0,4,1000,home,flat,2,2.0,-2.0,-1.0,2.0,-5.0,False
raw,Square-root odds weighting,0,4,1000,draw,flat,0,0.0,0.0,0.0,0.0,0.0,False
raw,Square-root odds weighting,0,4,1000,away,flat,0,0.0,0.0,0.0,0.0,0.0,False
raw,Square-root odds weighting,0.02,1.01,1000,all,flat,311,311.0,-56.4,-0.18135048231511253,65.21000000000001,-145.405,True
raw,Square-root odds weighting,0.02,1.01,1000,home,flat,121,121.0,-4.669999999999998,-0.03859504132231403,17.82,-25.4,True
raw,Square-root odds weighting,0.02,1.01,1000,draw,flat,0,0.0,0.0,0.0,0.0,0.0,False
raw,Square-root odds weighting,0.02,1.01,1000,away,flat,190,190.0,-51.73,-0.2722631578947368,57.82000000000001,-132.37,True
raw,Square-root odds weighting,0.02,1.01,2,all,flat,54,54.0,-1.7700000000000005,-0.03277777777777779,8.07,-8.505,False
raw,Square-root odds weighting,0.02,1.01,2,home,flat,40,40.0,4.6499999999999995,0.11624999999999999,4.049999999999999,1.2449999999999999,False
raw,Square-root odds weighting,0.02,1.01,2,draw,flat,0,0.0,0.0,0.0,0.0,0.0,False
raw,Square-root odds weighting,0.02,1.01,2,away,flat,14,14.0,-6.42,-0.4585714285714286,7.32,-16.5,False
raw,Square-root odds weighting,0.02,2,4,all,flat,258,258.0,-53.629999999999995,-0.20786821705426356,58.610000000000014,-136.565,True
raw,Square-root odds weighting,0.02,2,4,home,flat,80,80.0,-8.32,-0.10400000000000001,20.25,-35.295,False
raw,Square-root odds weighting,0.02,2,4,draw,flat,0,0.0,0.0,0.0,0.0,0.0,False
raw,Square-root odds weighting,0.02,2,4,away,flat,178,178.0,-45.309999999999995,-0.25455056179775276,50.499999999999986,-115.86999999999998,True
raw,Square-root odds weighting,0.02,4,1000,all,flat,2,2.0,-2.0,-1.0,2.0,-5.0,False
raw,Square-root odds weighting,0.02,4,1000,home,flat,2,2.0,-2.0,-1.0,2.0,-5.0,False
raw,Square-root odds weighting,0.02,4,1000,draw,flat,0,0.0,0.0,0.0,0.0,0.0,False
raw,Square-root odds weighting,0.02,4,1000,away,flat,0,0.0,0.0,0.0,0.0,0.0,False
raw,Square-root odds weighting,0.05,1.01,1000,all,flat,122,122.0,-44.51,-0.36483606557377046,47.35000000000001,-112.695,True
raw,Square-root odds weighting,0.05,1.01,1000,home,flat,29,29.0,-11.32,-0.3903448275862069,12.32,-28.8,False
raw,Square-root odds weighting,0.05,1.01,1000,draw,flat,0,0.0,0.0,0.0,0.0,0.0,False
raw,Square-root odds weighting,0.05,1.01,1000,away,flat,93,93.0,-33.19,-0.3568817204301075,38.83,-85.79499999999999,False
raw,Square-root odds weighting,0.05,1.01,2,all,flat,7,7.0,-1.77,-0.25285714285714284,3.4699999999999998,-5.505,False
raw,Square-root odds weighting,0.05,1.01,2,home,flat,5,5.0,0.22999999999999998,0.046,2.0,-2.77,False
raw,Square-root odds weighting,0.05,1.01,2,draw,flat,0,0.0,0.0,0.0,0.0,0.0,False
raw,Square-root odds weighting,0.05,1.01,2,away,flat,2,2.0,-2.0,-1.0,2.0,-5.0,False
raw,Square-root odds weighting,0.05,2,4,all,flat,114,114.0,-41.739999999999995,-0.36614035087719293,44.779999999999994,-105.86999999999999,True
raw,Square-root odds weighting,0.05,2,4,home,flat,23,23.0,-10.55,-0.45869565217391306,10.75,-26.475,False
raw,Square-root odds weighting,0.05,2,4,draw,flat,0,0.0,0.0,0.0,0.0,0.0,False
raw,Square-root odds weighting,0.05,2,4,away,flat,91,91.0,-31.189999999999998,-0.3427472527472527,36.83,-80.79499999999999,False
raw,Square-root odds weighting,0.05,4,1000,all,flat,2,2.0,-2.0,-1.0,2.0,-5.0,False
raw,Square-root odds weighting,0.05,4,1000,home,flat,2,2.0,-2.0,-1.0,2.0,-5.0,False
raw,Square-root odds weighting,0.05,4,1000,draw,flat,0,0.0,0.0,0.0,0.0,0.0,False
raw,Square-root odds weighting,0.05,4,1000,away,flat,0,0.0,0.0,0.0,0.0,0.0,False
raw,Square-root odds weighting,0.1,1.01,1000,all,flat,51,51.0,-22.799999999999997,-0.44705882352941173,24.900000000000002,-58.05,False
raw,Square-root odds weighting,0.1,1.01,1000,home,flat,9,9.0,-5.7,-0.6333333333333333,6.0,-14.399999999999999,False
raw,Square-root odds weighting,0.1,1.01,1000,draw,flat,0,0.0,0.0,0.0,0.0,0.0,False
raw,Square-root odds weighting,0.1,1.01,1000,away,flat,42,42.0,-17.1,-0.4071428571428572,20.200000000000003,-44.300000000000004,False
raw,Square-root odds weighting,0.1,1.01,2,all,flat,0,0.0,0.0,0.0,0.0,0.0,False
raw,Square-root odds weighting,0.1,1.01,2,home,flat,0,0.0,0.0,0.0,0.0,0.0,False
raw,Square-root odds weighting,0.1,1.01,2,draw,flat,0,0.0,0.0,0.0,0.0,0.0,False
raw,Square-root odds weighting,0.1,1.01,2,away,flat,0,0.0,0.0,0.0,0.0,0.0,False
raw,Square-root odds weighting,0.1,2,4,all,flat,50,50.0,-21.799999999999997,-0.43599999999999994,23.900000000000002,-55.55,False
raw,Square-root odds weighting,0.1,2,4,home,flat,8,8.0,-4.7,-0.5875,5.0,-11.9,False
raw,Square-root odds weighting,0.1,2,4,draw,flat,0,0.0,0.0,0.0,0.0,0.0,False
raw,Square-root odds weighting,0.1,2,4,away,flat,42,42.0,-17.1,-0.4071428571428572,20.200000000000003,-44.300000000000004,False
raw,Square-root odds weighting,0.1,4,1000,all,flat,2,2.0,-2.0,-1.0,2.0,-5.0,False
raw,Square-root odds weighting,0.1,4,1000,home,flat,2,2.0,-2.0,-1.0,2.0,-5.0,False
raw,Square-root odds weighting,0.1,4,1000,draw,flat,0,0.0,0.0,0.0,0.0,0.0,False
raw,Square-root odds weighting,0.1,4,1000,away,flat,0,0.0,0.0,0.0,0.0,0.0,False
raw,Square-root odds weighting,0.2,1.01,1000,all,flat,3,3.0,0.6000000000000001,0.20000000000000004,2.0,-1.4,False
raw,Square-root odds weighting,0.2,1.01,1000,home,flat,2,2.0,-2.0,-1.0,2.0,-5.0,False
raw,Square-root odds weighting,0.2,1.01,1000,draw,flat,0,0.0,0.0,0.0,0.0,0.0,False
raw,Square-root odds weighting,0.2,1.01,1000,away,flat,1,1.0,2.6,2.6,0.0,2.6,False
raw,Square-root odds weighting,0.2,1.01,2,all,flat,0,0.0,0.0,0.0,0.0,0.0,False
raw,Square-root odds weighting,0.2,1.01,2,home,flat,0,0.0,0.0,0.0,0.0,0.0,False
raw,Square-root odds weighting,0.2,1.01,2,draw,flat,0,0.0,0.0,0.0,0.0,0.0,False
raw,Square-root odds weighting,0.2,1.01,2,away,flat,0,0.0,0.0,0.0,0.0,0.0,False
raw,Square-root odds weighting,0.2,2,4,all,flat,2,2.0,1.6,0.8,1.0,0.10000000000000009,False
raw,Square-root odds weighting,0.2,2,4,home,flat,1,1.0,-1.0,-1.0,1.0,-2.5,False
raw,Square-root odds weighting,0.2,2,4,draw,flat,0,0.0,0.0,0.0,0.0,0.0,False
raw,Square-root odds weighting,0.2,2,4,away,flat,1,1.0,2.6,2.6,0.0,2.6,False
raw,Square-root odds weighting,0.2,4,1000,all,flat,2,2.0,-2.0,-1.0,2.0,-5.0,False
raw,Square-root odds weighting,0.2,4,1000,home,flat,2,2.0,-2.0,-1.0,2.0,-5.0,False
raw,Square-root odds weighting,0.2,4,1000,draw,flat,0,0.0,0.0,0.0,0.0,0.0,False
raw,Square-root odds weighting,0.2,4,1000,away,flat,0,0.0,0.0,0.0,0.0,0.0,False
raw,Square-root profit weighting,0,1.01,1000,all,flat,1351,1351.0,-137.57999999999998,-0.10183567727609177,152.12999999999997,-351.22499999999997,True
raw,Square-root profit weighting,0,1.01,1000,home,flat,475,475.0,-26.189999999999998,-0.05513684210526315,36.71,-70.735,True
raw,Square-root profit weighting,0,1.01,1000,draw,flat,187,187.0,-58.25,-0.3114973262032086,69.25,-151.125,True
raw,Square-root profit weighting,0,1.01,1000,away,flat,689,689.0,-53.14,-0.07712626995645863,60.53,-136.54500000000002,True
raw,Square-root profit weighting,0,1.01,2,all,flat,191,191.0,-8.89,-0.04654450261780105,20.689999999999998,-29.235,True
raw,Square-root profit weighting,0,1.01,2,home,flat,151,151.0,-2.8800000000000017,-0.019072847682119216,17.07,-19.675000000000004,True
raw,Square-root profit weighting,0,1.01,2,draw,flat,0,0.0,0.0,0.0,0.0,0.0,False
raw,Square-root profit weighting,0,1.01,2,away,flat,40,40.0,-6.01,-0.15025,11.0,-17.52,False
raw,Square-root profit weighting,0,2,4,all,flat,847,847.0,-94.47,-0.11153482880755608,104.94999999999996,-241.415,True
raw,Square-root profit weighting,0,2,4,home,flat,238,238.0,-33.31,-0.13995798319327732,38.50999999999999,-85.875,True
raw,Square-root profit weighting,0,2,4,draw,flat,0,0.0,0.0,0.0,0.0,0.0,False
raw,Square-root profit weighting,0,2,4,away,flat,609,609.0,-61.16,-0.10042692939244663,74.95000000000002,-159.79500000000002,True
raw,Square-root profit weighting,0,4,1000,all,flat,365,365.0,-32.22,-0.08827397260273973,48.42,-94.05,True
raw,Square-root profit weighting,0,4,1000,home,flat,97,97.0,19.0,0.1958762886597938,13.0,12.5,False
raw,Square-root profit weighting,0,4,1000,draw,flat,187,187.0,-58.25,-0.3114973262032086,69.25,-151.125,True
raw,Square-root profit weighting,0,4,1000,away,flat,81,81.0,7.029999999999999,0.08679012345679012,16.8,-2.740000000000002,False
raw,Square-root profit weighting,0.02,1.01,1000,all,flat,1017,1017.0,-120.02000000000001,-0.11801376597836775,135.29999999999998,-307.69,True
raw,Square-root profit weighting,0.02,1.01,1000,home,flat,285,285.0,-15.42,-0.05410526315789474,27.619999999999997,-45.349999999999994,True
raw,Square-root profit weighting,0.02,1.01,1000,draw,flat,173,173.0,-57.75,-0.3338150289017341,68.75,-149.875,True
raw,Square-root profit weighting,0.02,1.01,1000,away,flat,559,559.0,-46.849999999999994,-0.08381037567084078,58.57999999999999,-122.98999999999998,True
raw,Square-root profit weighting,0.02,1.01,2,all,flat,54,54.0,-1.7700000000000005,-0.03277777777777779,8.07,-8.505,False
raw,Square-root profit weighting,0.02,1.01,2,home,flat,40,40.0,4.6499999999999995,0.11624999999999999,4.049999999999999,1.2449999999999999,False
raw,Square-root profit weighting,0.02,1.01,2,draw,flat,0,0.0,0.0,0.0,0.0,0.0,False
raw,Square-root profit weighting,0.02,1.01,2,away,flat,14,14.0,-6.42,-0.4585714285714286,7.32,-16.5,False
raw,Square-root profit weighting,0.02,2,4,all,flat,656,656.0,-84.53,-0.12885670731707316,94.80999999999997,-216.465,True
raw,Square-root profit weighting,0.02,2,4,home,flat,158,158.0,-29.069999999999997,-0.18398734177215187,35.47,-75.875,True
raw,Square-root profit weighting,0.02,2,4,draw,flat,0,0.0,0.0,0.0,0.0,0.0,False
raw,Square-root profit weighting,0.02,2,4,away,flat,498,498.0,-55.459999999999994,-0.11136546184738955,74.33000000000003,-148.08499999999998,True
raw,Square-root profit weighting,0.02,4,1000,all,flat,351,351.0,-31.72,-0.09037037037037036,48.919999999999995,-96.8,True
raw,Square-root profit weighting,0.02,4,1000,home,flat,97,97.0,19.0,0.1958762886597938,13.0,12.5,False
raw,Square-root profit weighting,0.02,4,1000,draw,flat,173,173.0,-57.75,-0.3338150289017341,68.75,-149.875,True
raw,Square-root profit weighting,0.02,4,1000,away,flat,81,81.0,7.029999999999999,0.08679012345679012,16.8,-2.740000000000002,False
raw,Square-root profit weighting,0.05,1.01,1000,all,flat,693,693.0,-59.280000000000015,-0.08554112554112556,77.67000000000002,-157.39500000000004,True
raw,Square-root profit weighting,0.05,1.01,1000,home,flat,166,166.0,-8.57,-0.05162650602409639,17.2,-25.740000000000002,True
raw,Square-root profit weighting,0.05,1.01,1000,draw,flat,128,128.0,-37.75,-0.294921875,50.25,-100.625,True
raw,Square-root profit weighting,0.05,1.01,1000,away,flat,399,399.0,-12.96,-0.0324812030075188,33.07,-51.225,True
raw,Square-root profit weighting,0.05,1.01,2,all,flat,7,7.0,-1.77,-0.25285714285714284,3.4699999999999998,-5.505,False
raw,Square-root profit weighting,0.05,1.01,2,home,flat,5,5.0,0.22999999999999998,0.046,2.0,-2.77,False
raw,Square-root profit weighting,0.05,1.01,2,draw,flat,0,0.0,0.0,0.0,0.0,0.0,False
raw,Square-root profit weighting,0.05,1.01,2,away,flat,2,2.0,-2.0,-1.0,2.0,-5.0,False
raw,Square-root profit weighting,0.05,2,4,all,flat,423,423.0,-44.79,-0.10588652482269503,56.13000000000001,-117.64500000000001,True
raw,Square-root profit weighting,0.05,2,4,home,flat,75,75.0,-18.8,-0.25066666666666665,22.799999999999997,-49.15,False
raw,Square-root profit weighting,0.05,2,4,draw,flat,0,0.0,0.0,0.0,0.0,0.0,False
raw,Square-root profit weighting,0.05,2,4,away,flat,348,348.0,-25.990000000000002,-0.07468390804597702,51.7,-83.2,True
raw,Square-root profit weighting,0.05,4,1000,all,flat,304,304.0,-13.720000000000002,-0.04513157894736843,37.82,-60.75,True
raw,Square-root profit weighting,0.05,4,1000,home,flat,95,95.0,17.0,0.17894736842105263,13.0,10.5,False
raw,Square-root profit weighting,0.05,4,1000,draw,flat,128,128.0,-37.75,-0.294921875,50.25,-100.625,True
raw,Square-root profit weighting,0.05,4,1000,away,flat,81,81.0,7.029999999999999,0.08679012345679012,16.8,-2.740000000000002,False
raw,Square-root profit weighting,0.1,1.01,1000,all,flat,399,399.0,-35.120000000000005,-0.08802005012531329,46.120000000000005,-95.10000000000001,True
raw,Square-root profit weighting,0.1,1.01,1000,home,flat,104,104.0,7.1000000000000005,0.06826923076923078,16.7,-9.2,True
raw,Square-root profit weighting,0.1,1.01,1000,draw,flat,70,70.0,-32.5,-0.4642857142857143,38.0,-84.0,False
raw,Square-root profit weighting,0.1,1.01,1000,away,flat,225,225.0,-9.719999999999997,-0.04319999999999999,20.1,-30.239999999999995,True
raw,Square-root profit weighting,0.1,1.01,2,all,flat,0,0.0,0.0,0.0,0.0,0.0,False
raw,Square-root profit weighting,0.1,1.01,2,home,flat,0,0.0,0.0,0.0,0.0,0.0,False
raw,Square-root profit weighting,0.1,1.01,2,draw,flat,0,0.0,0.0,0.0,0.0,0.0,False
raw,Square-root profit weighting,0.1,1.01,2,away,flat,0,0.0,0.0,0.0,0.0,0.0,False
raw,Square-root profit weighting,0.1,2,4,all,flat,197,197.0,-30.650000000000002,-0.15558375634517768,42.89999999999999,-82.75,True
raw,Square-root profit weighting,0.1,2,4,home,flat,21,21.0,-5.9,-0.28095238095238095,9.2,-16.4,False
raw,Square-root profit weighting,0.1,2,4,draw,flat,0,0.0,0.0,0.0,0.0,0.0,False
raw,Square-root profit weighting,0.1,2,4,away,flat,176,176.0,-24.75,-0.140625,34.699999999999996,-66.85,True
raw,Square-root profit weighting,0.1,4,1000,all,flat,233,233.0,-11.47,-0.049227467811158804,37.75,-53.965,True
raw,Square-root profit weighting,0.1,4,1000,home,flat,89,89.0,15.0,0.16853932584269662,14.75,2.875,False
raw,Square-root profit weighting,0.1,4,1000,draw,flat,70,70.0,-32.5,-0.4642857142857143,38.0,-84.0,False
raw,Square-root profit weighting,0.1,4,1000,away,flat,74,74.0,6.029999999999999,0.08148648648648647,14.8,-1.740000000000002,False
raw,Square-root profit weighting,0.2,1.01,1000,all,flat,109,109.0,19.35,0.17752293577981654,21.0,8.850000000000001,True
raw,Square-root profit weighting,0.2,1.01,1000,home,flat,60,60.0,6.25,0.10416666666666667,13.0,-0.75,False
raw,Square-root profit weighting,0.2,1.01,1000,draw,flat,21,21.0,3.0,0.14285714285714285,8.0,-2.0,False
raw,Square-root profit weighting,0.2,1.01,1000,away,flat,28,28.0,10.1,0.3607142857142857,8.0,6.1,False
raw,Square-root profit weighting,0.2,1.01,2,all,flat,0,0.0,0.0,0.0,0.0,0.0,False
raw,Square-root profit weighting,0.2,1.01,2,home,flat,0,0.0,0.0,0.0,0.0,0.0,False
raw,Square-root profit weighting,0.2,1.01,2,draw,flat,0,0.0,0.0,0.0,0.0,0.0,False
raw,Square-root profit weighting,0.2,1.01,2,away,flat,0,0.0,0.0,0.0,0.0,0.0,False
raw,Square-root profit weighting,0.2,2,4,all,flat,3,3.0,0.6000000000000001,0.20000000000000004,2.0,-2.4,False
raw,Square-root profit weighting,0.2,2,4,home,flat,1,1.0,-1.0,-1.0,1.0,-2.5,False
raw,Square-root profit weighting,0.2,2,4,draw,flat,0,0.0,0.0,0.0,0.0,0.0,False
raw,Square-root profit weighting,0.2,2,4,away,flat,2,2.0,1.6,0.8,1.0,0.10000000000000009,False
raw,Square-root profit weighting,0.2,4,1000,all,flat,108,108.0,16.75,0.1550925925925926,21.0,6.25,True
raw,Square-root profit weighting,0.2,4,1000,home,flat,60,60.0,6.25,0.10416666666666667,13.0,-0.75,False
raw,Square-root profit weighting,0.2,4,1000,draw,flat,21,21.0,3.0,0.14285714285714285,8.0,-2.0,False
raw,Square-root profit weighting,0.2,4,1000,away,flat,27,27.0,7.5,0.2777777777777778,8.0,3.5,False
raw,Legacy draw-to-home weighting,0,1.01,1000,all,flat,535,535.0,-67.31,-0.12581308411214953,76.57,-172.905,True
raw,Legacy draw-to-home weighting,0,1.01,1000,home,flat,482,482.0,-58.589999999999996,-0.12155601659751036,65.61,-149.98499999999999,True
raw,Legacy draw-to-home weighting,0,1.01,1000,draw,flat,0,0.0,0.0,0.0,0.0,0.0,False
raw,Legacy draw-to-home weighting,0,1.01,1000,away,flat,53,53.0,-8.72,-0.16452830188679246,16.42,-25.65,False
raw,Legacy draw-to-home weighting,0,1.01,2,all,flat,191,191.0,-8.89,-0.04654450261780105,20.689999999999998,-29.235,True
raw,Legacy draw-to-home weighting,0,1.01,2,home,flat,151,151.0,-2.8800000000000017,-0.019072847682119216,17.07,-19.675000000000004,True
raw,Legacy draw-to-home weighting,0,1.01,2,draw,flat,0,0.0,0.0,0.0,0.0,0.0,False
raw,Legacy draw-to-home weighting,0,1.01,2,away,flat,40,40.0,-6.01,-0.15025,11.0,-17.52,False
raw,Legacy draw-to-home weighting,0,2,4,all,flat,334,334.0,-47.92,-0.14347305389221557,53.160000000000004,-122.42,True
raw,Legacy draw-to-home weighting,0,2,4,home,flat,312,312.0,-46.21,-0.14810897435897435,50.41,-117.625,True
raw,Legacy draw-to-home weighting,0,2,4,draw,flat,0,0.0,0.0,0.0,0.0,0.0,False
raw,Legacy draw-to-home weighting,0,2,4,away,flat,22,22.0,-1.7100000000000004,-0.07772727272727274,6.0,-6.660000000000001,False
raw,Legacy draw-to-home weighting,0,4,1000,all,flat,36,36.0,-2.5,-0.06944444444444445,11.5,-11.25,False
raw,Legacy draw-to-home weighting,0,4,1000,home,flat,36,36.0,-2.5,-0.06944444444444445,11.5,-11.25,False
raw,Legacy draw-to-home weighting,0,4,1000,draw,flat,0,0.0,0.0,0.0,0.0,0.0,False
raw,Legacy draw-to-home weighting,0,4,1000,away,flat,0,0.0,0.0,0.0,0.0,0.0,False
raw,Legacy draw-to-home weighting,0.02,1.01,1000,all,flat,286,286.0,-57.150000000000006,-0.19982517482517484,66.69,-147.645,True
raw,Legacy draw-to-home weighting,0.02,1.01,1000,home,flat,259,259.0,-48.019999999999996,-0.1854054054054054,56.51999999999999,-124.29999999999998,True
raw,Legacy draw-to-home weighting,0.02,1.01,1000,draw,flat,0,0.0,0.0,0.0,0.0,0.0,False
raw,Legacy draw-to-home weighting,0.02,1.01,1000,away,flat,27,27.0,-9.129999999999999,-0.3381481481481481,12.169999999999998,-24.345,False
raw,Legacy draw-to-home weighting,0.02,1.01,2,all,flat,54,54.0,-1.7700000000000005,-0.03277777777777779,8.07,-8.505,False
raw,Legacy draw-to-home weighting,0.02,1.01,2,home,flat,40,40.0,4.6499999999999995,0.11624999999999999,4.049999999999999,1.2449999999999999,False
raw,Legacy draw-to-home weighting,0.02,1.01,2,draw,flat,0,0.0,0.0,0.0,0.0,0.0,False
raw,Legacy draw-to-home weighting,0.02,1.01,2,away,flat,14,14.0,-6.42,-0.4585714285714286,7.32,-16.5,False
raw,Legacy draw-to-home weighting,0.02,2,4,all,flat,214,214.0,-44.88,-0.20971962616822432,51.82,-115.67000000000002,True
raw,Legacy draw-to-home weighting,0.02,2,4,home,flat,199,199.0,-42.17,-0.21190954773869347,48.07000000000001,-108.37500000000001,True
raw,Legacy draw-to-home weighting,0.02,2,4,draw,flat,0,0.0,0.0,0.0,0.0,0.0,False
raw,Legacy draw-to-home weighting,0.02,2,4,away,flat,15,15.0,-2.7100000000000004,-0.1806666666666667,5.95,-9.635000000000002,False
raw,Legacy draw-to-home weighting,0.02,4,1000,all,flat,36,36.0,-2.5,-0.06944444444444445,11.5,-11.25,False
raw,Legacy draw-to-home weighting,0.02,4,1000,home,flat,36,36.0,-2.5,-0.06944444444444445,11.5,-11.25,False
raw,Legacy draw-to-home weighting,0.02,4,1000,draw,flat,0,0.0,0.0,0.0,0.0,0.0,False
raw,Legacy draw-to-home weighting,0.02,4,1000,away,flat,0,0.0,0.0,0.0,0.0,0.0,False
raw,Legacy draw-to-home weighting,0.05,1.01,1000,all,flat,113,113.0,-30.03,-0.2657522123893805,34.87,-77.495,True
raw,Legacy draw-to-home weighting,0.05,1.01,1000,home,flat,106,106.0,-27.169999999999998,-0.2563207547169811,30.970000000000002,-69.825,True
raw,Legacy draw-to-home weighting,0.05,1.01,1000,draw,flat,0,0.0,0.0,0.0,0.0,0.0,False
raw,Legacy draw-to-home weighting,0.05,1.01,1000,away,flat,7,7.0,-2.86,-0.40857142857142853,5.0,-8.219999999999999,False
raw,Legacy draw-to-home weighting,0.05,1.01,2,all,flat,7,7.0,-1.77,-0.25285714285714284,3.4699999999999998,-5.505,False
raw,Legacy draw-to-home weighting,0.05,1.01,2,home,flat,5,5.0,0.22999999999999998,0.046,2.0,-2.77,False
raw,Legacy draw-to-home weighting,0.05,1.01,2,draw,flat,0,0.0,0.0,0.0,0.0,0.0,False
raw,Legacy draw-to-home weighting,0.05,1.01,2,away,flat,2,2.0,-2.0,-1.0,2.0,-5.0,False
raw,Legacy draw-to-home weighting,0.05,2,4,all,flat,86,86.0,-17.759999999999998,-0.20651162790697672,26.95,-54.185,False
raw,Legacy draw-to-home weighting,0.05,2,4,home,flat,81,81.0,-16.9,-0.20864197530864195,23.95,-49.825,False
raw,Legacy draw-to-home weighting,0.05,2,4,draw,flat,0,0.0,0.0,0.0,0.0,0.0,False
raw,Legacy draw-to-home weighting,0.05,2,4,away,flat,5,5.0,-0.8599999999999999,-0.172,3.0,-4.359999999999999,False
raw,Legacy draw-to-home weighting,0.05,4,1000,all,flat,31,31.0,-1.5,-0.04838709677419355,8.5,-7.25,False
raw,Legacy draw-to-home weighting,0.05,4,1000,home,flat,31,31.0,-1.5,-0.04838709677419355,8.5,-7.25,False
raw,Legacy draw-to-home weighting,0.05,4,1000,draw,flat,0,0.0,0.0,0.0,0.0,0.0,False
raw,Legacy draw-to-home weighting,0.05,4,1000,away,flat,0,0.0,0.0,0.0,0.0,0.0,False
raw,Legacy draw-to-home weighting,0.1,1.01,1000,all,flat,38,38.0,-13.399999999999999,-0.3526315789473684,15.399999999999999,-34.5,False
raw,Legacy draw-to-home weighting,0.1,1.01,1000,home,flat,38,38.0,-13.399999999999999,-0.3526315789473684,15.399999999999999,-34.5,False
raw,Legacy draw-to-home weighting,0.1,1.01,1000,draw,flat,0,0.0,0.0,0.0,0.0,0.0,False
raw,Legacy draw-to-home weighting,0.1,1.01,1000,away,flat,0,0.0,0.0,0.0,0.0,0.0,False
raw,Legacy draw-to-home weighting,0.1,1.01,2,all,flat,0,0.0,0.0,0.0,0.0,0.0,False
raw,Legacy draw-to-home weighting,0.1,1.01,2,home,flat,0,0.0,0.0,0.0,0.0,0.0,False
raw,Legacy draw-to-home weighting,0.1,1.01,2,draw,flat,0,0.0,0.0,0.0,0.0,0.0,False
raw,Legacy draw-to-home weighting,0.1,1.01,2,away,flat,0,0.0,0.0,0.0,0.0,0.0,False
raw,Legacy draw-to-home weighting,0.1,2,4,all,flat,21,21.0,-5.9,-0.28095238095238095,9.2,-16.4,False
raw,Legacy draw-to-home weighting,0.1,2,4,home,flat,21,21.0,-5.9,-0.28095238095238095,9.2,-16.4,False
raw,Legacy draw-to-home weighting,0.1,2,4,draw,flat,0,0.0,0.0,0.0,0.0,0.0,False
raw,Legacy draw-to-home weighting,0.1,2,4,away,flat,0,0.0,0.0,0.0,0.0,0.0,False
raw,Legacy draw-to-home weighting,0.1,4,1000,all,flat,23,23.0,-5.5,-0.2391304347826087,11.0,-19.0,False
raw,Legacy draw-to-home weighting,0.1,4,1000,home,flat,23,23.0,-5.5,-0.2391304347826087,11.0,-19.0,False
raw,Legacy draw-to-home weighting,0.1,4,1000,draw,flat,0,0.0,0.0,0.0,0.0,0.0,False
raw,Legacy draw-to-home weighting,0.1,4,1000,away,flat,0,0.0,0.0,0.0,0.0,0.0,False
raw,Legacy draw-to-home weighting,0.2,1.01,1000,all,flat,10,10.0,-5.0,-0.5,5.0,-12.5,False
raw,Legacy draw-to-home weighting,0.2,1.01,1000,home,flat,10,10.0,-5.0,-0.5,5.0,-12.5,False
raw,Legacy draw-to-home weighting,0.2,1.01,1000,draw,flat,0,0.0,0.0,0.0,0.0,0.0,False
raw,Legacy draw-to-home weighting,0.2,1.01,1000,away,flat,0,0.0,0.0,0.0,0.0,0.0,False
raw,Legacy draw-to-home weighting,0.2,1.01,2,all,flat,0,0.0,0.0,0.0,0.0,0.0,False
raw,Legacy draw-to-home weighting,0.2,1.01,2,home,flat,0,0.0,0.0,0.0,0.0,0.0,False
raw,Legacy draw-to-home weighting,0.2,1.01,2,draw,flat,0,0.0,0.0,0.0,0.0,0.0,False
raw,Legacy draw-to-home weighting,0.2,1.01,2,away,flat,0,0.0,0.0,0.0,0.0,0.0,False
raw,Legacy draw-to-home weighting,0.2,2,4,all,flat,1,1.0,-1.0,-1.0,1.0,-2.5,False
raw,Legacy draw-to-home weighting,0.2,2,4,home,flat,1,1.0,-1.0,-1.0,1.0,-2.5,False
raw,Legacy draw-to-home weighting,0.2,2,4,draw,flat,0,0.0,0.0,0.0,0.0,0.0,False
raw,Legacy draw-to-home weighting,0.2,2,4,away,flat,0,0.0,0.0,0.0,0.0,0.0,False
raw,Legacy draw-to-home weighting,0.2,4,1000,all,flat,10,10.0,-5.0,-0.5,5.0,-12.5,False
raw,Legacy draw-to-home weighting,0.2,4,1000,home,flat,10,10.0,-5.0,-0.5,5.0,-12.5,False
raw,Legacy draw-to-home weighting,0.2,4,1000,draw,flat,0,0.0,0.0,0.0,0.0,0.0,False
raw,Legacy draw-to-home weighting,0.2,4,1000,away,flat,0,0.0,0.0,0.0,0.0,0.0,False
raw,Legacy draw-to-home return weighting,0,1.01,1000,all,flat,994,994.0,36.379999999999995,0.03659959758551307,59.980000000000004,-0.030000000000007354,True
raw,Legacy draw-to-home return weighting,0,1.01,1000,home,flat,804,804.0,2.3799999999999955,0.0029601990049751186,57.480000000000004,-26.360000000000007,True
raw,Legacy draw-to-home return weighting,0,1.01,1000,draw,flat,0,0.0,0.0,0.0,0.0,0.0,False
raw,Legacy draw-to-home return weighting,0,1.01,1000,away,flat,190,190.0,34.0,0.17894736842105263,27.5,13.25,True
raw,Legacy draw-to-home return weighting,0,1.01,2,all,flat,151,151.0,-2.8800000000000017,-0.019072847682119216,17.07,-19.675000000000004,True
raw,Legacy draw-to-home return weighting,0,1.01,2,home,flat,151,151.0,-2.8800000000000017,-0.019072847682119216,17.07,-19.675000000000004,True
raw,Legacy draw-to-home return weighting,0,1.01,2,draw,flat,0,0.0,0.0,0.0,0.0,0.0,False
raw,Legacy draw-to-home return weighting,0,1.01,2,away,flat,0,0.0,0.0,0.0,0.0,0.0,False
raw,Legacy draw-to-home return weighting,0,2,4,all,flat,315,315.0,-41.21,-0.13082539682539682,45.41,-105.125,True
raw,Legacy draw-to-home return weighting,0,2,4,home,flat,315,315.0,-41.21,-0.13082539682539682,45.41,-105.125,True
raw,Legacy draw-to-home return weighting,0,2,4,draw,flat,0,0.0,0.0,0.0,0.0,0.0,False
raw,Legacy draw-to-home return weighting,0,2,4,away,flat,0,0.0,0.0,0.0,0.0,0.0,False
raw,Legacy draw-to-home return weighting,0,4,1000,all,flat,548,548.0,92.47,0.16874087591240874,46.0,69.47,True
raw,Legacy draw-to-home return weighting,0,4,1000,home,flat,358,358.0,58.46999999999999,0.1633240223463687,42.25,37.34499999999999,True
raw,Legacy draw-to-home return weighting,0,4,1000,draw,flat,0,0.0,0.0,0.0,0.0,0.0,False
raw,Legacy draw-to-home return weighting,0,4,1000,away,flat,190,190.0,34.0,0.17894736842105263,27.5,13.25,True
raw,Legacy draw-to-home return weighting,0.02,1.01,1000,all,flat,735,735.0,55.000000000000014,0.07482993197278913,59.279999999999994,24.87000000000002,True
raw,Legacy draw-to-home return weighting,0.02,1.01,1000,home,flat,545,545.0,21.000000000000007,0.038532110091743135,55.53,-6.7649999999999935,True
raw,Legacy draw-to-home return weighting,0.02,1.01,1000,draw,flat,0,0.0,0.0,0.0,0.0,0.0,False
raw,Legacy draw-to-home return weighting,0.02,1.01,1000,away,flat,190,190.0,34.0,0.17894736842105263,27.5,13.25,True
raw,Legacy draw-to-home return weighting,0.02,1.01,2,all,flat,40,40.0,4.6499999999999995,0.11624999999999999,4.049999999999999,1.2449999999999999,False
raw,Legacy draw-to-home return weighting,0.02,1.01,2,home,flat,40,40.0,4.6499999999999995,0.11624999999999999,4.049999999999999,1.2449999999999999,False
raw,Legacy draw-to-home return weighting,0.02,1.01,2,draw,flat,0,0.0,0.0,0.0,0.0,0.0,False
raw,Legacy draw-to-home return weighting,0.02,1.01,2,away,flat,0,0.0,0.0,0.0,0.0,0.0,False
raw,Legacy draw-to-home return weighting,0.02,2,4,all,flat,201,201.0,-36.17,-0.1799502487562189,42.07,-93.375,True
raw,Legacy draw-to-home return weighting,0.02,2,4,home,flat,201,201.0,-36.17,-0.1799502487562189,42.07,-93.375,True
raw,Legacy draw-to-home return weighting,0.02,2,4,draw,flat,0,0.0,0.0,0.0,0.0,0.0,False
raw,Legacy draw-to-home return weighting,0.02,2,4,away,flat,0,0.0,0.0,0.0,0.0,0.0,False
raw,Legacy draw-to-home return weighting,0.02,4,1000,all,flat,512,512.0,100.52,0.196328125,45.0,78.02,True
raw,Legacy draw-to-home return weighting,0.02,4,1000,home,flat,322,322.0,66.52,0.206583850931677,41.25,45.894999999999996,True
raw,Legacy draw-to-home return weighting,0.02,4,1000,draw,flat,0,0.0,0.0,0.0,0.0,0.0,False
raw,Legacy draw-to-home return weighting,0.02,4,1000,away,flat,190,190.0,34.0,0.17894736842105263,27.5,13.25,True
raw,Legacy draw-to-home return weighting,0.05,1.01,1000,all,flat,539,539.0,23.41,0.043432282003710576,43.4,-5.26,True
raw,Legacy draw-to-home return weighting,0.05,1.01,1000,home,flat,349,349.0,-10.589999999999998,-0.030343839541547273,39.65,-41.035,True
raw,Legacy draw-to-home return weighting,0.05,1.01,1000,draw,flat,0,0.0,0.0,0.0,0.0,0.0,False
raw,Legacy draw-to-home return weighting,0.05,1.01,1000,away,flat,190,190.0,34.0,0.17894736842105263,27.5,13.25,True
raw,Legacy draw-to-home return weighting,0.05,1.01,2,all,flat,5,5.0,0.22999999999999998,0.046,2.0,-2.77,False
raw,Legacy draw-to-home return weighting,0.05,1.01,2,home,flat,5,5.0,0.22999999999999998,0.046,2.0,-2.77,False
raw,Legacy draw-to-home return weighting,0.05,1.01,2,draw,flat,0,0.0,0.0,0.0,0.0,0.0,False
raw,Legacy draw-to-home return weighting,0.05,1.01,2,away,flat,0,0.0,0.0,0.0,0.0,0.0,False
raw,Legacy draw-to-home return weighting,0.05,2,4,all,flat,81,81.0,-16.9,-0.20864197530864195,23.95,-49.825,False
raw,Legacy draw-to-home return weighting,0.05,2,4,home,flat,81,81.0,-16.9,-0.20864197530864195,23.95,-49.825,False
raw,Legacy draw-to-home return weighting,0.05,2,4,draw,flat,0,0.0,0.0,0.0,0.0,0.0,False
raw,Legacy draw-to-home return weighting,0.05,2,4,away,flat,0,0.0,0.0,0.0,0.0,0.0,False
raw,Legacy draw-to-home return weighting,0.05,4,1000,all,flat,464,464.0,49.08,0.10577586206896551,41.0,24.33,True
raw,Legacy draw-to-home return weighting,0.05,4,1000,home,flat,274,274.0,15.08,0.05503649635036496,37.25,-3.545,True
raw,Legacy draw-to-home return weighting,0.05,4,1000,draw,flat,0,0.0,0.0,0.0,0.0,0.0,False
raw,Legacy draw-to-home return weighting,0.05,4,1000,away,flat,190,190.0,34.0,0.17894736842105263,27.5,13.25,True
raw,Legacy draw-to-home return weighting,0.1,1.01,1000,all,flat,397,397.0,64.1,0.1614609571788413,33.7,44.55,True
raw,Legacy draw-to-home return weighting,0.1,1.01,1000,home,flat,213,213.0,24.1,0.11314553990610329,28.95,9.625000000000002,True
raw,Legacy draw-to-home return weighting,0.1,1.01,1000,draw,flat,0,0.0,0.0,0.0,0.0,0.0,False
raw,Legacy draw-to-home return weighting,0.1,1.01,1000,away,flat,184,184.0,40.0,0.21739130434782608,25.5,23.25,True
raw,Legacy draw-to-home return weighting,0.1,1.01,2,all,flat,0,0.0,0.0,0.0,0.0,0.0,False
raw,Legacy draw-to-home return weighting,0.1,1.01,2,home,flat,0,0.0,0.0,0.0,0.0,0.0,False
raw,Legacy draw-to-home return weighting,0.1,1.01,2,draw,flat,0,0.0,0.0,0.0,0.0,0.0,False
raw,Legacy draw-to-home return weighting,0.1,1.01,2,away,flat,0,0.0,0.0,0.0,0.0,0.0,False
raw,Legacy draw-to-home return weighting,0.1,2,4,all,flat,21,21.0,-5.9,-0.28095238095238095,9.2,-16.4,False
raw,Legacy draw-to-home return weighting,0.1,2,4,home,flat,21,21.0,-5.9,-0.28095238095238095,9.2,-16.4,False
raw,Legacy draw-to-home return weighting,0.1,2,4,draw,flat,0,0.0,0.0,0.0,0.0,0.0,False
raw,Legacy draw-to-home return weighting,0.1,2,4,away,flat,0,0.0,0.0,0.0,0.0,0.0,False
raw,Legacy draw-to-home return weighting,0.1,4,1000,all,flat,382,382.0,72.0,0.18848167539267016,31.5,56.25,True
raw,Legacy draw-to-home return weighting,0.1,4,1000,home,flat,198,198.0,32.0,0.16161616161616163,29.75,17.125,True
raw,Legacy draw-to-home return weighting,0.1,4,1000,draw,flat,0,0.0,0.0,0.0,0.0,0.0,False
raw,Legacy draw-to-home return weighting,0.1,4,1000,away,flat,184,184.0,40.0,0.21739130434782608,25.5,23.25,True
raw,Legacy draw-to-home return weighting,0.2,1.01,1000,all,flat,211,211.0,20.75,0.09834123222748815,37.5,-12.5,True
raw,Legacy draw-to-home return weighting,0.2,1.01,1000,home,flat,94,94.0,13.75,0.14627659574468085,20.0,0.25,False
raw,Legacy draw-to-home return weighting,0.2,1.01,1000,draw,flat,0,0.0,0.0,0.0,0.0,0.0,False
raw,Legacy draw-to-home return weighting,0.2,1.01,1000,away,flat,117,117.0,7.0,0.05982905982905983,26.0,-17.0,True
raw,Legacy draw-to-home return weighting,0.2,1.01,2,all,flat,0,0.0,0.0,0.0,0.0,0.0,False
raw,Legacy draw-to-home return weighting,0.2,1.01,2,home,flat,0,0.0,0.0,0.0,0.0,0.0,False
raw,Legacy draw-to-home return weighting,0.2,1.01,2,draw,flat,0,0.0,0.0,0.0,0.0,0.0,False
raw,Legacy draw-to-home return weighting,0.2,1.01,2,away,flat,0,0.0,0.0,0.0,0.0,0.0,False
raw,Legacy draw-to-home return weighting,0.2,2,4,all,flat,1,1.0,-1.0,-1.0,1.0,-2.5,False
raw,Legacy draw-to-home return weighting,0.2,2,4,home,flat,1,1.0,-1.0,-1.0,1.0,-2.5,False
raw,Legacy draw-to-home return weighting,0.2,2,4,draw,flat,0,0.0,0.0,0.0,0.0,0.0,False
raw,Legacy draw-to-home return weighting,0.2,2,4,away,flat,0,0.0,0.0,0.0,0.0,0.0,False
raw,Legacy draw-to-home return weighting,0.2,4,1000,all,flat,211,211.0,20.75,0.09834123222748815,37.5,-12.5,True
raw,Legacy draw-to-home return weighting,0.2,4,1000,home,flat,94,94.0,13.75,0.14627659574468085,20.0,0.25,False
raw,Legacy draw-to-home return weighting,0.2,4,1000,draw,flat,0,0.0,0.0,0.0,0.0,0.0,False
raw,Legacy draw-to-home return weighting,0.2,4,1000,away,flat,117,117.0,7.0,0.05982905982905983,26.0,-17.0,True
raw,Legacy market power weighting,0,1.01,1000,all,flat,655,655.0,-143.21,-0.21864122137404582,150.49999999999994,-361.66999999999996,True
raw,Legacy market power weighting,0,1.01,1000,home,flat,135,135.0,-18.619999999999997,-0.1379259259259259,20.82,-47.64999999999999,True
raw,Legacy market power weighting,0,1.01,1000,draw,flat,251,251.0,-83.5,-0.33266932270916333,93.5,-213.75,True
raw,Legacy market power weighting,0,1.01,1000,away,flat,269,269.0,-41.09,-0.15275092936802975,59.64,-112.0,True
raw,Legacy market power weighting,0,1.01,2,all,flat,0,0.0,0.0,0.0,0.0,0.0,False
raw,Legacy market power weighting,0,1.01,2,home,flat,0,0.0,0.0,0.0,0.0,0.0,False
raw,Legacy market power weighting,0,1.01,2,draw,flat,0,0.0,0.0,0.0,0.0,0.0,False
raw,Legacy market power weighting,0,1.01,2,away,flat,0,0.0,0.0,0.0,0.0,0.0,False
raw,Legacy market power weighting,0,2,4,all,flat,403,403.0,-62.90999999999999,-0.15610421836228286,74.06,-162.85,True
raw,Legacy market power weighting,0,2,4,home,flat,134,134.0,-21.82,-0.1628358208955224,24.019999999999996,-55.64999999999999,True
raw,Legacy market power weighting,0,2,4,draw,flat,0,0.0,0.0,0.0,0.0,0.0,False
raw,Legacy market power weighting,0,2,4,away,flat,269,269.0,-41.09,-0.15275092936802975,59.64,-112.0,True
raw,Legacy market power weighting,0,4,1000,all,flat,252,252.0,-80.3,-0.31865079365079363,90.3,-205.75,True
raw,Legacy market power weighting,0,4,1000,home,flat,1,1.0,3.2,3.2,0.0,3.2,False
raw,Legacy market power weighting,0,4,1000,draw,flat,251,251.0,-83.5,-0.33266932270916333,93.5,-213.75,True
raw,Legacy market power weighting,0,4,1000,away,flat,0,0.0,0.0,0.0,0.0,0.0,False
raw,Legacy market power weighting,0.02,1.01,1000,all,flat,485,485.0,-132.79,-0.27379381443298967,143.37999999999994,-337.27,True
raw,Legacy market power weighting,0.02,1.01,1000,home,flat,78,78.0,-15.04,-0.1928205128205128,18.439999999999998,-39.3,False
raw,Legacy market power weighting,0.02,1.01,1000,draw,flat,215,215.0,-72.5,-0.3372093023255814,85.5,-187.75,True
raw,Legacy market power weighting,0.02,1.01,1000,away,flat,192,192.0,-45.25,-0.23567708333333334,58.41,-119.705,True
raw,Legacy market power weighting,0.02,1.01,2,all,flat,0,0.0,0.0,0.0,0.0,0.0,False
raw,Legacy market power weighting,0.02,1.01,2,home,flat,0,0.0,0.0,0.0,0.0,0.0,False
raw,Legacy market power weighting,0.02,1.01,2,draw,flat,0,0.0,0.0,0.0,0.0,0.0,False
raw,Legacy market power weighting,0.02,1.01,2,away,flat,0,0.0,0.0,0.0,0.0,0.0,False
raw,Legacy market power weighting,0.02,2,4,all,flat,269,269.0,-63.489999999999995,-0.23602230483271375,72.5,-163.23,True
raw,Legacy market power weighting,0.02,2,4,home,flat,77,77.0,-18.24,-0.23688311688311686,21.639999999999993,-47.3,False
raw,Legacy market power weighting,0.02,2,4,draw,flat,0,0.0,0.0,0.0,0.0,0.0,False
raw,Legacy market power weighting,0.02,2,4,away,flat,192,192.0,-45.25,-0.23567708333333334,58.41,-119.705,True
raw,Legacy market power weighting,0.02,4,1000,all,flat,216,216.0,-69.3,-0.3208333333333333,82.3,-179.75,True
raw,Legacy market power weighting,0.02,4,1000,home,flat,1,1.0,3.2,3.2,0.0,3.2,False
raw,Legacy market power weighting,0.02,4,1000,draw,flat,215,215.0,-72.5,-0.3372093023255814,85.5,-187.75,True
raw,Legacy market power weighting,0.02,4,1000,away,flat,0,0.0,0.0,0.0,0.0,0.0,False
raw,Legacy market power weighting,0.05,1.01,1000,all,flat,261,261.0,-86.18,-0.3301915708812261,101.78,-223.25,True
raw,Legacy market power weighting,0.05,1.01,1000,home,flat,20,20.0,-10.850000000000001,-0.5425000000000001,12.3,-27.85,False
raw,Legacy market power weighting,0.05,1.01,1000,draw,flat,142,142.0,-46.75,-0.32922535211267606,62.25,-124.625,True
raw,Legacy market power weighting,0.05,1.01,1000,away,flat,99,99.0,-28.579999999999995,-0.28868686868686866,37.68,-75.99999999999999,False
raw,Legacy market power weighting,0.05,1.01,2,all,flat,0,0.0,0.0,0.0,0.0,0.0,False
raw,Legacy market power weighting,0.05,1.01,2,home,flat,0,0.0,0.0,0.0,0.0,0.0,False
raw,Legacy market power weighting,0.05,1.01,2,draw,flat,0,0.0,0.0,0.0,0.0,0.0,False
raw,Legacy market power weighting,0.05,1.01,2,away,flat,0,0.0,0.0,0.0,0.0,0.0,False
raw,Legacy market power weighting,0.05,2,4,all,flat,119,119.0,-39.42999999999999,-0.33134453781512596,46.53,-102.12499999999999,True
raw,Legacy market power weighting,0.05,2,4,home,flat,20,20.0,-10.850000000000001,-0.5425000000000001,12.3,-27.85,False
raw,Legacy market power weighting,0.05,2,4,draw,flat,0,0.0,0.0,0.0,0.0,0.0,False
raw,Legacy market power weighting,0.05,2,4,away,flat,99,99.0,-28.579999999999995,-0.28868686868686866,37.68,-75.99999999999999,False
raw,Legacy market power weighting,0.05,4,1000,all,flat,142,142.0,-46.75,-0.32922535211267606,62.25,-124.625,True
raw,Legacy market power weighting,0.05,4,1000,home,flat,0,0.0,0.0,0.0,0.0,0.0,False
raw,Legacy market power weighting,0.05,4,1000,draw,flat,142,142.0,-46.75,-0.32922535211267606,62.25,-124.625,True
raw,Legacy market power weighting,0.05,4,1000,away,flat,0,0.0,0.0,0.0,0.0,0.0,False
raw,Legacy market power weighting,0.1,1.01,1000,all,flat,105,105.0,-48.400000000000006,-0.460952380952381,56.9,-125.25000000000001,True
raw,Legacy market power weighting,0.1,1.01,1000,home,flat,3,3.0,-3.0,-1.0,3.0,-7.5,False
raw,Legacy market power weighting,0.1,1.01,1000,draw,flat,76,76.0,-33.5,-0.4407894736842105,43.0,-88.5,False
raw,Legacy market power weighting,0.1,1.01,1000,away,flat,26,26.0,-11.899999999999999,-0.4576923076923076,14.3,-30.949999999999996,False
raw,Legacy market power weighting,0.1,1.01,2,all,flat,0,0.0,0.0,0.0,0.0,0.0,False
raw,Legacy market power weighting,0.1,1.01,2,home,flat,0,0.0,0.0,0.0,0.0,0.0,False
raw,Legacy market power weighting,0.1,1.01,2,draw,flat,0,0.0,0.0,0.0,0.0,0.0,False
raw,Legacy market power weighting,0.1,1.01,2,away,flat,0,0.0,0.0,0.0,0.0,0.0,False
raw,Legacy market power weighting,0.1,2,4,all,flat,29,29.0,-14.9,-0.5137931034482759,17.3,-38.45,False
raw,Legacy market power weighting,0.1,2,4,home,flat,3,3.0,-3.0,-1.0,3.0,-7.5,False
raw,Legacy market power weighting,0.1,2,4,draw,flat,0,0.0,0.0,0.0,0.0,0.0,False
raw,Legacy market power weighting,0.1,2,4,away,flat,26,26.0,-11.899999999999999,-0.4576923076923076,14.3,-30.949999999999996,False
raw,Legacy market power weighting,0.1,4,1000,all,flat,76,76.0,-33.5,-0.4407894736842105,43.0,-88.5,False
raw,Legacy market power weighting,0.1,4,1000,home,flat,0,0.0,0.0,0.0,0.0,0.0,False
raw,Legacy market power weighting,0.1,4,1000,draw,flat,76,76.0,-33.5,-0.4407894736842105,43.0,-88.5,False
raw,Legacy market power weighting,0.1,4,1000,away,flat,0,0.0,0.0,0.0,0.0,0.0,False
raw,Legacy market power weighting,0.2,1.01,1000,all,flat,24,24.0,0.0,0.0,10.0,-8.0,False
raw,Legacy market power weighting,0.2,1.01,1000,home,flat,0,0.0,0.0,0.0,0.0,0.0,False
raw,Legacy market power weighting,0.2,1.01,1000,draw,flat,24,24.0,0.0,0.0,10.0,-8.0,False
raw,Legacy market power weighting,0.2,1.01,1000,away,flat,0,0.0,0.0,0.0,0.0,0.0,False
raw,Legacy market power weighting,0.2,1.01,2,all,flat,0,0.0,0.0,0.0,0.0,0.0,False
raw,Legacy market power weighting,0.2,1.01,2,home,flat,0,0.0,0.0,0.0,0.0,0.0,False
raw,Legacy market power weighting,0.2,1.01,2,draw,flat,0,0.0,0.0,0.0,0.0,0.0,False
raw,Legacy market power weighting,0.2,1.01,2,away,flat,0,0.0,0.0,0.0,0.0,0.0,False
raw,Legacy market power weighting,0.2,2,4,all,flat,0,0.0,0.0,0.0,0.0,0.0,False
raw,Legacy market power weighting,0.2,2,4,home,flat,0,0.0,0.0,0.0,0.0,0.0,False
raw,Legacy market power weighting,0.2,2,4,draw,flat,0,0.0,0.0,0.0,0.0,0.0,False
raw,Legacy market power weighting,0.2,2,4,away,flat,0,0.0,0.0,0.0,0.0,0.0,False
raw,Legacy market power weighting,0.2,4,1000,all,flat,24,24.0,0.0,0.0,10.0,-8.0,False
raw,Legacy market power weighting,0.2,4,1000,home,flat,0,0.0,0.0,0.0,0.0,0.0,False
raw,Legacy market power weighting,0.2,4,1000,draw,flat,24,24.0,0.0,0.0,10.0,-8.0,False
raw,Legacy market power weighting,0.2,4,1000,away,flat,0,0.0,0.0,0.0,0.0,0.0,False
raw,Legacy variance score,0,1.01,1000,all,flat,1572,1572.0,52.67,0.03350508905852417,76.35000000000002,14.49499999999999,True
raw,Legacy variance score,0,1.01,1000,home,flat,499,499.0,20.139999999999993,0.04036072144288576,48.0,-3.8600000000000065,True
raw,Legacy variance score,0,1.01,1000,draw,flat,9,9.0,4.7,0.5222222222222223,5.0,2.2,False
raw,Legacy variance score,0,1.01,1000,away,flat,1064,1064.0,27.830000000000013,0.026156015037593995,73.15,-17.644999999999975,True
raw,Legacy variance score,0,1.01,2,all,flat,0,0.0,0.0,0.0,0.0,0.0,False
raw,Legacy variance score,0,1.01,2,home,flat,0,0.0,0.0,0.0,0.0,0.0,False
raw,Legacy variance score,0,1.01,2,draw,flat,0,0.0,0.0,0.0,0.0,0.0,False
raw,Legacy variance score,0,1.01,2,away,flat,0,0.0,0.0,0.0,0.0,0.0,False
raw,Legacy variance score,0,2,4,all,flat,610,610.0,-47.69,-0.07818032786885246,65.59,-128.175,True
raw,Legacy variance score,0,2,4,home,flat,161,161.0,-22.130000000000003,-0.13745341614906834,32.129999999999995,-66.325,True
raw,Legacy variance score,0,2,4,draw,flat,1,1.0,3.0,3.0,0.0,3.0,False
raw,Legacy variance score,0,2,4,away,flat,448,448.0,-28.56000000000001,-0.06375000000000001,60.91,-87.57500000000002,True
raw,Legacy variance score,0,4,1000,all,flat,1020,1020.0,102.36000000000001,0.1003529411764706,53.14,75.79000000000002,True
raw,Legacy variance score,0,4,1000,home,flat,357,357.0,55.269999999999996,0.15481792717086834,42.25,34.144999999999996,True
raw,Legacy variance score,0,4,1000,draw,flat,9,9.0,4.7,0.5222222222222223,5.0,2.2,False
raw,Legacy variance score,0,4,1000,away,flat,654,654.0,42.39,0.0648165137614679,58.8,8.700000000000006,True
raw,Legacy variance score,0.02,1.01,1000,all,flat,1402,1402.0,94.15000000000002,0.0671540656205421,64.69,61.80500000000002,True
raw,Legacy variance score,0.02,1.01,1000,home,flat,437,437.0,20.889999999999997,0.047803203661327225,52.45,-5.335000000000004,True
raw,Legacy variance score,0.02,1.01,1000,draw,flat,5,5.0,4.5,0.9,2.0,2.5,False
raw,Legacy variance score,0.02,1.01,1000,away,flat,960,960.0,68.76000000000002,0.07162500000000002,67.1,35.21000000000002,True
raw,Legacy variance score,0.02,1.01,2,all,flat,0,0.0,0.0,0.0,0.0,0.0,False
raw,Legacy variance score,0.02,1.01,2,home,flat,0,0.0,0.0,0.0,0.0,0.0,False
raw,Legacy variance score,0.02,1.01,2,draw,flat,0,0.0,0.0,0.0,0.0,0.0,False
raw,Legacy variance score,0.02,1.01,2,away,flat,0,0.0,0.0,0.0,0.0,0.0,False
raw,Legacy variance score,0.02,2,4,all,flat,537,537.0,-52.13000000000001,-0.09707635009310989,74.03000000000002,-141.275,True
raw,Legacy variance score,0.02,2,4,home,flat,134,134.0,-28.430000000000007,-0.21216417910447766,34.980000000000004,-78.9,True
raw,Legacy variance score,0.02,2,4,draw,flat,1,1.0,3.0,3.0,0.0,3.0,False
raw,Legacy variance score,0.02,2,4,away,flat,402,402.0,-26.700000000000003,-0.0664179104477612,62.5,-84.65,True
raw,Legacy variance score,0.02,4,1000,all,flat,920,920.0,151.28000000000003,0.16443478260869568,37.75,132.40500000000003,True
raw,Legacy variance score,0.02,4,1000,home,flat,321,321.0,63.31999999999999,0.19725856697819313,41.25,42.69499999999999,True
raw,Legacy variance score,0.02,4,1000,draw,flat,5,5.0,4.5,0.9,2.0,2.5,False
raw,Legacy variance score,0.02,4,1000,away,flat,594,594.0,83.46000000000001,0.14050505050505052,46.8,60.06000000000001,True
raw,Legacy variance score,0.05,1.01,1000,all,flat,1137,1137.0,26.889999999999997,0.023649956024626207,68.59,-16.095000000000006,True
raw,Legacy variance score,0.05,1.01,1000,home,flat,333,333.0,-2.519999999999998,-0.0075675675675675605,39.65,-28.665,True
raw,Legacy variance score,0.05,1.01,1000,draw,flat,2,2.0,3.5,1.75,1.0,2.0,False
raw,Legacy variance score,0.05,1.01,1000,away,flat,802,802.0,25.910000000000004,0.0323067331670823,75.19000000000001,-23.174999999999997,True
raw,Legacy variance score,0.05,1.01,2,all,flat,0,0.0,0.0,0.0,0.0,0.0,False
raw,Legacy variance score,0.05,1.01,2,home,flat,0,0.0,0.0,0.0,0.0,0.0,False
raw,Legacy variance score,0.05,1.01,2,draw,flat,0,0.0,0.0,0.0,0.0,0.0,False
raw,Legacy variance score,0.05,1.01,2,away,flat,0,0.0,0.0,0.0,0.0,0.0,False
raw,Legacy variance score,0.05,2,4,all,flat,393,393.0,-18.150000000000002,-0.04618320610687023,42.4,-57.50000000000001,True
raw,Legacy variance score,0.05,2,4,home,flat,70,70.0,-8.6,-0.12285714285714285,19.65,-37.074999999999996,False
raw,Legacy variance score,0.05,2,4,draw,flat,0,0.0,0.0,0.0,0.0,0.0,False
raw,Legacy variance score,0.05,2,4,away,flat,323,323.0,-9.550000000000002,-0.029566563467492268,50.6,-56.05,True
raw,Legacy variance score,0.05,4,1000,all,flat,788,788.0,45.040000000000006,0.05715736040609138,45.739999999999995,19.63000000000001,True
raw,Legacy variance score,0.05,4,1000,home,flat,274,274.0,15.08,0.05503649635036496,37.25,-3.545,True
raw,Legacy variance score,0.05,4,1000,draw,flat,2,2.0,3.5,1.75,1.0,2.0,False
raw,Legacy variance score,0.05,4,1000,away,flat,512,512.0,26.46000000000001,0.05167968750000002,51.739999999999995,-3.6999999999999815,True
raw,Legacy variance score,0.1,1.01,1000,all,flat,731,731.0,29.129999999999995,0.03984952120383036,71.12,-39.60000000000001,True
raw,Legacy variance score,0.1,1.01,1000,home,flat,208,208.0,29.1,0.13990384615384616,28.95,14.625000000000002,True
raw,Legacy variance score,0.1,1.01,1000,draw,flat,1,1.0,-1.0,-1.0,1.0,-2.5,False
raw,Legacy variance score,0.1,1.01,1000,away,flat,522,522.0,1.029999999999994,0.001973180076628341,64.32,-66.6,True
raw,Legacy variance score,0.1,1.01,2,all,flat,0,0.0,0.0,0.0,0.0,0.0,False
raw,Legacy variance score,0.1,1.01,2,home,flat,0,0.0,0.0,0.0,0.0,0.0,False
raw,Legacy variance score,0.1,1.01,2,draw,flat,0,0.0,0.0,0.0,0.0,0.0,False
raw,Legacy variance score,0.1,1.01,2,away,flat,0,0.0,0.0,0.0,0.0,0.0,False
raw,Legacy variance score,0.1,2,4,all,flat,190,190.0,-23.650000000000002,-0.12447368421052633,38.89999999999999,-66.75,True
raw,Legacy variance score,0.1,2,4,home,flat,16,16.0,-0.9000000000000004,-0.05625000000000002,6.2,-4.9,False
raw,Legacy variance score,0.1,2,4,draw,flat,0,0.0,0.0,0.0,0.0,0.0,False
raw,Legacy variance score,0.1,2,4,away,flat,174,174.0,-22.75,-0.1307471264367816,33.699999999999996,-62.349999999999994,True
raw,Legacy variance score,0.1,4,1000,all,flat,572,572.0,45.78,0.08003496503496503,58.82,-5.5,True
raw,Legacy variance score,0.1,4,1000,home,flat,198,198.0,32.0,0.16161616161616163,29.75,17.125,True
raw,Legacy variance score,0.1,4,1000,draw,flat,1,1.0,-1.0,-1.0,1.0,-2.5,False
raw,Legacy variance score,0.1,4,1000,away,flat,373,373.0,14.780000000000008,0.03962466487935659,55.07000000000001,-38.125,True
raw,Legacy variance score,0.2,1.01,1000,all,flat,241,241.0,7.85,0.03257261410788381,40.5,-25.8,True
raw,Legacy variance score,0.2,1.01,1000,home,flat,94,94.0,13.75,0.14627659574468085,20.0,0.25,False
raw,Legacy variance score,0.2,1.01,1000,draw,flat,0,0.0,0.0,0.0,0.0,0.0,False
raw,Legacy variance score,0.2,1.01,1000,away,flat,147,147.0,-5.9,-0.04013605442176871,29.0,-30.299999999999997,True
raw,Legacy variance score,0.2,1.01,2,all,flat,0,0.0,0.0,0.0,0.0,0.0,False
raw,Legacy variance score,0.2,1.01,2,home,flat,0,0.0,0.0,0.0,0.0,0.0,False
raw,Legacy variance score,0.2,1.01,2,draw,flat,0,0.0,0.0,0.0,0.0,0.0,False
raw,Legacy variance score,0.2,1.01,2,away,flat,0,0.0,0.0,0.0,0.0,0.0,False
raw,Legacy variance score,0.2,2,4,all,flat,3,3.0,0.6000000000000001,0.20000000000000004,2.0,-2.4,False
raw,Legacy variance score,0.2,2,4,home,flat,1,1.0,-1.0,-1.0,1.0,-2.5,False
raw,Legacy variance score,0.2,2,4,draw,flat,0,0.0,0.0,0.0,0.0,0.0,False
raw,Legacy variance score,0.2,2,4,away,flat,2,2.0,1.6,0.8,1.0,0.10000000000000009,False
raw,Legacy variance score,0.2,4,1000,all,flat,240,240.0,5.25,0.021875,40.5,-31.0,True
raw,Legacy variance score,0.2,4,1000,home,flat,94,94.0,13.75,0.14627659574468085,20.0,0.25,False
raw,Legacy variance score,0.2,4,1000,draw,flat,0,0.0,0.0,0.0,0.0,0.0,False
raw,Legacy variance score,0.2,4,1000,away,flat,146,146.0,-8.5,-0.05821917808219178,29.0,-35.5,True
raw,Home win or skip (sqrt profit),0,1.01,1000,all,flat,804,804.0,2.3799999999999955,0.0029601990049751186,57.480000000000004,-26.360000000000007,True
raw,Home win or skip (sqrt profit),0,1.01,1000,home,flat,804,804.0,2.3799999999999955,0.0029601990049751186,57.480000000000004,-26.360000000000007,True
raw,Home win or skip (sqrt profit),0,1.01,1000,draw,flat,0,0.0,0.0,0.0,0.0,0.0,False
raw,Home win or skip (sqrt profit),0,1.01,1000,away,flat,0,0.0,0.0,0.0,0.0,0.0,False
raw,Home win or skip (sqrt profit),0,1.01,2,all,flat,151,151.0,-2.8800000000000017,-0.019072847682119216,17.07,-19.675000000000004,True
raw,Home win or skip (sqrt profit),0,1.01,2,home,flat,151,151.0,-2.8800000000000017,-0.019072847682119216,17.07,-19.675000000000004,True
raw,Home win or skip (sqrt profit),0,1.01,2,draw,flat,0,0.0,0.0,0.0,0.0,0.0,False
raw,Home win or skip (sqrt profit),0,1.01,2,away,flat,0,0.0,0.0,0.0,0.0,0.0,False
raw,Home win or skip (sqrt profit),0,2,4,all,flat,315,315.0,-41.21,-0.13082539682539682,45.41,-105.125,True
raw,Home win or skip (sqrt profit),0,2,4,home,flat,315,315.0,-41.21,-0.13082539682539682,45.41,-105.125,True
raw,Home win or skip (sqrt profit),0,2,4,draw,flat,0,0.0,0.0,0.0,0.0,0.0,False
raw,Home win or skip (sqrt profit),0,2,4,away,flat,0,0.0,0.0,0.0,0.0,0.0,False
raw,Home win or skip (sqrt profit),0,4,1000,all,flat,358,358.0,58.46999999999999,0.1633240223463687,42.25,37.34499999999999,True
raw,Home win or skip (sqrt profit),0,4,1000,home,flat,358,358.0,58.46999999999999,0.1633240223463687,42.25,37.34499999999999,True
raw,Home win or skip (sqrt profit),0,4,1000,draw,flat,0,0.0,0.0,0.0,0.0,0.0,False
raw,Home win or skip (sqrt profit),0,4,1000,away,flat,0,0.0,0.0,0.0,0.0,0.0,False
raw,Home win or skip (sqrt profit),0.02,1.01,1000,all,flat,545,545.0,21.000000000000007,0.038532110091743135,55.53,-6.7649999999999935,True
raw,Home win or skip (sqrt profit),0.02,1.01,1000,home,flat,545,545.0,21.000000000000007,0.038532110091743135,55.53,-6.7649999999999935,True
raw,Home win or skip (sqrt profit),0.02,1.01,1000,draw,flat,0,0.0,0.0,0.0,0.0,0.0,False
raw,Home win or skip (sqrt profit),0.02,1.01,1000,away,flat,0,0.0,0.0,0.0,0.0,0.0,False
raw,Home win or skip (sqrt profit),0.02,1.01,2,all,flat,40,40.0,4.6499999999999995,0.11624999999999999,4.049999999999999,1.2449999999999999,False
raw,Home win or skip (sqrt profit),0.02,1.01,2,home,flat,40,40.0,4.6499999999999995,0.11624999999999999,4.049999999999999,1.2449999999999999,False
raw,Home win or skip (sqrt profit),0.02,1.01,2,draw,flat,0,0.0,0.0,0.0,0.0,0.0,False
raw,Home win or skip (sqrt profit),0.02,1.01,2,away,flat,0,0.0,0.0,0.0,0.0,0.0,False
raw,Home win or skip (sqrt profit),0.02,2,4,all,flat,201,201.0,-36.17,-0.1799502487562189,42.07,-93.375,True
raw,Home win or skip (sqrt profit),0.02,2,4,home,flat,201,201.0,-36.17,-0.1799502487562189,42.07,-93.375,True
raw,Home win or skip (sqrt profit),0.02,2,4,draw,flat,0,0.0,0.0,0.0,0.0,0.0,False
raw,Home win or skip (sqrt profit),0.02,2,4,away,flat,0,0.0,0.0,0.0,0.0,0.0,False
raw,Home win or skip (sqrt profit),0.02,4,1000,all,flat,322,322.0,66.52,0.206583850931677,41.25,45.894999999999996,True
raw,Home win or skip (sqrt profit),0.02,4,1000,home,flat,322,322.0,66.52,0.206583850931677,41.25,45.894999999999996,True
raw,Home win or skip (sqrt profit),0.02,4,1000,draw,flat,0,0.0,0.0,0.0,0.0,0.0,False
raw,Home win or skip (sqrt profit),0.02,4,1000,away,flat,0,0.0,0.0,0.0,0.0,0.0,False
raw,Home win or skip (sqrt profit),0.05,1.01,1000,all,flat,349,349.0,-10.589999999999998,-0.030343839541547273,39.65,-41.035,True
raw,Home win or skip (sqrt profit),0.05,1.01,1000,home,flat,349,349.0,-10.589999999999998,-0.030343839541547273,39.65,-41.035,True
raw,Home win or skip (sqrt profit),0.05,1.01,1000,draw,flat,0,0.0,0.0,0.0,0.0,0.0,False
raw,Home win or skip (sqrt profit),0.05,1.01,1000,away,flat,0,0.0,0.0,0.0,0.0,0.0,False
raw,Home win or skip (sqrt profit),0.05,1.01,2,all,flat,5,5.0,0.22999999999999998,0.046,2.0,-2.77,False
raw,Home win or skip (sqrt profit),0.05,1.01,2,home,flat,5,5.0,0.22999999999999998,0.046,2.0,-2.77,False
raw,Home win or skip (sqrt profit),0.05,1.01,2,draw,flat,0,0.0,0.0,0.0,0.0,0.0,False
raw,Home win or skip (sqrt profit),0.05,1.01,2,away,flat,0,0.0,0.0,0.0,0.0,0.0,False
raw,Home win or skip (sqrt profit),0.05,2,4,all,flat,81,81.0,-16.9,-0.20864197530864195,23.95,-49.825,False
raw,Home win or skip (sqrt profit),0.05,2,4,home,flat,81,81.0,-16.9,-0.20864197530864195,23.95,-49.825,False
raw,Home win or skip (sqrt profit),0.05,2,4,draw,flat,0,0.0,0.0,0.0,0.0,0.0,False
raw,Home win or skip (sqrt profit),0.05,2,4,away,flat,0,0.0,0.0,0.0,0.0,0.0,False
raw,Home win or skip (sqrt profit),0.05,4,1000,all,flat,274,274.0,15.08,0.05503649635036496,37.25,-3.545,True
raw,Home win or skip (sqrt profit),0.05,4,1000,home,flat,274,274.0,15.08,0.05503649635036496,37.25,-3.545,True
raw,Home win or skip (sqrt profit),0.05,4,1000,draw,flat,0,0.0,0.0,0.0,0.0,0.0,False
raw,Home win or skip (sqrt profit),0.05,4,1000,away,flat,0,0.0,0.0,0.0,0.0,0.0,False
raw,Home win or skip (sqrt profit),0.1,1.01,1000,all,flat,213,213.0,24.1,0.11314553990610329,28.95,9.625000000000002,True
raw,Home win or skip (sqrt profit),0.1,1.01,1000,home,flat,213,213.0,24.1,0.11314553990610329,28.95,9.625000000000002,True
raw,Home win or skip (sqrt profit),0.1,1.01,1000,draw,flat,0,0.0,0.0,0.0,0.0,0.0,False
raw,Home win or skip (sqrt profit),0.1,1.01,1000,away,flat,0,0.0,0.0,0.0,0.0,0.0,False
raw,Home win or skip (sqrt profit),0.1,1.01,2,all,flat,0,0.0,0.0,0.0,0.0,0.0,False
raw,Home win or skip (sqrt profit),0.1,1.01,2,home,flat,0,0.0,0.0,0.0,0.0,0.0,False
raw,Home win or skip (sqrt profit),0.1,1.01,2,draw,flat,0,0.0,0.0,0.0,0.0,0.0,False
raw,Home win or skip (sqrt profit),0.1,1.01,2,away,flat,0,0.0,0.0,0.0,0.0,0.0,False
raw,Home win or skip (sqrt profit),0.1,2,4,all,flat,21,21.0,-5.9,-0.28095238095238095,9.2,-16.4,False
raw,Home win or skip (sqrt profit),0.1,2,4,home,flat,21,21.0,-5.9,-0.28095238095238095,9.2,-16.4,False
raw,Home win or skip (sqrt profit),0.1,2,4,draw,flat,0,0.0,0.0,0.0,0.0,0.0,False
raw,Home win or skip (sqrt profit),0.1,2,4,away,flat,0,0.0,0.0,0.0,0.0,0.0,False
raw,Home win or skip (sqrt profit),0.1,4,1000,all,flat,198,198.0,32.0,0.16161616161616163,29.75,17.125,True
raw,Home win or skip (sqrt profit),0.1,4,1000,home,flat,198,198.0,32.0,0.16161616161616163,29.75,17.125,True
raw,Home win or skip (sqrt profit),0.1,4,1000,draw,flat,0,0.0,0.0,0.0,0.0,0.0,False
raw,Home win or skip (sqrt profit),0.1,4,1000,away,flat,0,0.0,0.0,0.0,0.0,0.0,False
raw,Home win or skip (sqrt profit),0.2,1.01,1000,all,flat,94,94.0,13.75,0.14627659574468085,20.0,0.25,False
raw,Home win or skip (sqrt profit),0.2,1.01,1000,home,flat,94,94.0,13.75,0.14627659574468085,20.0,0.25,False
raw,Home win or skip (sqrt profit),0.2,1.01,1000,draw,flat,0,0.0,0.0,0.0,0.0,0.0,False
raw,Home win or skip (sqrt profit),0.2,1.01,1000,away,flat,0,0.0,0.0,0.0,0.0,0.0,False
raw,Home win or skip (sqrt profit),0.2,1.01,2,all,flat,0,0.0,0.0,0.0,0.0,0.0,False
raw,Home win or skip (sqrt profit),0.2,1.01,2,home,flat,0,0.0,0.0,0.0,0.0,0.0,False
raw,Home win or skip (sqrt profit),0.2,1.01,2,draw,flat,0,0.0,0.0,0.0,0.0,0.0,False
raw,Home win or skip (sqrt profit),0.2,1.01,2,away,flat,0,0.0,0.0,0.0,0.0,0.0,False
raw,Home win or skip (sqrt profit),0.2,2,4,all,flat,1,1.0,-1.0,-1.0,1.0,-2.5,False
raw,Home win or skip (sqrt profit),0.2,2,4,home,flat,1,1.0,-1.0,-1.0,1.0,-2.5,False
raw,Home win or skip (sqrt profit),0.2,2,4,draw,flat,0,0.0,0.0,0.0,0.0,0.0,False
raw,Home win or skip (sqrt profit),0.2,2,4,away,flat,0,0.0,0.0,0.0,0.0,0.0,False
raw,Home win or skip (sqrt profit),0.2,4,1000,all,flat,94,94.0,13.75,0.14627659574468085,20.0,0.25,False
raw,Home win or skip (sqrt profit),0.2,4,1000,home,flat,94,94.0,13.75,0.14627659574468085,20.0,0.25,False
raw,Home win or skip (sqrt profit),0.2,4,1000,draw,flat,0,0.0,0.0,0.0,0.0,0.0,False
raw,Home win or skip (sqrt profit),0.2,4,1000,away,flat,0,0.0,0.0,0.0,0.0,0.0,False
raw,Home loses vs not (synthetic double chance),0,1.01,1000,all,flat,84,84.0,-22.57441495489967,-0.268743035177377,28.48612432768874,-59.3918920736437,False
raw,Home loses vs not (synthetic double chance),0,1.01,1000,home,flat,0,0.0,0.0,0.0,0.0,0.0,False
raw,Home loses vs not (synthetic double chance),0,1.01,1000,draw,flat,0,0.0,0.0,0.0,0.0,0.0,False
raw,Home loses vs not (synthetic double chance),0,1.01,1000,away,flat,53,53.0,-8.72,-0.16452830188679246,16.42,-25.65,False
raw,Home loses vs not (synthetic double chance),0,1.01,2,all,flat,63,63.0,-16.058831704650416,-0.2549020905500066,19.744947857100506,-41.99013733785108,False
raw,Home loses vs not (synthetic double chance),0,1.01,2,home,flat,0,0.0,0.0,0.0,0.0,0.0,False
raw,Home loses vs not (synthetic double chance),0,1.01,2,draw,flat,0,0.0,0.0,0.0,0.0,0.0,False
raw,Home loses vs not (synthetic double chance),0,1.01,2,away,flat,40,40.0,-6.01,-0.15025,11.0,-17.52,False
raw,Home loses vs not (synthetic double chance),0,2,4,all,flat,32,32.0,-5.515583250249253,-0.17236197657028915,8.841176470588236,-15.451754735792623,False
raw,Home loses vs not (synthetic double chance),0,2,4,home,flat,0,0.0,0.0,0.0,0.0,0.0,False
raw,Home loses vs not (synthetic double chance),0,2,4,draw,flat,0,0.0,0.0,0.0,0.0,0.0,False
raw,Home loses vs not (synthetic double chance),0,2,4,away,flat,22,22.0,-1.7100000000000004,-0.07772727272727274,6.0,-6.660000000000001,False
raw,Home loses vs not (synthetic double chance),0,4,1000,all,flat,0,0.0,0.0,0.0,0.0,0.0,False
raw,Home loses vs not (synthetic double chance),0,4,1000,home,flat,0,0.0,0.0,0.0,0.0,0.0,False
raw,Home loses vs not (synthetic double chance),0,4,1000,draw,flat,0,0.0,0.0,0.0,0.0,0.0,False
raw,Home loses vs not (synthetic double chance),0,4,1000,away,flat,0,0.0,0.0,0.0,0.0,0.0,False
raw,Home loses vs not (synthetic double chance),0.02,1.01,1000,all,flat,45,45.0,-19.09084640814399,-0.4242410312920886,22.216439628482973,-49.289912630529464,False
raw,Home loses vs not (synthetic double chance),0.02,1.01,1000,home,flat,0,0.0,0.0,0.0,0.0,0.0,False
raw,Home loses vs not (synthetic double chance),0.02,1.01,1000,draw,flat,0,0.0,0.0,0.0,0.0,0.0,False
raw,Home loses vs not (synthetic double chance),0.02,1.01,1000,away,flat,27,27.0,-9.129999999999999,-0.3381481481481481,12.169999999999998,-24.345,False
raw,Home loses vs not (synthetic double chance),0.02,1.01,2,all,flat,25,25.0,-13.575263157894737,-0.5430105263157895,14.425263157894737,-34.363157894736844,False
raw,Home loses vs not (synthetic double chance),0.02,1.01,2,home,flat,0,0.0,0.0,0.0,0.0,0.0,False
raw,Home loses vs not (synthetic double chance),0.02,1.01,2,draw,flat,0,0.0,0.0,0.0,0.0,0.0,False
raw,Home loses vs not (synthetic double chance),0.02,1.01,2,away,flat,14,14.0,-6.42,-0.4585714285714286,7.32,-16.5,False
raw,Home loses vs not (synthetic double chance),0.02,2,4,all,flat,23,23.0,-6.515583250249252,-0.28328622827170663,8.791176470588237,-17.42675473579262,False
raw,Home loses vs not (synthetic double chance),0.02,2,4,home,flat,0,0.0,0.0,0.0,0.0,0.0,False
raw,Home loses vs not (synthetic double chance),0.02,2,4,draw,flat,0,0.0,0.0,0.0,0.0,0.0,False
raw,Home loses vs not (synthetic double chance),0.02,2,4,away,flat,15,15.0,-2.7100000000000004,-0.1806666666666667,5.95,-9.635000000000002,False
raw,Home loses vs not (synthetic double chance),0.02,4,1000,all,flat,0,0.0,0.0,0.0,0.0,0.0,False
raw,Home loses vs not (synthetic double chance),0.02,4,1000,home,flat,0,0.0,0.0,0.0,0.0,0.0,False
raw,Home loses vs not (synthetic double chance),0.02,4,1000,draw,flat,0,0.0,0.0,0.0,0.0,0.0,False
raw,Home loses vs not (synthetic double chance),0.02,4,1000,away,flat,0,0.0,0.0,0.0,0.0,0.0,False
raw,Home loses vs not (synthetic double chance),0.05,1.01,1000,all,flat,19,19.0,-8.770846408143989,-0.4616234951654731,11.046439628482972,-23.064912630529463,False
raw,Home loses vs not (synthetic double chance),0.05,1.01,1000,home,flat,0,0.0,0.0,0.0,0.0,0.0,False
raw,Home loses vs not (synthetic double chance),0.05,1.01,1000,draw,flat,0,0.0,0.0,0.0,0.0,0.0,False
raw,Home loses vs not (synthetic double chance),0.05,1.01,1000,away,flat,7,7.0,-2.86,-0.40857142857142853,5.0,-8.219999999999999,False
raw,Home loses vs not (synthetic double chance),0.05,1.01,2,all,flat,7,7.0,-5.105263157894737,-0.7293233082706767,5.105263157894737,-12.763157894736842,False
raw,Home loses vs not (synthetic double chance),0.05,1.01,2,home,flat,0,0.0,0.0,0.0,0.0,0.0,False
raw,Home loses vs not (synthetic double chance),0.05,1.01,2,draw,flat,0,0.0,0.0,0.0,0.0,0.0,False
raw,Home loses vs not (synthetic double chance),0.05,1.01,2,away,flat,2,2.0,-2.0,-1.0,2.0,-5.0,False
raw,Home loses vs not (synthetic double chance),0.05,2,4,all,flat,12,12.0,-3.665583250249252,-0.3054652708541043,5.9411764705882355,-10.301754735792622,False
raw,Home loses vs not (synthetic double chance),0.05,2,4,home,flat,0,0.0,0.0,0.0,0.0,0.0,False
raw,Home loses vs not (synthetic double chance),0.05,2,4,draw,flat,0,0.0,0.0,0.0,0.0,0.0,False
raw,Home loses vs not (synthetic double chance),0.05,2,4,away,flat,5,5.0,-0.8599999999999999,-0.172,3.0,-4.359999999999999,False
raw,Home loses vs not (synthetic double chance),0.05,4,1000,all,flat,0,0.0,0.0,0.0,0.0,0.0,False
raw,Home loses vs not (synthetic double chance),0.05,4,1000,home,flat,0,0.0,0.0,0.0,0.0,0.0,False
raw,Home loses vs not (synthetic double chance),0.05,4,1000,draw,flat,0,0.0,0.0,0.0,0.0,0.0,False
raw,Home loses vs not (synthetic double chance),0.05,4,1000,away,flat,0,0.0,0.0,0.0,0.0,0.0,False
raw,Home loses vs not (synthetic double chance),0.1,1.01,1000,all,flat,3,3.0,-3.0,-1.0,3.0,-7.5,False
raw,Home loses vs not (synthetic double chance),0.1,1.01,1000,home,flat,0,0.0,0.0,0.0,0.0,0.0,False
raw,Home loses vs not (synthetic double chance),0.1,1.01,1000,draw,flat,0,0.0,0.0,0.0,0.0,0.0,False
raw,Home loses vs not (synthetic double chance),0.1,1.01,1000,away,flat,0,0.0,0.0,0.0,0.0,0.0,False
raw,Home loses vs not (synthetic double chance),0.1,1.01,2,all,flat,2,2.0,-2.0,-1.0,2.0,-5.0,False
raw,Home loses vs not (synthetic double chance),0.1,1.01,2,home,flat,0,0.0,0.0,0.0,0.0,0.0,False
raw,Home loses vs not (synthetic double chance),0.1,1.01,2,draw,flat,0,0.0,0.0,0.0,0.0,0.0,False
raw,Home loses vs not (synthetic double chance),0.1,1.01,2,away,flat,0,0.0,0.0,0.0,0.0,0.0,False
raw,Home loses vs not (synthetic double chance),0.1,2,4,all,flat,1,1.0,-1.0,-1.0,1.0,-2.5,False
raw,Home loses vs not (synthetic double chance),0.1,2,4,home,flat,0,0.0,0.0,0.0,0.0,0.0,False
raw,Home loses vs not (synthetic double chance),0.1,2,4,draw,flat,0,0.0,0.0,0.0,0.0,0.0,False
raw,Home loses vs not (synthetic double chance),0.1,2,4,away,flat,0,0.0,0.0,0.0,0.0,0.0,False
raw,Home loses vs not (synthetic double chance),0.1,4,1000,all,flat,0,0.0,0.0,0.0,0.0,0.0,False
raw,Home loses vs not (synthetic double chance),0.1,4,1000,home,flat,0,0.0,0.0,0.0,0.0,0.0,False
raw,Home loses vs not (synthetic double chance),0.1,4,1000,draw,flat,0,0.0,0.0,0.0,0.0,0.0,False
raw,Home loses vs not (synthetic double chance),0.1,4,1000,away,flat,0,0.0,0.0,0.0,0.0,0.0,False
raw,Home loses vs not (synthetic double chance),0.2,1.01,1000,all,flat,0,0.0,0.0,0.0,0.0,0.0,False
raw,Home loses vs not (synthetic double chance),0.2,1.01,1000,home,flat,0,0.0,0.0,0.0,0.0,0.0,False
raw,Home loses vs not (synthetic double chance),0.2,1.01,1000,draw,flat,0,0.0,0.0,0.0,0.0,0.0,False
raw,Home loses vs not (synthetic double chance),0.2,1.01,1000,away,flat,0,0.0,0.0,0.0,0.0,0.0,False
raw,Home loses vs not (synthetic double chance),0.2,1.01,2,all,flat,0,0.0,0.0,0.0,0.0,0.0,False
raw,Home loses vs not (synthetic double chance),0.2,1.01,2,home,flat,0,0.0,0.0,0.0,0.0,0.0,False
raw,Home loses vs not (synthetic double chance),0.2,1.01,2,draw,flat,0,0.0,0.0,0.0,0.0,0.0,False
raw,Home loses vs not (synthetic double chance),0.2,1.01,2,away,flat,0,0.0,0.0,0.0,0.0,0.0,False
raw,Home loses vs not (synthetic double chance),0.2,2,4,all,flat,0,0.0,0.0,0.0,0.0,0.0,False
raw,Home loses vs not (synthetic double chance),0.2,2,4,home,flat,0,0.0,0.0,0.0,0.0,0.0,False
raw,Home loses vs not (synthetic double chance),0.2,2,4,draw,flat,0,0.0,0.0,0.0,0.0,0.0,False
raw,Home loses vs not (synthetic double chance),0.2,2,4,away,flat,0,0.0,0.0,0.0,0.0,0.0,False
raw,Home loses vs not (synthetic double chance),0.2,4,1000,all,flat,0,0.0,0.0,0.0,0.0,0.0,False
raw,Home loses vs not (synthetic double chance),0.2,4,1000,home,flat,0,0.0,0.0,0.0,0.0,0.0,False
raw,Home loses vs not (synthetic double chance),0.2,4,1000,draw,flat,0,0.0,0.0,0.0,0.0,0.0,False
raw,Home loses vs not (synthetic double chance),0.2,4,1000,away,flat,0,0.0,0.0,0.0,0.0,0.0,False
raw,Home loses vs not (sqrt profit),0,1.01,1000,all,flat,1531,1531.0,-25.526670350822222,-0.016673200751680092,100.40363491572288,-116.26921375717518,True
raw,Home loses vs not (sqrt profit),0,1.01,1000,home,flat,0,0.0,0.0,0.0,0.0,0.0,False
raw,Home loses vs not (sqrt profit),0,1.01,1000,draw,flat,0,0.0,0.0,0.0,0.0,0.0,False
raw,Home loses vs not (sqrt profit),0,1.01,1000,away,flat,1345,1345.0,4.380000000000017,0.003256505576208191,81.55000000000001,-56.22499999999998,True
raw,Home loses vs not (sqrt profit),0,1.01,2,all,flat,63,63.0,-16.058831704650416,-0.2549020905500066,19.744947857100506,-41.99013733785108,False
raw,Home loses vs not (sqrt profit),0,1.01,2,home,flat,0,0.0,0.0,0.0,0.0,0.0,False
raw,Home loses vs not (sqrt profit),0,1.01,2,draw,flat,0,0.0,0.0,0.0,0.0,0.0,False
raw,Home loses vs not (sqrt profit),0,1.01,2,away,flat,40,40.0,-6.01,-0.15025,11.0,-17.52,False
raw,Home loses vs not (sqrt profit),0,2,4,all,flat,827,827.0,-63.80156233880854,-0.07714820113519774,84.55081453986418,-169.87853194754916,True
raw,Home loses vs not (sqrt profit),0,2,4,home,flat,0,0.0,0.0,0.0,0.0,0.0,False
raw,Home loses vs not (sqrt profit),0,2,4,draw,flat,0,0.0,0.0,0.0,0.0,0.0,False
raw,Home loses vs not (sqrt profit),0,2,4,away,flat,698,698.0,-45.0,-0.06446991404011461,66.44000000000001,-123.22,True
raw,Home loses vs not (sqrt profit),0,4,1000,all,flat,691,691.0,44.33372369263675,0.06415878971438024,52.650000000000006,14.867675128544711,True
raw,Home loses vs not (sqrt profit),0,4,1000,home,flat,0,0.0,0.0,0.0,0.0,0.0,False
raw,Home loses vs not (sqrt profit),0,4,1000,draw,flat,0,0.0,0.0,0.0,0.0,0.0,False
raw,Home loses vs not (sqrt profit),0,4,1000,away,flat,654,654.0,42.39,0.0648165137614679,58.8,8.700000000000006,True
raw,Home loses vs not (sqrt profit),0.02,1.01,1000,all,flat,1255,1255.0,6.471104583322592,0.005156258632129556,83.20546358237526,-60.50028486561727,True
raw,Home loses vs not (sqrt profit),0.02,1.01,1000,home,flat,0,0.0,0.0,0.0,0.0,0.0,False
raw,Home loses vs not (sqrt profit),0.02,1.01,1000,draw,flat,0,0.0,0.0,0.0,0.0,0.0,False
raw,Home loses vs not (sqrt profit),0.02,1.01,1000,away,flat,1106,1106.0,37.080000000000005,0.03352622061482821,78.60000000000001,-4.579999999999991,True
raw,Home loses vs not (sqrt profit),0.02,1.01,2,all,flat,25,25.0,-13.575263157894737,-0.5430105263157895,14.425263157894737,-34.363157894736844,False
raw,Home loses vs not (sqrt profit),0.02,1.01,2,home,flat,0,0.0,0.0,0.0,0.0,0.0,False
raw,Home loses vs not (sqrt profit),0.02,1.01,2,draw,flat,0,0.0,0.0,0.0,0.0,0.0,False
raw,Home loses vs not (sqrt profit),0.02,1.01,2,away,flat,14,14.0,-6.42,-0.4585714285714286,7.32,-16.5,False
raw,Home loses vs not (sqrt profit),0.02,2,4,all,flat,639,639.0,-75.35735595141941,-0.11793013450926355,98.25393898645862,-199.8416813960681,True
raw,Home loses vs not (sqrt profit),0.02,2,4,home,flat,0,0.0,0.0,0.0,0.0,0.0,False
raw,Home loses vs not (sqrt profit),0.02,2,4,draw,flat,0,0.0,0.0,0.0,0.0,0.0,False
raw,Home loses vs not (sqrt profit),0.02,2,4,away,flat,536,536.0,-51.959999999999994,-0.09694029850746268,79.33000000000001,-143.58499999999998,True
raw,Home loses vs not (sqrt profit),0.02,4,1000,all,flat,630,630.0,82.40372369263673,0.1307995614168837,40.650000000000006,62.07872369263673,True
raw,Home loses vs not (sqrt profit),0.02,4,1000,home,flat,0,0.0,0.0,0.0,0.0,0.0,False
raw,Home loses vs not (sqrt profit),0.02,4,1000,draw,flat,0,0.0,0.0,0.0,0.0,0.0,False
raw,Home loses vs not (sqrt profit),0.02,4,1000,away,flat,594,594.0,83.46000000000001,0.14050505050505052,46.8,60.06000000000001,True
raw,Home loses vs not (sqrt profit),0.05,1.01,1000,all,flat,948,948.0,3.8532029519572646,0.004064560075904287,85.13169113905576,-74.32456435131141,True
raw,Home loses vs not (sqrt profit),0.05,1.01,1000,home,flat,0,0.0,0.0,0.0,0.0,0.0,False
raw,Home loses vs not (sqrt profit),0.05,1.01,1000,draw,flat,0,0.0,0.0,0.0,0.0,0.0,False
raw,Home loses vs not (sqrt profit),0.05,1.01,1000,away,flat,842,842.0,12.369999999999997,0.014691211401425175,79.34,-46.349999999999994,True
raw,Home loses vs not (sqrt profit),0.05,1.01,2,all,flat,7,7.0,-5.105263157894737,-0.7293233082706767,5.105263157894737,-12.763157894736842,False
raw,Home loses vs not (sqrt profit),0.05,1.01,2,home,flat,0,0.0,0.0,0.0,0.0,0.0,False
raw,Home loses vs not (sqrt profit),0.05,1.01,2,draw,flat,0,0.0,0.0,0.0,0.0,0.0,False
raw,Home loses vs not (sqrt profit),0.05,1.01,2,away,flat,2,2.0,-2.0,-1.0,2.0,-5.0,False
raw,Home loses vs not (sqrt profit),0.05,2,4,all,flat,427,427.0,-26.44525758278474,-0.06193268754750525,64.65492828924943,-99.24359489705822,True
raw,Home loses vs not (sqrt profit),0.05,2,4,home,flat,0,0.0,0.0,0.0,0.0,0.0,False
raw,Home loses vs not (sqrt profit),0.05,2,4,draw,flat,0,0.0,0.0,0.0,0.0,0.0,False
raw,Home loses vs not (sqrt profit),0.05,2,4,away,flat,361,361.0,-21.090000000000003,-0.05842105263157896,54.2,-74.95,True
raw,Home loses vs not (sqrt profit),0.05,4,1000,all,flat,547,547.0,26.403723692636746,0.048270061595313975,48.72676284980632,-3.100706296358453,True
raw,Home loses vs not (sqrt profit),0.05,4,1000,home,flat,0,0.0,0.0,0.0,0.0,0.0,False
raw,Home loses vs not (sqrt profit),0.05,4,1000,draw,flat,0,0.0,0.0,0.0,0.0,0.0,False
raw,Home loses vs not (sqrt profit),0.05,4,1000,away,flat,512,512.0,26.46000000000001,0.05167968750000002,51.739999999999995,-3.6999999999999815,True
raw,Home loses vs not (sqrt profit),0.1,1.01,1000,all,flat,590,590.0,-11.80010168567945,-0.02000017234860924,63.84603489852503,-88.93343974775271,True
raw,Home loses vs not (sqrt profit),0.1,1.01,1000,home,flat,0,0.0,0.0,0.0,0.0,0.0,False
raw,Home loses vs not (sqrt profit),0.1,1.01,1000,draw,flat,0,0.0,0.0,0.0,0.0,0.0,False
raw,Home loses vs not (sqrt profit),0.1,1.01,1000,away,flat,524,524.0,-0.970000000000006,-0.0018511450381679504,64.32,-68.6,True
raw,Home loses vs not (sqrt profit),0.1,1.01,2,all,flat,2,2.0,-2.0,-1.0,2.0,-5.0,False
raw,Home loses vs not (sqrt profit),0.1,1.01,2,home,flat,0,0.0,0.0,0.0,0.0,0.0,False
raw,Home loses vs not (sqrt profit),0.1,1.01,2,draw,flat,0,0.0,0.0,0.0,0.0,0.0,False
raw,Home loses vs not (sqrt profit),0.1,1.01,2,away,flat,0,0.0,0.0,0.0,0.0,0.0,False
raw,Home loses vs not (sqrt profit),0.1,2,4,all,flat,206,206.0,-30.30760916209996,-0.1471243163208736,37.46995718930482,-79.35019691885233,True
raw,Home loses vs not (sqrt profit),0.1,2,4,home,flat,0,0.0,0.0,0.0,0.0,0.0,False
raw,Home loses vs not (sqrt profit),0.1,2,4,draw,flat,0,0.0,0.0,0.0,0.0,0.0,False
raw,Home loses vs not (sqrt profit),0.1,2,4,away,flat,176,176.0,-24.75,-0.140625,34.699999999999996,-66.85,True
raw,Home loses vs not (sqrt profit),0.1,4,1000,all,flat,407,407.0,11.507507476420521,0.028273974143539365,55.22297906602254,-45.541246836899006,True
raw,Home loses vs not (sqrt profit),0.1,4,1000,home,flat,0,0.0,0.0,0.0,0.0,0.0,False
raw,Home loses vs not (sqrt profit),0.1,4,1000,draw,flat,0,0.0,0.0,0.0,0.0,0.0,False
raw,Home loses vs not (sqrt profit),0.1,4,1000,away,flat,373,373.0,14.780000000000008,0.03962466487935659,55.07000000000001,-38.125,True
raw,Home loses vs not (sqrt profit),0.2,1.01,1000,all,flat,177,177.0,-6.432119852772026,-0.03633966018515269,32.0,-37.48509891879457,True
raw,Home loses vs not (sqrt profit),0.2,1.01,1000,home,flat,0,0.0,0.0,0.0,0.0,0.0,False
raw,Home loses vs not (sqrt profit),0.2,1.01,1000,draw,flat,0,0.0,0.0,0.0,0.0,0.0,False
raw,Home loses vs not (sqrt profit),0.2,1.01,1000,away,flat,147,147.0,-5.9,-0.04013605442176871,29.0,-30.299999999999997,True
raw,Home loses vs not (sqrt profit),0.2,1.01,2,all,flat,0,0.0,0.0,0.0,0.0,0.0,False
raw,Home loses vs not (sqrt profit),0.2,1.01,2,home,flat,0,0.0,0.0,0.0,0.0,0.0,False
raw,Home loses vs not (sqrt profit),0.2,1.01,2,draw,flat,0,0.0,0.0,0.0,0.0,0.0,False
raw,Home loses vs not (sqrt profit),0.2,1.01,2,away,flat,0,0.0,0.0,0.0,0.0,0.0,False
raw,Home loses vs not (sqrt profit),0.2,2,4,all,flat,11,11.0,-4.573913043478261,-0.41581027667984194,5.4,-11.847826086956523,False
raw,Home loses vs not (sqrt profit),0.2,2,4,home,flat,0,0.0,0.0,0.0,0.0,0.0,False
raw,Home loses vs not (sqrt profit),0.2,2,4,draw,flat,0,0.0,0.0,0.0,0.0,0.0,False
raw,Home loses vs not (sqrt profit),0.2,2,4,away,flat,2,2.0,1.6,0.8,1.0,0.10000000000000009,False
raw,Home loses vs not (sqrt profit),0.2,4,1000,all,flat,167,167.0,-2.8582068092937636,-0.017115010834094394,31.0,-32.01118587531631,True
raw,Home loses vs not (sqrt profit),0.2,4,1000,home,flat,0,0.0,0.0,0.0,0.0,0.0,False
raw,Home loses vs not (sqrt profit),0.2,4,1000,draw,flat,0,0.0,0.0,0.0,0.0,0.0,False
raw,Home loses vs not (sqrt profit),0.2,4,1000,away,flat,146,146.0,-8.5,-0.05821917808219178,29.0,-35.5,True
raw,Home wins vs not (synthetic double chance),0,1.01,1000,all,flat,299,299.0,-12.54811058783094,-0.04196692504291284,22.980444775059294,-36.58644356319153,True
raw,Home wins vs not (synthetic double chance),0,1.01,1000,home,flat,151,151.0,-2.8800000000000017,-0.019072847682119216,17.07,-19.675000000000004,True
raw,Home wins vs not (synthetic double chance),0,1.01,1000,draw,flat,0,0.0,0.0,0.0,0.0,0.0,False
raw,Home wins vs not (synthetic double chance),0,1.01,1000,away,flat,0,0.0,0.0,0.0,0.0,0.0,False
raw,Home wins vs not (synthetic double chance),0,1.01,2,all,flat,299,299.0,-12.54811058783094,-0.04196692504291284,22.980444775059294,-36.58644356319153,True
raw,Home wins vs not (synthetic double chance),0,1.01,2,home,flat,151,151.0,-2.8800000000000017,-0.019072847682119216,17.07,-19.675000000000004,True
raw,Home wins vs not (synthetic double chance),0,1.01,2,draw,flat,0,0.0,0.0,0.0,0.0,0.0,False
raw,Home wins vs not (synthetic double chance),0,1.01,2,away,flat,0,0.0,0.0,0.0,0.0,0.0,False
raw,Home wins vs not (synthetic double chance),0,2,4,all,flat,1,1.0,-1.0,-1.0,1.0,-2.5,False
raw,Home wins vs not (synthetic double chance),0,2,4,home,flat,1,1.0,-1.0,-1.0,1.0,-2.5,False
raw,Home wins vs not (synthetic double chance),0,2,4,draw,flat,0,0.0,0.0,0.0,0.0,0.0,False
raw,Home wins vs not (synthetic double chance),0,2,4,away,flat,0,0.0,0.0,0.0,0.0,0.0,False
raw,Home wins vs not (synthetic double chance),0,4,1000,all,flat,0,0.0,0.0,0.0,0.0,0.0,False
raw,Home wins vs not (synthetic double chance),0,4,1000,home,flat,0,0.0,0.0,0.0,0.0,0.0,False
raw,Home wins vs not (synthetic double chance),0,4,1000,draw,flat,0,0.0,0.0,0.0,0.0,0.0,False
raw,Home wins vs not (synthetic double chance),0,4,1000,away,flat,0,0.0,0.0,0.0,0.0,0.0,False
raw,Home wins vs not (synthetic double chance),0.02,1.01,1000,all,flat,87,87.0,2.662605632500888,0.030604662442538944,8.898966619264879,-7.048926488177253,False
raw,Home wins vs not (synthetic double chance),0.02,1.01,1000,home,flat,40,40.0,4.6499999999999995,0.11624999999999999,4.049999999999999,1.2449999999999999,False
raw,Home wins vs not (synthetic double chance),0.02,1.01,1000,draw,flat,0,0.0,0.0,0.0,0.0,0.0,False
raw,Home wins vs not (synthetic double chance),0.02,1.01,1000,away,flat,0,0.0,0.0,0.0,0.0,0.0,False
raw,Home wins vs not (synthetic double chance),0.02,1.01,2,all,flat,87,87.0,2.662605632500888,0.030604662442538944,8.898966619264879,-7.048926488177253,False
raw,Home wins vs not (synthetic double chance),0.02,1.01,2,home,flat,40,40.0,4.6499999999999995,0.11624999999999999,4.049999999999999,1.2449999999999999,False
raw,Home wins vs not (synthetic double chance),0.02,1.01,2,draw,flat,0,0.0,0.0,0.0,0.0,0.0,False
raw,Home wins vs not (synthetic double chance),0.02,1.01,2,away,flat,0,0.0,0.0,0.0,0.0,0.0,False
raw,Home wins vs not (synthetic double chance),0.02,2,4,all,flat,0,0.0,0.0,0.0,0.0,0.0,False
raw,Home wins vs not (synthetic double chance),0.02,2,4,home,flat,0,0.0,0.0,0.0,0.0,0.0,False
raw,Home wins vs not (synthetic double chance),0.02,2,4,draw,flat,0,0.0,0.0,0.0,0.0,0.0,False
raw,Home wins vs not (synthetic double chance),0.02,2,4,away,flat,0,0.0,0.0,0.0,0.0,0.0,False
raw,Home wins vs not (synthetic double chance),0.02,4,1000,all,flat,0,0.0,0.0,0.0,0.0,0.0,False
raw,Home wins vs not (synthetic double chance),0.02,4,1000,home,flat,0,0.0,0.0,0.0,0.0,0.0,False
raw,Home wins vs not (synthetic double chance),0.02,4,1000,draw,flat,0,0.0,0.0,0.0,0.0,0.0,False
raw,Home wins vs not (synthetic double chance),0.02,4,1000,away,flat,0,0.0,0.0,0.0,0.0,0.0,False
raw,Home wins vs not (synthetic double chance),0.05,1.01,1000,all,flat,10,10.0,0.6670639947064942,0.06670639947064942,3.0,-3.032936005293506,False
raw,Home wins vs not (synthetic double chance),0.05,1.01,1000,home,flat,5,5.0,0.22999999999999998,0.046,2.0,-2.77,False
raw,Home wins vs not (synthetic double chance),0.05,1.01,1000,draw,flat,0,0.0,0.0,0.0,0.0,0.0,False
raw,Home wins vs not (synthetic double chance),0.05,1.01,1000,away,flat,0,0.0,0.0,0.0,0.0,0.0,False
raw,Home wins vs not (synthetic double chance),0.05,1.01,2,all,flat,10,10.0,0.6670639947064942,0.06670639947064942,3.0,-3.032936005293506,False
raw,Home wins vs not (synthetic double chance),0.05,1.01,2,home,flat,5,5.0,0.22999999999999998,0.046,2.0,-2.77,False
raw,Home wins vs not (synthetic double chance),0.05,1.01,2,draw,flat,0,0.0,0.0,0.0,0.0,0.0,False
raw,Home wins vs not (synthetic double chance),0.05,1.01,2,away,flat,0,0.0,0.0,0.0,0.0,0.0,False
raw,Home wins vs not (synthetic double chance),0.05,2,4,all,flat,0,0.0,0.0,0.0,0.0,0.0,False
raw,Home wins vs not (synthetic double chance),0.05,2,4,home,flat,0,0.0,0.0,0.0,0.0,0.0,False
raw,Home wins vs not (synthetic double chance),0.05,2,4,draw,flat,0,0.0,0.0,0.0,0.0,0.0,False
raw,Home wins vs not (synthetic double chance),0.05,2,4,away,flat,0,0.0,0.0,0.0,0.0,0.0,False
raw,Home wins vs not (synthetic double chance),0.05,4,1000,all,flat,0,0.0,0.0,0.0,0.0,0.0,False
raw,Home wins vs not (synthetic double chance),0.05,4,1000,home,flat,0,0.0,0.0,0.0,0.0,0.0,False
raw,Home wins vs not (synthetic double chance),0.05,4,1000,draw,flat,0,0.0,0.0,0.0,0.0,0.0,False
raw,Home wins vs not (synthetic double chance),0.05,4,1000,away,flat,0,0.0,0.0,0.0,0.0,0.0,False
raw,Home wins vs not (synthetic double chance),0.1,1.01,1000,all,flat,0,0.0,0.0,0.0,0.0,0.0,False
raw,Home wins vs not (synthetic double chance),0.1,1.01,1000,home,flat,0,0.0,0.0,0.0,0.0,0.0,False
raw,Home wins vs not (synthetic double chance),0.1,1.01,1000,draw,flat,0,0.0,0.0,0.0,0.0,0.0,False
raw,Home wins vs not (synthetic double chance),0.1,1.01,1000,away,flat,0,0.0,0.0,0.0,0.0,0.0,False
raw,Home wins vs not (synthetic double chance),0.1,1.01,2,all,flat,0,0.0,0.0,0.0,0.0,0.0,False
raw,Home wins vs not (synthetic double chance),0.1,1.01,2,home,flat,0,0.0,0.0,0.0,0.0,0.0,False
raw,Home wins vs not (synthetic double chance),0.1,1.01,2,draw,flat,0,0.0,0.0,0.0,0.0,0.0,False
raw,Home wins vs not (synthetic double chance),0.1,1.01,2,away,flat,0,0.0,0.0,0.0,0.0,0.0,False
raw,Home wins vs not (synthetic double chance),0.1,2,4,all,flat,0,0.0,0.0,0.0,0.0,0.0,False
raw,Home wins vs not (synthetic double chance),0.1,2,4,home,flat,0,0.0,0.0,0.0,0.0,0.0,False
raw,Home wins vs not (synthetic double chance),0.1,2,4,draw,flat,0,0.0,0.0,0.0,0.0,0.0,False
raw,Home wins vs not (synthetic double chance),0.1,2,4,away,flat,0,0.0,0.0,0.0,0.0,0.0,False
raw,Home wins vs not (synthetic double chance),0.1,4,1000,all,flat,0,0.0,0.0,0.0,0.0,0.0,False
raw,Home wins vs not (synthetic double chance),0.1,4,1000,home,flat,0,0.0,0.0,0.0,0.0,0.0,False
raw,Home wins vs not (synthetic double chance),0.1,4,1000,draw,flat,0,0.0,0.0,0.0,0.0,0.0,False
raw,Home wins vs not (synthetic double chance),0.1,4,1000,away,flat,0,0.0,0.0,0.0,0.0,0.0,False
raw,Home wins vs not (synthetic double chance),0.2,1.01,1000,all,flat,0,0.0,0.0,0.0,0.0,0.0,False
raw,Home wins vs not (synthetic double chance),0.2,1.01,1000,home,flat,0,0.0,0.0,0.0,0.0,0.0,False
raw,Home wins vs not (synthetic double chance),0.2,1.01,1000,draw,flat,0,0.0,0.0,0.0,0.0,0.0,False
raw,Home wins vs not (synthetic double chance),0.2,1.01,1000,away,flat,0,0.0,0.0,0.0,0.0,0.0,False
raw,Home wins vs not (synthetic double chance),0.2,1.01,2,all,flat,0,0.0,0.0,0.0,0.0,0.0,False
raw,Home wins vs not (synthetic double chance),0.2,1.01,2,home,flat,0,0.0,0.0,0.0,0.0,0.0,False
raw,Home wins vs not (synthetic double chance),0.2,1.01,2,draw,flat,0,0.0,0.0,0.0,0.0,0.0,False
raw,Home wins vs not (synthetic double chance),0.2,1.01,2,away,flat,0,0.0,0.0,0.0,0.0,0.0,False
raw,Home wins vs not (synthetic double chance),0.2,2,4,all,flat,0,0.0,0.0,0.0,0.0,0.0,False
raw,Home wins vs not (synthetic double chance),0.2,2,4,home,flat,0,0.0,0.0,0.0,0.0,0.0,False
raw,Home wins vs not (synthetic double chance),0.2,2,4,draw,flat,0,0.0,0.0,0.0,0.0,0.0,False
raw,Home wins vs not (synthetic double chance),0.2,2,4,away,flat,0,0.0,0.0,0.0,0.0,0.0,False
raw,Home wins vs not (synthetic double chance),0.2,4,1000,all,flat,0,0.0,0.0,0.0,0.0,0.0,False
raw,Home wins vs not (synthetic double chance),0.2,4,1000,home,flat,0,0.0,0.0,0.0,0.0,0.0,False
raw,Home wins vs not (synthetic double chance),0.2,4,1000,draw,flat,0,0.0,0.0,0.0,0.0,0.0,False
raw,Home wins vs not (synthetic double chance),0.2,4,1000,away,flat,0,0.0,0.0,0.0,0.0,0.0,False
raw,Home wins vs not (sqrt profit),0,1.01,1000,all,flat,1229,1229.0,-36.705929276650515,-0.02986650063193695,73.93541903571341,-110.37956807115773,True
raw,Home wins vs not (sqrt profit),0,1.01,1000,home,flat,803,803.0,3.3799999999999955,0.004209215442092149,57.480000000000004,-25.360000000000007,True
raw,Home wins vs not (sqrt profit),0,1.01,1000,draw,flat,0,0.0,0.0,0.0,0.0,0.0,False
raw,Home wins vs not (sqrt profit),0,1.01,1000,away,flat,0,0.0,0.0,0.0,0.0,0.0,False
raw,Home wins vs not (sqrt profit),0,1.01,2,all,flat,299,299.0,-12.54811058783094,-0.04196692504291284,22.980444775059294,-36.58644356319153,True
raw,Home wins vs not (sqrt profit),0,1.01,2,home,flat,151,151.0,-2.8800000000000017,-0.019072847682119216,17.07,-19.675000000000004,True
raw,Home wins vs not (sqrt profit),0,1.01,2,draw,flat,0,0.0,0.0,0.0,0.0,0.0,False
raw,Home wins vs not (sqrt profit),0,1.01,2,away,flat,0,0.0,0.0,0.0,0.0,0.0,False
raw,Home wins vs not (sqrt profit),0,2,4,all,flat,460,460.0,-54.77263964174266,-0.11907095574291882,58.41040187950492,-138.7504802232378,True
raw,Home wins vs not (sqrt profit),0,2,4,home,flat,315,315.0,-41.21,-0.13082539682539682,45.41,-105.125,True
raw,Home wins vs not (sqrt profit),0,2,4,draw,flat,0,0.0,0.0,0.0,0.0,0.0,False
raw,Home wins vs not (sqrt profit),0,2,4,away,flat,0,0.0,0.0,0.0,0.0,0.0,False
raw,Home wins vs not (sqrt profit),0,4,1000,all,flat,503,503.0,45.614820952923075,0.09068552873344547,49.224615975422424,21.002512965211864,True
raw,Home wins vs not (sqrt profit),0,4,1000,home,flat,357,357.0,59.46999999999999,0.16658263305322127,42.25,38.34499999999999,True
raw,Home wins vs not (sqrt profit),0,4,1000,draw,flat,0,0.0,0.0,0.0,0.0,0.0,False
raw,Home wins vs not (sqrt profit),0,4,1000,away,flat,0,0.0,0.0,0.0,0.0,0.0,False
raw,Home wins vs not (sqrt profit),0.02,1.01,1000,all,flat,817,817.0,-4.078816297884655,-0.004992431209161145,57.90609742556012,-38.79653284054058,True
raw,Home wins vs not (sqrt profit),0.02,1.01,1000,home,flat,544,544.0,22.000000000000007,0.04044117647058825,55.53,-5.7649999999999935,True
raw,Home wins vs not (sqrt profit),0.02,1.01,1000,draw,flat,0,0.0,0.0,0.0,0.0,0.0,False
raw,Home wins vs not (sqrt profit),0.02,1.01,1000,away,flat,0,0.0,0.0,0.0,0.0,0.0,False
raw,Home wins vs not (sqrt profit),0.02,1.01,2,all,flat,87,87.0,2.662605632500888,0.030604662442538944,8.898966619264879,-7.048926488177253,False
raw,Home wins vs not (sqrt profit),0.02,1.01,2,home,flat,40,40.0,4.6499999999999995,0.11624999999999999,4.049999999999999,1.2449999999999999,False
raw,Home wins vs not (sqrt profit),0.02,1.01,2,draw,flat,0,0.0,0.0,0.0,0.0,0.0,False
raw,Home wins vs not (sqrt profit),0.02,1.01,2,away,flat,0,0.0,0.0,0.0,0.0,0.0,False
raw,Home wins vs not (sqrt profit),0.02,2,4,all,flat,304,304.0,-49.32052859759435,-0.1622385809131393,57.458290835356586,-127.37020261286699,True
raw,Home wins vs not (sqrt profit),0.02,2,4,home,flat,201,201.0,-36.17,-0.1799502487562189,42.07,-93.375,True
raw,Home wins vs not (sqrt profit),0.02,2,4,draw,flat,0,0.0,0.0,0.0,0.0,0.0,False
raw,Home wins vs not (sqrt profit),0.02,2,4,away,flat,0,0.0,0.0,0.0,0.0,0.0,False
raw,Home wins vs not (sqrt profit),0.02,4,1000,all,flat,454,454.0,62.57910666720879,0.13783944199825726,47.22461597542243,38.96679867949757,True
raw,Home wins vs not (sqrt profit),0.02,4,1000,home,flat,321,321.0,67.52,0.21034267912772583,41.25,46.894999999999996,True
raw,Home wins vs not (sqrt profit),0.02,4,1000,draw,flat,0,0.0,0.0,0.0,0.0,0.0,False
raw,Home wins vs not (sqrt profit),0.02,4,1000,away,flat,0,0.0,0.0,0.0,0.0,0.0,False
raw,Home wins vs not (sqrt profit),0.05,1.01,1000,all,flat,517,517.0,-35.66744900952145,-0.06898926307450957,54.917577520238815,-98.7936867791623,True
raw,Home wins vs not (sqrt profit),0.05,1.01,1000,home,flat,348,348.0,-9.589999999999998,-0.02755747126436781,39.65,-40.035,True
raw,Home wins vs not (sqrt profit),0.05,1.01,1000,draw,flat,0,0.0,0.0,0.0,0.0,0.0,False
raw,Home wins vs not (sqrt profit),0.05,1.01,1000,away,flat,0,0.0,0.0,0.0,0.0,0.0,False
raw,Home wins vs not (sqrt profit),0.05,1.01,2,all,flat,10,10.0,0.6670639947064942,0.06670639947064942,3.0,-3.032936005293506,False
raw,Home wins vs not (sqrt profit),0.05,1.01,2,home,flat,5,5.0,0.22999999999999998,0.046,2.0,-2.77,False
raw,Home wins vs not (sqrt profit),0.05,1.01,2,draw,flat,0,0.0,0.0,0.0,0.0,0.0,False
raw,Home wins vs not (sqrt profit),0.05,1.01,2,away,flat,0,0.0,0.0,0.0,0.0,0.0,False
raw,Home wins vs not (sqrt profit),0.05,2,4,all,flat,139,139.0,-28.612011157063257,-0.20584180688534717,30.612011157063257,-72.53002789265815,True
raw,Home wins vs not (sqrt profit),0.05,2,4,home,flat,81,81.0,-16.9,-0.20864197530864195,23.95,-49.825,False
raw,Home wins vs not (sqrt profit),0.05,2,4,draw,flat,0,0.0,0.0,0.0,0.0,0.0,False
raw,Home wins vs not (sqrt profit),0.05,2,4,away,flat,0,0.0,0.0,0.0,0.0,0.0,False
raw,Home wins vs not (sqrt profit),0.05,4,1000,all,flat,385,385.0,3.277498152835303,0.008512982215156631,44.99880952380953,-35.373128916174124,True
raw,Home wins vs not (sqrt profit),0.05,4,1000,home,flat,273,273.0,16.08,0.058901098901098896,37.25,-2.5450000000000017,True
raw,Home wins vs not (sqrt profit),0.05,4,1000,draw,flat,0,0.0,0.0,0.0,0.0,0.0,False
raw,Home wins vs not (sqrt profit),0.05,4,1000,away,flat,0,0.0,0.0,0.0,0.0,0.0,False
raw,Home wins vs not (sqrt profit),0.1,1.01,1000,all,flat,297,297.0,-4.241218581730479,-0.014280197244883767,48.44166666666666,-46.758961553704864,True
raw,Home wins vs not (sqrt profit),0.1,1.01,1000,home,flat,212,212.0,25.1,0.11839622641509434,28.95,10.625000000000002,True
raw,Home wins vs not (sqrt profit),0.1,1.01,1000,draw,flat,0,0.0,0.0,0.0,0.0,0.0,False
raw,Home wins vs not (sqrt profit),0.1,1.01,1000,away,flat,0,0.0,0.0,0.0,0.0,0.0,False
raw,Home wins vs not (sqrt profit),0.1,1.01,2,all,flat,0,0.0,0.0,0.0,0.0,0.0,False
raw,Home wins vs not (sqrt profit),0.1,1.01,2,home,flat,0,0.0,0.0,0.0,0.0,0.0,False
raw,Home wins vs not (sqrt profit),0.1,1.01,2,draw,flat,0,0.0,0.0,0.0,0.0,0.0,False
raw,Home wins vs not (sqrt profit),0.1,1.01,2,away,flat,0,0.0,0.0,0.0,0.0,0.0,False
raw,Home wins vs not (sqrt profit),0.1,2,4,all,flat,40,40.0,-14.586163522012578,-0.36465408805031446,15.58616352201258,-36.965408805031444,False
raw,Home wins vs not (sqrt profit),0.1,2,4,home,flat,21,21.0,-5.9,-0.28095238095238095,9.2,-16.4,False
raw,Home wins vs not (sqrt profit),0.1,2,4,draw,flat,0,0.0,0.0,0.0,0.0,0.0,False
raw,Home wins vs not (sqrt profit),0.1,2,4,away,flat,0,0.0,0.0,0.0,0.0,0.0,False
raw,Home wins vs not (sqrt profit),0.1,4,1000,all,flat,263,263.0,12.344944940282094,0.04693895414555929,45.24166666666667,-18.419967843013048,True
raw,Home wins vs not (sqrt profit),0.1,4,1000,home,flat,197,197.0,33.0,0.16751269035532995,29.75,18.125,True
raw,Home wins vs not (sqrt profit),0.1,4,1000,draw,flat,0,0.0,0.0,0.0,0.0,0.0,False
raw,Home wins vs not (sqrt profit),0.1,4,1000,away,flat,0,0.0,0.0,0.0,0.0,0.0,False
raw,Home wins vs not (sqrt profit),0.2,1.01,1000,all,flat,109,109.0,3.5227272727272734,0.03231859883236031,24.0,-22.204545454545453,True
raw,Home wins vs not (sqrt profit),0.2,1.01,1000,home,flat,93,93.0,14.75,0.1586021505376344,19.0,2.75,False
raw,Home wins vs not (sqrt profit),0.2,1.01,1000,draw,flat,0,0.0,0.0,0.0,0.0,0.0,False
raw,Home wins vs not (sqrt profit),0.2,1.01,1000,away,flat,0,0.0,0.0,0.0,0.0,0.0,False
raw,Home wins vs not (sqrt profit),0.2,1.01,2,all,flat,0,0.0,0.0,0.0,0.0,0.0,False
raw,Home wins vs not (sqrt profit),0.2,1.01,2,home,flat,0,0.0,0.0,0.0,0.0,0.0,False
raw,Home wins vs not (sqrt profit),0.2,1.01,2,draw,flat,0,0.0,0.0,0.0,0.0,0.0,False
raw,Home wins vs not (sqrt profit),0.2,1.01,2,away,flat,0,0.0,0.0,0.0,0.0,0.0,False
raw,Home wins vs not (sqrt profit),0.2,2,4,all,flat,1,1.0,-1.0,-1.0,1.0,-2.5,False
raw,Home wins vs not (sqrt profit),0.2,2,4,home,flat,1,1.0,-1.0,-1.0,1.0,-2.5,False
raw,Home wins vs not (sqrt profit),0.2,2,4,draw,flat,0,0.0,0.0,0.0,0.0,0.0,False
raw,Home wins vs not (sqrt profit),0.2,2,4,away,flat,0,0.0,0.0,0.0,0.0,0.0,False
raw,Home wins vs not (sqrt profit),0.2,4,1000,all,flat,109,109.0,3.5227272727272734,0.03231859883236031,24.0,-22.204545454545453,True
raw,Home wins vs not (sqrt profit),0.2,4,1000,home,flat,93,93.0,14.75,0.1586021505376344,19.0,2.75,False
raw,Home wins vs not (sqrt profit),0.2,4,1000,draw,flat,0,0.0,0.0,0.0,0.0,0.0,False
raw,Home wins vs not (sqrt profit),0.2,4,1000,away,flat,0,0.0,0.0,0.0,0.0,0.0,False
calibrated,Most likely outcome,0,1.01,1000,all,flat,738,738.0,-61.239999999999995,-0.08298102981029809,68.86000000000007,-156.91000000000003,True
calibrated,Most likely outcome,0,1.01,1000,home,flat,558,558.0,-47.63,-0.0853584229390681,54.92000000000004,-122.72000000000003,True
calibrated,Most likely outcome,0,1.01,1000,draw,flat,0,0.0,0.0,0.0,0.0,0.0,False
calibrated,Most likely outcome,0,1.01,1000,away,flat,180,180.0,-13.609999999999996,-0.07561111111111109,26.16,-40.3,True
calibrated,Most likely outcome,0,1.01,2,all,flat,577,577.0,-24.82,-0.043015597920277295,43.379999999999995,-75.97999999999999,True
calibrated,Most likely outcome,0,1.01,2,home,flat,462,462.0,-27.98,-0.06056277056277056,41.00000000000001,-79.32000000000001,True
calibrated,Most likely outcome,0,1.01,2,draw,flat,0,0.0,0.0,0.0,0.0,0.0,False
calibrated,Most likely outcome,0,1.01,2,away,flat,115,115.0,3.160000000000004,0.027478260869565254,13.46,-3.5699999999999963,True
calibrated,Most likely outcome,0,2,4,all,flat,170,170.0,-37.42,-0.22011764705882353,43.79000000000001,-96.73500000000001,True
calibrated,Most likely outcome,0,2,4,home,flat,99,99.0,-20.650000000000002,-0.2085858585858586,27.490000000000006,-56.775000000000006,False
calibrated,Most likely outcome,0,2,4,draw,flat,0,0.0,0.0,0.0,0.0,0.0,False
calibrated,Most likely outcome,0,2,4,away,flat,71,71.0,-16.77,-0.23619718309859156,21.250000000000004,-44.165000000000006,False
calibrated,Most likely outcome,0,4,1000,all,flat,0,0.0,0.0,0.0,0.0,0.0,False
calibrated,Most likely outcome,0,4,1000,home,flat,0,0.0,0.0,0.0,0.0,0.0,False
calibrated,Most likely outcome,0,4,1000,draw,flat,0,0.0,0.0,0.0,0.0,0.0,False
calibrated,Most likely outcome,0,4,1000,away,flat,0,0.0,0.0,0.0,0.0,0.0,False
calibrated,Most likely outcome,0.02,1.01,1000,all,flat,376,376.0,-42.47,-0.11295212765957446,53.94000000000003,-111.91000000000001,True
calibrated,Most likely outcome,0.02,1.01,1000,home,flat,302,302.0,-23.450000000000003,-0.07764900662251657,32.72000000000001,-63.260000000000005,True
calibrated,Most likely outcome,0.02,1.01,1000,draw,flat,0,0.0,0.0,0.0,0.0,0.0,False
calibrated,Most likely outcome,0.02,1.01,1000,away,flat,74,74.0,-19.019999999999996,-0.25702702702702696,21.69,-48.88499999999999,False
calibrated,Most likely outcome,0.02,1.01,2,all,flat,301,301.0,-21.9,-0.07275747508305648,32.89,-64.205,True
calibrated,Most likely outcome,0.02,1.01,2,home,flat,261,261.0,-16.689999999999998,-0.06394636015325669,27.020000000000003,-53.19,True
calibrated,Most likely outcome,0.02,1.01,2,draw,flat,0,0.0,0.0,0.0,0.0,0.0,False
calibrated,Most likely outcome,0.02,1.01,2,away,flat,40,40.0,-5.209999999999999,-0.13024999999999998,9.02,-14.929999999999998,False
calibrated,Most likely outcome,0.02,2,4,all,flat,78,78.0,-21.57,-0.27653846153846157,25.080000000000005,-55.68,False
calibrated,Most likely outcome,0.02,2,4,home,flat,42,42.0,-7.759999999999999,-0.18476190476190474,15.0,-28.459999999999997,False
calibrated,Most likely outcome,0.02,2,4,draw,flat,0,0.0,0.0,0.0,0.0,0.0,False
calibrated,Most likely outcome,0.02,2,4,away,flat,36,36.0,-13.809999999999999,-0.38361111111111107,13.95,-34.595,False
calibrated,Most likely outcome,0.02,4,1000,all,flat,0,0.0,0.0,0.0,0.0,0.0,False
calibrated,Most likely outcome,0.02,4,1000,home,flat,0,0.0,0.0,0.0,0.0,0.0,False
calibrated,Most likely outcome,0.02,4,1000,draw,flat,0,0.0,0.0,0.0,0.0,0.0,False
calibrated,Most likely outcome,0.02,4,1000,away,flat,0,0.0,0.0,0.0,0.0,0.0,False
calibrated,Most likely outcome,0.05,1.01,1000,all,flat,89,89.0,2.5699999999999985,0.028876404494382005,8.22,-2.490000000000002,False
calibrated,Most likely outcome,0.05,1.01,1000,home,flat,79,79.0,2.4499999999999993,0.031012658227848093,7.229999999999999,-1.165,False
calibrated,Most likely outcome,0.05,1.01,1000,draw,flat,0,0.0,0.0,0.0,0.0,0.0,False
calibrated,Most likely outcome,0.05,1.01,1000,away,flat,10,10.0,0.11999999999999988,0.011999999999999988,4.0,-2.88,False
calibrated,Most likely outcome,0.05,1.01,2,all,flat,71,71.0,6.879999999999999,0.0969014084507042,5.1000000000000005,4.329999999999998,False
calibrated,Most likely outcome,0.05,1.01,2,home,flat,69,69.0,7.35,0.10652173913043478,5.1000000000000005,4.799999999999999,False
calibrated,Most likely outcome,0.05,1.01,2,draw,flat,0,0.0,0.0,0.0,0.0,0.0,False
calibrated,Most likely outcome,0.05,1.01,2,away,flat,2,2.0,-0.47,-0.235,1.0,-1.44,False
calibrated,Most likely outcome,0.05,2,4,all,flat,19,19.0,-5.3100000000000005,-0.2794736842105263,7.0,-14.120000000000001,False
calibrated,Most likely outcome,0.05,2,4,home,flat,11,11.0,-5.9,-0.5363636363636364,6.0,-14.8,False
calibrated,Most likely outcome,0.05,2,4,draw,flat,0,0.0,0.0,0.0,0.0,0.0,False
calibrated,Most likely outcome,0.05,2,4,away,flat,8,8.0,0.5899999999999999,0.07374999999999998,4.0,-2.41,False
calibrated,Most likely outcome,0.05,4,1000,all,flat,0,0.0,0.0,0.0,0.0,0.0,False
calibrated,Most likely outcome,0.05,4,1000,home,flat,0,0.0,0.0,0.0,0.0,0.0,False
calibrated,Most likely outcome,0.05,4,1000,draw,flat,0,0.0,0.0,0.0,0.0,0.0,False
calibrated,Most likely outcome,0.05,4,1000,away,flat,0,0.0,0.0,0.0,0.0,0.0,False
calibrated,Most likely outcome,0.1,1.01,1000,all,flat,8,8.0,-4.9399999999999995,-0.6174999999999999,6.0,-12.879999999999999,False
calibrated,Most likely outcome,0.1,1.01,1000,home,flat,8,8.0,-4.9399999999999995,-0.6174999999999999,6.0,-12.879999999999999,False
calibrated,Most likely outcome,0.1,1.01,1000,draw,flat,0,0.0,0.0,0.0,0.0,0.0,False
calibrated,Most likely outcome,0.1,1.01,1000,away,flat,0,0.0,0.0,0.0,0.0,0.0,False
calibrated,Most likely outcome,0.1,1.01,2,all,flat,3,3.0,0.06000000000000005,0.020000000000000018,1.0,-1.44,False
calibrated,Most likely outcome,0.1,1.01,2,home,flat,3,3.0,0.06000000000000005,0.020000000000000018,1.0,-1.44,False
calibrated,Most likely outcome,0.1,1.01,2,draw,flat,0,0.0,0.0,0.0,0.0,0.0,False
calibrated,Most likely outcome,0.1,1.01,2,away,flat,0,0.0,0.0,0.0,0.0,0.0,False
calibrated,Most likely outcome,0.1,2,4,all,flat,5,5.0,-5.0,-1.0,5.0,-12.5,False
calibrated,Most likely outcome,0.1,2,4,home,flat,5,5.0,-5.0,-1.0,5.0,-12.5,False
calibrated,Most likely outcome,0.1,2,4,draw,flat,0,0.0,0.0,0.0,0.0,0.0,False
calibrated,Most likely outcome,0.1,2,4,away,flat,0,0.0,0.0,0.0,0.0,0.0,False
calibrated,Most likely outcome,0.1,4,1000,all,flat,0,0.0,0.0,0.0,0.0,0.0,False
calibrated,Most likely outcome,0.1,4,1000,home,flat,0,0.0,0.0,0.0,0.0,0.0,False
calibrated,Most likely outcome,0.1,4,1000,draw,flat,0,0.0,0.0,0.0,0.0,0.0,False
calibrated,Most likely outcome,0.1,4,1000,away,flat,0,0.0,0.0,0.0,0.0,0.0,False
calibrated,Most likely outcome,0.2,1.01,1000,all,flat,0,0.0,0.0,0.0,0.0,0.0,False
calibrated,Most likely outcome,0.2,1.01,1000,home,flat,0,0.0,0.0,0.0,0.0,0.0,False
calibrated,Most likely outcome,0.2,1.01,1000,draw,flat,0,0.0,0.0,0.0,0.0,0.0,False
calibrated,Most likely outcome,0.2,1.01,1000,away,flat,0,0.0,0.0,0.0,0.0,0.0,False
calibrated,Most likely outcome,0.2,1.01,2,all,flat,0,0.0,0.0,0.0,0.0,0.0,False
calibrated,Most likely outcome,0.2,1.01,2,home,flat,0,0.0,0.0,0.0,0.0,0.0,False
calibrated,Most likely outcome,0.2,1.01,2,draw,flat,0,0.0,0.0,0.0,0.0,0.0,False
calibrated,Most likely outcome,0.2,1.01,2,away,flat,0,0.0,0.0,0.0,0.0,0.0,False
calibrated,Most likely outcome,0.2,2,4,all,flat,0,0.0,0.0,0.0,0.0,0.0,False
calibrated,Most likely outcome,0.2,2,4,home,flat,0,0.0,0.0,0.0,0.0,0.0,False
calibrated,Most likely outcome,0.2,2,4,draw,flat,0,0.0,0.0,0.0,0.0,0.0,False
calibrated,Most likely outcome,0.2,2,4,away,flat,0,0.0,0.0,0.0,0.0,0.0,False
calibrated,Most likely outcome,0.2,4,1000,all,flat,0,0.0,0.0,0.0,0.0,0.0,False
calibrated,Most likely outcome,0.2,4,1000,home,flat,0,0.0,0.0,0.0,0.0,0.0,False
calibrated,Most likely outcome,0.2,4,1000,draw,flat,0,0.0,0.0,0.0,0.0,0.0,False
calibrated,Most likely outcome,0.2,4,1000,away,flat,0,0.0,0.0,0.0,0.0,0.0,False
calibrated,Expected return > 1,0,1.01,1000,all,flat,1739,1739.0,-124.87999999999998,-0.07181138585393904,165.17000000000007,-332.345,True
calibrated,Expected return > 1,0,1.01,1000,home,flat,787,787.0,-44.879999999999995,-0.057026683608640404,66.34000000000002,-122.93,True
calibrated,Expected return > 1,0,1.01,1000,draw,flat,572,572.0,-62.39000000000001,-0.10907342657342659,91.94999999999999,-171.38500000000002,True
calibrated,Expected return > 1,0,1.01,1000,away,flat,380,380.0,-17.61,-0.04634210526315789,44.39,-57.894999999999996,True
calibrated,Expected return > 1,0,1.01,2,all,flat,545,545.0,-30.06,-0.05515596330275229,43.84000000000002,-82.04,True
calibrated,Expected return > 1,0,1.01,2,home,flat,441,441.0,-28.990000000000006,-0.06573696145124718,41.490000000000016,-79.56500000000001,True
calibrated,Expected return > 1,0,1.01,2,draw,flat,0,0.0,0.0,0.0,0.0,0.0,False
calibrated,Expected return > 1,0,1.01,2,away,flat,104,104.0,-1.069999999999998,-0.01028846153846152,14.829999999999998,-11.314999999999996,True
calibrated,Expected return > 1,0,2,4,all,flat,810,810.0,-66.24,-0.08177777777777777,92.07,-178.515,True
calibrated,Expected return > 1,0,2,4,home,flat,175,175.0,-30.97,-0.17697142857142856,36.44,-80.16,True
calibrated,Expected return > 1,0,2,4,draw,flat,416,416.0,-4.100000000000001,-0.009855769230769234,53.650000000000006,-55.22500000000001,True
calibrated,Expected return > 1,0,2,4,away,flat,219,219.0,-31.17,-0.14232876712328768,41.31,-82.995,True
calibrated,Expected return > 1,0,4,1000,all,flat,453,453.0,-29.580000000000002,-0.06529801324503312,58.49,-88.405,True
calibrated,Expected return > 1,0,4,1000,home,flat,185,185.0,23.08,0.12475675675675675,24.25,10.954999999999998,True
calibrated,Expected return > 1,0,4,1000,draw,flat,191,191.0,-61.29,-0.3208900523560209,70.29,-157.725,True
calibrated,Expected return > 1,0,4,1000,away,flat,77,77.0,8.630000000000003,0.11207792207792211,13.0,2.1300000000000026,False
calibrated,Expected return > 1,0.02,1.01,1000,all,flat,1102,1102.0,-109.88,-0.09970961887477313,140.77000000000004,-290.145,True
calibrated,Expected return > 1,0.02,1.01,1000,home,flat,502,502.0,-4.9399999999999995,-0.009840637450199202,33.22999999999999,-30.99499999999999,True
calibrated,Expected return > 1,0.02,1.01,1000,draw,flat,373,373.0,-69.6,-0.18659517426273456,81.25000000000001,-179.825,True
calibrated,Expected return > 1,0.02,1.01,1000,away,flat,227,227.0,-35.34,-0.15568281938325992,44.10999999999999,-92.735,True
calibrated,Expected return > 1,0.02,1.01,2,all,flat,293,293.0,-22.740000000000002,-0.0776109215017065,32.87,-62.754999999999995,True
calibrated,Expected return > 1,0.02,1.01,2,home,flat,256,256.0,-17.11,-0.0668359375,26.64,-52.14,True
calibrated,Expected return > 1,0.02,1.01,2,draw,flat,0,0.0,0.0,0.0,0.0,0.0,False
calibrated,Expected return > 1,0.02,1.01,2,away,flat,37,37.0,-5.629999999999999,-0.15216216216216213,8.74,-15.629999999999999,False
calibrated,Expected return > 1,0.02,2,4,all,flat,516,516.0,-68.47,-0.1326937984496124,87.40999999999998,-180.64499999999998,True
calibrated,Expected return > 1,0.02,2,4,home,flat,99,99.0,-17.41,-0.17585858585858585,23.209999999999997,-46.425,False
calibrated,Expected return > 1,0.02,2,4,draw,flat,271,271.0,-13.75,-0.0507380073800738,41.25,-51.275000000000006,True
calibrated,Expected return > 1,0.02,2,4,away,flat,146,146.0,-37.31,-0.25554794520547947,49.050000000000004,-99.14500000000001,True
calibrated,Expected return > 1,0.02,4,1000,all,flat,338,338.0,-13.670000000000002,-0.04044378698224853,48.47,-51.575,True
calibrated,Expected return > 1,0.02,4,1000,home,flat,159,159.0,37.58,0.23635220125786163,23.5,25.83,True
calibrated,Expected return > 1,0.02,4,1000,draw,flat,126,126.0,-51.849999999999994,-0.4115079365079365,58.35,-132.875,True
calibrated,Expected return > 1,0.02,4,1000,away,flat,53,53.0,0.5999999999999996,0.011320754716981126,9.8,-4.700000000000001,False
calibrated,Expected return > 1,0.05,1.01,1000,all,flat,480,480.0,-45.879999999999995,-0.09558333333333333,65.46000000000001,-124.49,True
calibrated,Expected return > 1,0.05,1.01,1000,home,flat,227,227.0,32.050000000000004,0.14118942731277534,20.27,21.915000000000006,True
calibrated,Expected return > 1,0.05,1.01,1000,draw,flat,163,163.0,-58.60000000000001,-0.35950920245398776,63.35,-148.875,True
calibrated,Expected return > 1,0.05,1.01,1000,away,flat,90,90.0,-19.33,-0.21477777777777776,22.729999999999997,-50.02499999999999,False
calibrated,Expected return > 1,0.05,1.01,2,all,flat,71,71.0,6.879999999999999,0.0969014084507042,5.1000000000000005,4.329999999999998,False
calibrated,Expected return > 1,0.05,1.01,2,home,flat,69,69.0,7.35,0.10652173913043478,5.1000000000000005,4.799999999999999,False
calibrated,Expected return > 1,0.05,1.01,2,draw,flat,0,0.0,0.0,0.0,0.0,0.0,False
calibrated,Expected return > 1,0.05,1.01,2,away,flat,2,2.0,-0.47,-0.235,1.0,-1.44,False
calibrated,Expected return > 1,0.05,2,4,all,flat,216,216.0,-42.41,-0.19634259259259257,48.800000000000004,-109.22,True
calibrated,Expected return > 1,0.05,2,4,home,flat,39,39.0,-9.05,-0.23205128205128206,11.049999999999999,-23.625,False
calibrated,Expected return > 1,0.05,2,4,draw,flat,115,115.0,-20.3,-0.17652173913043478,27.849999999999998,-54.525000000000006,True
calibrated,Expected return > 1,0.05,2,4,away,flat,62,62.0,-13.06,-0.2106451612903226,16.700000000000003,-34.470000000000006,False
calibrated,Expected return > 1,0.05,4,1000,all,flat,218,218.0,-7.350000000000001,-0.03371559633027524,46.25,-44.825,True
calibrated,Expected return > 1,0.05,4,1000,home,flat,126,126.0,34.75,0.2757936507936508,17.75,25.875,True
calibrated,Expected return > 1,0.05,4,1000,draw,flat,61,61.0,-31.3,-0.5131147540983607,34.5,-79.85,False
calibrated,Expected return > 1,0.05,4,1000,away,flat,31,31.0,-10.8,-0.34838709677419355,14.0,-28.6,False
calibrated,Expected return > 1,0.1,1.01,1000,all,flat,123,123.0,-1.389999999999997,-0.011300813008130057,21.97,-16.014999999999993,True
calibrated,Expected return > 1,0.1,1.01,1000,home,flat,94,94.0,7.810000000000002,0.08308510638297875,17.97,-1.1749999999999972,False
calibrated,Expected return > 1,0.1,1.01,1000,draw,flat,18,18.0,-1.7999999999999998,-0.09999999999999999,9.0,-8.3,False
calibrated,Expected return > 1,0.1,1.01,1000,away,flat,11,11.0,-7.4,-0.6727272727272727,7.4,-18.5,False
calibrated,Expected return > 1,0.1,1.01,2,all,flat,3,3.0,0.06000000000000005,0.020000000000000018,1.0,-1.44,False
calibrated,Expected return > 1,0.1,1.01,2,home,flat,3,3.0,0.06000000000000005,0.020000000000000018,1.0,-1.44,False
calibrated,Expected return > 1,0.1,1.01,2,draw,flat,0,0.0,0.0,0.0,0.0,0.0,False
calibrated,Expected return > 1,0.1,1.01,2,away,flat,0,0.0,0.0,0.0,0.0,0.0,False
calibrated,Expected return > 1,0.1,2,4,all,flat,17,17.0,2.6,0.15294117647058825,4.0,-0.7999999999999998,False
calibrated,Expected return > 1,0.1,2,4,home,flat,8,8.0,-4.0,-0.5,6.0,-11.0,False
calibrated,Expected return > 1,0.1,2,4,draw,flat,5,5.0,7.0,1.4,1.0,6.5,False
calibrated,Expected return > 1,0.1,2,4,away,flat,4,4.0,-0.3999999999999999,-0.09999999999999998,2.0,-1.7999999999999998,False
calibrated,Expected return > 1,0.1,4,1000,all,flat,110,110.0,4.949999999999999,0.04499999999999999,19.5,-7.100000000000001,True
calibrated,Expected return > 1,0.1,4,1000,home,flat,86,86.0,12.75,0.14825581395348839,16.0,4.75,False
calibrated,Expected return > 1,0.1,4,1000,draw,flat,17,17.0,-0.7999999999999998,-0.04705882352941176,8.0,-5.8,False
calibrated,Expected return > 1,0.1,4,1000,away,flat,7,7.0,-7.0,-1.0,7.0,-17.5,False
calibrated,Expected return > 1,0.2,1.01,1000,all,flat,48,48.0,10.25,0.21354166666666666,13.0,3.75,False
calibrated,Expected return > 1,0.2,1.01,1000,home,flat,47,47.0,11.25,0.2393617021276596,13.0,4.75,False
calibrated,Expected return > 1,0.2,1.01,1000,draw,flat,0,0.0,0.0,0.0,0.0,0.0,False
calibrated,Expected return > 1,0.2,1.01,1000,away,flat,1,1.0,-1.0,-1.0,1.0,-2.5,False
calibrated,Expected return > 1,0.2,1.01,2,all,flat,0,0.0,0.0,0.0,0.0,0.0,False
calibrated,Expected return > 1,0.2,1.01,2,home,flat,0,0.0,0.0,0.0,0.0,0.0,False
calibrated,Expected return > 1,0.2,1.01,2,draw,flat,0,0.0,0.0,0.0,0.0,0.0,False
calibrated,Expected return > 1,0.2,1.01,2,away,flat,0,0.0,0.0,0.0,0.0,0.0,False
calibrated,Expected return > 1,0.2,2,4,all,flat,1,1.0,-1.0,-1.0,1.0,-2.5,False
calibrated,Expected return > 1,0.2,2,4,home,flat,1,1.0,-1.0,-1.0,1.0,-2.5,False
calibrated,Expected return > 1,0.2,2,4,draw,flat,0,0.0,0.0,0.0,0.0,0.0,False
calibrated,Expected return > 1,0.2,2,4,away,flat,0,0.0,0.0,0.0,0.0,0.0,False
calibrated,Expected return > 1,0.2,4,1000,all,flat,48,48.0,10.25,0.21354166666666666,13.0,3.75,False
calibrated,Expected return > 1,0.2,4,1000,home,flat,47,47.0,11.25,0.2393617021276596,13.0,4.75,False
calibrated,Expected return > 1,0.2,4,1000,draw,flat,0,0.0,0.0,0.0,0.0,0.0,False
calibrated,Expected return > 1,0.2,4,1000,away,flat,1,1.0,-1.0,-1.0,1.0,-2.5,False
calibrated,Log odds weighting,0,1.01,1000,all,flat,1327,1327.0,-127.10999999999999,-0.09578749058025621,157.17000000000002,-332.805,True
calibrated,Log odds weighting,0,1.01,1000,home,flat,445,445.0,-29.020000000000003,-0.06521348314606742,49.47999999999999,-82.78,True
calibrated,Log odds weighting,0,1.01,1000,draw,flat,598,598.0,-61.790000000000006,-0.10332775919732443,88.19999999999999,-167.76,True
calibrated,Log odds weighting,0,1.01,1000,away,flat,284,284.0,-36.300000000000004,-0.12781690140845073,50.39999999999999,-97.80000000000001,True
calibrated,Log odds weighting,0,1.01,2,all,flat,214,214.0,-4.449999999999999,-0.020794392523364482,18.17,-20.825,True
calibrated,Log odds weighting,0,1.01,2,home,flat,151,151.0,-0.02000000000000135,-0.00013245033112583676,12.96,-11.670000000000002,True
calibrated,Log odds weighting,0,1.01,2,draw,flat,0,0.0,0.0,0.0,0.0,0.0,False
calibrated,Log odds weighting,0,1.01,2,away,flat,63,63.0,-4.43,-0.0703174603174603,12.729999999999999,-15.224999999999998,False
calibrated,Log odds weighting,0,2,4,all,flat,812,812.0,-58.7,-0.07229064039408867,83.60000000000002,-159.20000000000002,True
calibrated,Log odds weighting,0,2,4,home,flat,187,187.0,-29.579999999999995,-0.15818181818181815,35.85,-77.085,True
calibrated,Log odds weighting,0,2,4,draw,flat,412,412.0,1.3499999999999943,0.0032766990291262,45.1,-39.55000000000001,True
calibrated,Log odds weighting,0,2,4,away,flat,213,213.0,-30.470000000000002,-0.14305164319248828,41.61,-81.745,True
calibrated,Log odds weighting,0,4,1000,all,flat,377,377.0,-67.96000000000001,-0.18026525198938995,95.41000000000001,-183.62500000000003,True
calibrated,Log odds weighting,0,4,1000,home,flat,121,121.0,8.579999999999998,0.0709090909090909,28.75,-13.795000000000002,True
calibrated,Log odds weighting,0,4,1000,draw,flat,229,229.0,-70.14,-0.3062882096069869,82.34000000000002,-181.45,True
calibrated,Log odds weighting,0,4,1000,away,flat,27,27.0,-6.3999999999999995,-0.23703703703703702,11.0,-18.299999999999997,False
calibrated,Log odds weighting,0.02,1.01,1000,all,flat,903,903.0,-119.8,-0.1326688815060908,148.08,-313.64,True
calibrated,Log odds weighting,0.02,1.01,1000,home,flat,329,329.0,-7.729999999999999,-0.02349544072948328,35.510000000000005,-42.364999999999995,True
calibrated,Log odds weighting,0.02,1.01,1000,draw,flat,383,383.0,-66.44999999999999,-0.17349869451697125,81.50000000000003,-173.64999999999998,True
calibrated,Log odds weighting,0.02,1.01,1000,away,flat,191,191.0,-45.620000000000005,-0.23884816753926705,57.89,-120.185,True
calibrated,Log odds weighting,0.02,1.01,2,all,flat,164,164.0,-9.06,-0.05524390243902439,16.519999999999996,-27.11,True
calibrated,Log odds weighting,0.02,1.01,2,home,flat,128,128.0,-3.3500000000000014,-0.02617187500000001,13.99,-16.665000000000003,True
calibrated,Log odds weighting,0.02,1.01,2,draw,flat,0,0.0,0.0,0.0,0.0,0.0,False
calibrated,Log odds weighting,0.02,1.01,2,away,flat,36,36.0,-5.709999999999999,-0.1586111111111111,9.239999999999998,-16.04,False
calibrated,Log odds weighting,0.02,2,4,all,flat,507,507.0,-57.620000000000005,-0.11364891518737673,75.35999999999999,-152.92000000000002,True
calibrated,Log odds weighting,0.02,2,4,home,flat,103,103.0,-15.96,-0.1549514563106796,23.56,-43.7,True
calibrated,Log odds weighting,0.02,2,4,draw,flat,260,260.0,-6.3500000000000005,-0.024423076923076926,37.400000000000006,-39.550000000000004,True
calibrated,Log odds weighting,0.02,2,4,away,flat,144,144.0,-35.31,-0.24520833333333336,47.05,-94.14500000000001,True
calibrated,Log odds weighting,0.02,4,1000,all,flat,278,278.0,-49.12,-0.17669064748201438,73.37,-134.925,True
calibrated,Log odds weighting,0.02,4,1000,home,flat,110,110.0,19.58,0.178,21.75,6.704999999999998,True
calibrated,Log odds weighting,0.02,4,1000,draw,flat,148,148.0,-57.099999999999994,-0.38581081081081076,63.6,-146.0,True
calibrated,Log odds weighting,0.02,4,1000,away,flat,20,20.0,-11.6,-0.58,11.6,-29.0,False
calibrated,Log odds weighting,0.05,1.01,1000,all,flat,411,411.0,-74.25,-0.18065693430656934,92.97,-194.985,True
calibrated,Log odds weighting,0.05,1.01,1000,home,flat,171,171.0,6.679999999999998,0.03906432748538011,27.85,-22.445000000000004,True
calibrated,Log odds weighting,0.05,1.01,1000,draw,flat,169,169.0,-64.60000000000001,-0.3822485207100592,69.35000000000001,-163.875,True
calibrated,Log odds weighting,0.05,1.01,1000,away,flat,71,71.0,-16.33,-0.22999999999999998,19.770000000000003,-42.545,False
calibrated,Log odds weighting,0.05,1.01,2,all,flat,51,51.0,3.509999999999999,0.06882352941176469,3.3999999999999995,1.8099999999999992,False
calibrated,Log odds weighting,0.05,1.01,2,home,flat,49,49.0,3.9799999999999995,0.08122448979591836,3.4000000000000004,2.2799999999999994,False
calibrated,Log odds weighting,0.05,1.01,2,draw,flat,0,0.0,0.0,0.0,0.0,0.0,False
calibrated,Log odds weighting,0.05,1.01,2,away,flat,2,2.0,-0.47,-0.235,1.0,-1.44,False
calibrated,Log odds weighting,0.05,2,4,all,flat,214,214.0,-40.41,-0.18883177570093457,46.800000000000004,-104.22,True
calibrated,Log odds weighting,0.05,2,4,home,flat,39,39.0,-9.05,-0.23205128205128206,11.049999999999999,-23.625,False
calibrated,Log odds weighting,0.05,2,4,draw,flat,113,113.0,-18.3,-0.16194690265486728,27.3,-50.25,True
calibrated,Log odds weighting,0.05,2,4,away,flat,62,62.0,-13.06,-0.2106451612903226,16.700000000000003,-34.470000000000006,False
calibrated,Log odds weighting,0.05,4,1000,all,flat,171,171.0,-34.35,-0.20087719298245615,63.35,-100.375,True
calibrated,Log odds weighting,0.05,4,1000,home,flat,90,90.0,12.75,0.14166666666666666,25.75,-13.625,False
calibrated,Log odds weighting,0.05,4,1000,draw,flat,69,69.0,-39.3,-0.5695652173913043,42.5,-99.85,False
calibrated,Log odds weighting,0.05,4,1000,away,flat,12,12.0,-7.8,-0.65,7.8,-19.5,False
calibrated,Log odds weighting,0.1,1.01,1000,all,flat,100,100.0,-12.639999999999997,-0.12639999999999996,24.89,-42.974999999999994,True
calibrated,Log odds weighting,0.1,1.01,1000,home,flat,72,72.0,-4.4399999999999995,-0.06166666666666666,20.19,-29.225,False
calibrated,Log odds weighting,0.1,1.01,1000,draw,flat,22,22.0,-5.8,-0.2636363636363636,12.0,-17.6,False
calibrated,Log odds weighting,0.1,1.01,1000,away,flat,6,6.0,-2.4,-0.39999999999999997,3.0,-6.3,False
calibrated,Log odds weighting,0.1,1.01,2,all,flat,3,3.0,0.06000000000000005,0.020000000000000018,1.0,-1.44,False
calibrated,Log odds weighting,0.1,1.01,2,home,flat,3,3.0,0.06000000000000005,0.020000000000000018,1.0,-1.44,False
calibrated,Log odds weighting,0.1,1.01,2,draw,flat,0,0.0,0.0,0.0,0.0,0.0,False
calibrated,Log odds weighting,0.1,1.01,2,away,flat,0,0.0,0.0,0.0,0.0,0.0,False
calibrated,Log odds weighting,0.1,2,4,all,flat,17,17.0,2.6,0.15294117647058825,4.0,-0.7999999999999998,False
calibrated,Log odds weighting,0.1,2,4,home,flat,8,8.0,-4.0,-0.5,6.0,-11.0,False
calibrated,Log odds weighting,0.1,2,4,draw,flat,5,5.0,7.0,1.4,1.0,6.5,False
calibrated,Log odds weighting,0.1,2,4,away,flat,4,4.0,-0.3999999999999999,-0.09999999999999998,2.0,-1.7999999999999998,False
calibrated,Log odds weighting,0.1,4,1000,all,flat,87,87.0,-6.300000000000001,-0.07241379310344828,22.55,-34.125,False
calibrated,Log odds weighting,0.1,4,1000,home,flat,64,64.0,0.5,0.0078125,19.25,-22.875,False
calibrated,Log odds weighting,0.1,4,1000,draw,flat,21,21.0,-4.8,-0.22857142857142856,11.0,-15.100000000000001,False
calibrated,Log odds weighting,0.1,4,1000,away,flat,2,2.0,-2.0,-1.0,2.0,-5.0,False
calibrated,Log odds weighting,0.2,1.01,1000,all,flat,33,33.0,-3.25,-0.09848484848484848,16.0,-23.25,False
calibrated,Log odds weighting,0.2,1.01,1000,home,flat,32,32.0,-2.25,-0.0703125,15.0,-21.75,False
calibrated,Log odds weighting,0.2,1.01,1000,draw,flat,1,1.0,-1.0,-1.0,1.0,-2.5,False
calibrated,Log odds weighting,0.2,1.01,1000,away,flat,0,0.0,0.0,0.0,0.0,0.0,False
calibrated,Log odds weighting,0.2,1.01,2,all,flat,0,0.0,0.0,0.0,0.0,0.0,False
calibrated,Log odds weighting,0.2,1.01,2,home,flat,0,0.0,0.0,0.0,0.0,0.0,False
calibrated,Log odds weighting,0.2,1.01,2,draw,flat,0,0.0,0.0,0.0,0.0,0.0,False
calibrated,Log odds weighting,0.2,1.01,2,away,flat,0,0.0,0.0,0.0,0.0,0.0,False
calibrated,Log odds weighting,0.2,2,4,all,flat,1,1.0,-1.0,-1.0,1.0,-2.5,False
calibrated,Log odds weighting,0.2,2,4,home,flat,1,1.0,-1.0,-1.0,1.0,-2.5,False
calibrated,Log odds weighting,0.2,2,4,draw,flat,0,0.0,0.0,0.0,0.0,0.0,False
calibrated,Log odds weighting,0.2,2,4,away,flat,0,0.0,0.0,0.0,0.0,0.0,False
calibrated,Log odds weighting,0.2,4,1000,all,flat,33,33.0,-3.25,-0.09848484848484848,16.0,-23.25,False
calibrated,Log odds weighting,0.2,4,1000,home,flat,32,32.0,-2.25,-0.0703125,15.0,-21.75,False
calibrated,Log odds weighting,0.2,4,1000,draw,flat,1,1.0,-1.0,-1.0,1.0,-2.5,False
calibrated,Log odds weighting,0.2,4,1000,away,flat,0,0.0,0.0,0.0,0.0,0.0,False
calibrated,Square-root odds weighting,0,1.01,1000,all,flat,784,784.0,-78.61999999999999,-0.10028061224489794,86.74000000000002,-200.61,True
calibrated,Square-root odds weighting,0,1.01,1000,home,flat,588,588.0,-56.11,-0.09542517006802721,61.66000000000007,-143.05000000000004,True
calibrated,Square-root odds weighting,0,1.01,1000,draw,flat,0,0.0,0.0,0.0,0.0,0.0,False
calibrated,Square-root odds weighting,0,1.01,1000,away,flat,196,196.0,-22.509999999999998,-0.1148469387755102,33.019999999999996,-61.529999999999994,True
calibrated,Square-root odds weighting,0,1.01,2,all,flat,577,577.0,-24.82,-0.043015597920277295,43.379999999999995,-75.97999999999999,True
calibrated,Square-root odds weighting,0,1.01,2,home,flat,462,462.0,-27.98,-0.06056277056277056,41.00000000000001,-79.32000000000001,True
calibrated,Square-root odds weighting,0,1.01,2,draw,flat,0,0.0,0.0,0.0,0.0,0.0,False
calibrated,Square-root odds weighting,0,1.01,2,away,flat,115,115.0,3.160000000000004,0.027478260869565254,13.46,-3.5699999999999963,True
calibrated,Square-root odds weighting,0,2,4,all,flat,215,215.0,-53.8,-0.2502325581395349,59.77000000000001,-137.485,True
calibrated,Square-root odds weighting,0,2,4,home,flat,128,128.0,-28.129999999999995,-0.21976562499999996,33.2,-72.86,True
calibrated,Square-root odds weighting,0,2,4,draw,flat,0,0.0,0.0,0.0,0.0,0.0,False
calibrated,Square-root odds weighting,0,2,4,away,flat,87,87.0,-25.67,-0.2950574712643678,30.749999999999993,-66.715,False
calibrated,Square-root odds weighting,0,4,1000,all,flat,2,2.0,-2.0,-1.0,2.0,-5.0,False
calibrated,Square-root odds weighting,0,4,1000,home,flat,2,2.0,-2.0,-1.0,2.0,-5.0,False
calibrated,Square-root odds weighting,0,4,1000,draw,flat,0,0.0,0.0,0.0,0.0,0.0,False
calibrated,Square-root odds weighting,0,4,1000,away,flat,0,0.0,0.0,0.0,0.0,0.0,False
calibrated,Square-root odds weighting,0.02,1.01,1000,all,flat,409,409.0,-52.72,-0.12889975550122248,65.79000000000003,-138.335,True
calibrated,Square-root odds weighting,0.02,1.01,1000,home,flat,322,322.0,-27.800000000000004,-0.08633540372670809,37.07000000000001,-74.13500000000002,True
calibrated,Square-root odds weighting,0.02,1.01,1000,draw,flat,0,0.0,0.0,0.0,0.0,0.0,False
calibrated,Square-root odds weighting,0.02,1.01,1000,away,flat,87,87.0,-24.919999999999998,-0.2864367816091954,29.189999999999994,-64.43499999999999,False
calibrated,Square-root odds weighting,0.02,1.01,2,all,flat,301,301.0,-21.9,-0.07275747508305648,32.89,-64.205,True
calibrated,Square-root odds weighting,0.02,1.01,2,home,flat,261,261.0,-16.689999999999998,-0.06394636015325669,27.020000000000003,-53.19,True
calibrated,Square-root odds weighting,0.02,1.01,2,draw,flat,0,0.0,0.0,0.0,0.0,0.0,False
calibrated,Square-root odds weighting,0.02,1.01,2,away,flat,40,40.0,-5.209999999999999,-0.13024999999999998,9.02,-14.929999999999998,False
calibrated,Square-root odds weighting,0.02,2,4,all,flat,110,110.0,-30.82,-0.2801818181818182,35.93000000000001,-79.605,True
calibrated,Square-root odds weighting,0.02,2,4,home,flat,61,61.0,-11.11,-0.18213114754098358,19.35,-37.785,False
calibrated,Square-root odds weighting,0.02,2,4,draw,flat,0,0.0,0.0,0.0,0.0,0.0,False
calibrated,Square-root odds weighting,0.02,2,4,away,flat,49,49.0,-19.71,-0.40224489795918367,21.450000000000003,-50.145,False
calibrated,Square-root odds weighting,0.02,4,1000,all,flat,2,2.0,-2.0,-1.0,2.0,-5.0,False
calibrated,Square-root odds weighting,0.02,4,1000,home,flat,2,2.0,-2.0,-1.0,2.0,-5.0,False
calibrated,Square-root odds weighting,0.02,4,1000,draw,flat,0,0.0,0.0,0.0,0.0,0.0,False
calibrated,Square-root odds weighting,0.02,4,1000,away,flat,0,0.0,0.0,0.0,0.0,0.0,False
calibrated,Square-root odds weighting,0.05,1.01,1000,all,flat,110,110.0,-1.5800000000000014,-0.014363636363636377,10.799999999999999,-8.56,True
calibrated,Square-root odds weighting,0.05,1.01,1000,home,flat,90,90.0,1.199999999999999,0.013333333333333324,8.93,-3.2650000000000006,False
calibrated,Square-root odds weighting,0.05,1.01,1000,draw,flat,0,0.0,0.0,0.0,0.0,0.0,False
calibrated,Square-root odds weighting,0.05,1.01,1000,away,flat,20,20.0,-2.7800000000000002,-0.139,7.0200000000000005,-9.07,False
calibrated,Square-root odds weighting,0.05,1.01,2,all,flat,71,71.0,6.879999999999999,0.0969014084507042,5.1000000000000005,4.329999999999998,False
calibrated,Square-root odds weighting,0.05,1.01,2,home,flat,69,69.0,7.35,0.10652173913043478,5.1000000000000005,4.799999999999999,False
calibrated,Square-root odds weighting,0.05,1.01,2,draw,flat,0,0.0,0.0,0.0,0.0,0.0,False
calibrated,Square-root odds weighting,0.05,1.01,2,away,flat,2,2.0,-0.47,-0.235,1.0,-1.44,False
calibrated,Square-root odds weighting,0.05,2,4,all,flat,39,39.0,-8.46,-0.21692307692307694,12.25,-23.045,False
calibrated,Square-root odds weighting,0.05,2,4,home,flat,21,21.0,-6.15,-0.29285714285714287,6.8,-15.700000000000001,False
calibrated,Square-root odds weighting,0.05,2,4,draw,flat,0,0.0,0.0,0.0,0.0,0.0,False
calibrated,Square-root odds weighting,0.05,2,4,away,flat,18,18.0,-2.31,-0.12833333333333333,6.550000000000001,-7.895000000000001,False
calibrated,Square-root odds weighting,0.05,4,1000,all,flat,2,2.0,-2.0,-1.0,2.0,-5.0,False
calibrated,Square-root odds weighting,0.05,4,1000,home,flat,2,2.0,-2.0,-1.0,2.0,-5.0,False
calibrated,Square-root odds weighting,0.05,4,1000,draw,flat,0,0.0,0.0,0.0,0.0,0.0,False
calibrated,Square-root odds weighting,0.05,4,1000,away,flat,0,0.0,0.0,0.0,0.0,0.0,False
calibrated,Square-root odds weighting,0.1,1.01,1000,all,flat,13,13.0,-6.34,-0.4876923076923077,8.94,-17.15,False
calibrated,Square-root odds weighting,0.1,1.01,1000,home,flat,10,10.0,-6.9399999999999995,-0.694,8.0,-17.88,False
calibrated,Square-root odds weighting,0.1,1.01,1000,draw,flat,0,0.0,0.0,0.0,0.0,0.0,False
calibrated,Square-root odds weighting,0.1,1.01,1000,away,flat,3,3.0,0.6000000000000001,0.20000000000000004,2.0,-0.3999999999999999,False
calibrated,Square-root odds weighting,0.1,1.01,2,all,flat,3,3.0,0.06000000000000005,0.020000000000000018,1.0,-1.44,False
calibrated,Square-root odds weighting,0.1,1.01,2,home,flat,3,3.0,0.06000000000000005,0.020000000000000018,1.0,-1.44,False
calibrated,Square-root odds weighting,0.1,1.01,2,draw,flat,0,0.0,0.0,0.0,0.0,0.0,False
calibrated,Square-root odds weighting,0.1,1.01,2,away,flat,0,0.0,0.0,0.0,0.0,0.0,False
calibrated,Square-root odds weighting,0.1,2,4,all,flat,9,9.0,-5.4,-0.6000000000000001,8.0,-14.8,False
calibrated,Square-root odds weighting,0.1,2,4,home,flat,6,6.0,-6.0,-1.0,6.0,-15.0,False
calibrated,Square-root odds weighting,0.1,2,4,draw,flat,0,0.0,0.0,0.0,0.0,0.0,False
calibrated,Square-root odds weighting,0.1,2,4,away,flat,3,3.0,0.6000000000000001,0.20000000000000004,2.0,-0.3999999999999999,False
calibrated,Square-root odds weighting,0.1,4,1000,all,flat,2,2.0,-2.0,-1.0,2.0,-5.0,False
calibrated,Square-root odds weighting,0.1,4,1000,home,flat,2,2.0,-2.0,-1.0,2.0,-5.0,False
calibrated,Square-root odds weighting,0.1,4,1000,draw,flat,0,0.0,0.0,0.0,0.0,0.0,False
calibrated,Square-root odds weighting,0.1,4,1000,away,flat,0,0.0,0.0,0.0,0.0,0.0,False
calibrated,Square-root odds weighting,0.2,1.01,1000,all,flat,2,2.0,-2.0,-1.0,2.0,-5.0,False
calibrated,Square-root odds weighting,0.2,1.01,1000,home,flat,2,2.0,-2.0,-1.0,2.0,-5.0,False
calibrated,Square-root odds weighting,0.2,1.01,1000,draw,flat,0,0.0,0.0,0.0,0.0,0.0,False
calibrated,Square-root odds weighting,0.2,1.01,1000,away,flat,0,0.0,0.0,0.0,0.0,0.0,False
calibrated,Square-root odds weighting,0.2,1.01,2,all,flat,0,0.0,0.0,0.0,0.0,0.0,False
calibrated,Square-root odds weighting,0.2,1.01,2,home,flat,0,0.0,0.0,0.0,0.0,0.0,False
calibrated,Square-root odds weighting,0.2,1.01,2,draw,flat,0,0.0,0.0,0.0,0.0,0.0,False
calibrated,Square-root odds weighting,0.2,1.01,2,away,flat,0,0.0,0.0,0.0,0.0,0.0,False
calibrated,Square-root odds weighting,0.2,2,4,all,flat,1,1.0,-1.0,-1.0,1.0,-2.5,False
calibrated,Square-root odds weighting,0.2,2,4,home,flat,1,1.0,-1.0,-1.0,1.0,-2.5,False
calibrated,Square-root odds weighting,0.2,2,4,draw,flat,0,0.0,0.0,0.0,0.0,0.0,False
calibrated,Square-root odds weighting,0.2,2,4,away,flat,0,0.0,0.0,0.0,0.0,0.0,False
calibrated,Square-root odds weighting,0.2,4,1000,all,flat,2,2.0,-2.0,-1.0,2.0,-5.0,False
calibrated,Square-root odds weighting,0.2,4,1000,home,flat,2,2.0,-2.0,-1.0,2.0,-5.0,False
calibrated,Square-root odds weighting,0.2,4,1000,draw,flat,0,0.0,0.0,0.0,0.0,0.0,False
calibrated,Square-root odds weighting,0.2,4,1000,away,flat,0,0.0,0.0,0.0,0.0,0.0,False
calibrated,Square-root profit weighting,0,1.01,1000,all,flat,1263,1263.0,-151.01999999999998,-0.11957244655581946,170.1899999999997,-387.1349999999998,True
calibrated,Square-root profit weighting,0,1.01,1000,home,flat,699,699.0,-77.16,-0.1103862660944206,79.22999999999999,-193.935,True
calibrated,Square-root profit weighting,0,1.01,1000,draw,flat,267,267.0,-42.6,-0.15955056179775282,74.0,-122.19999999999999,True
calibrated,Square-root profit weighting,0,1.01,1000,away,flat,297,297.0,-31.259999999999998,-0.10525252525252525,48.43,-86.735,True
calibrated,Square-root profit weighting,0,1.01,2,all,flat,577,577.0,-24.82,-0.043015597920277295,43.379999999999995,-75.97999999999999,True
calibrated,Square-root profit weighting,0,1.01,2,home,flat,462,462.0,-27.98,-0.06056277056277056,41.00000000000001,-79.32000000000001,True
calibrated,Square-root profit weighting,0,1.01,2,draw,flat,0,0.0,0.0,0.0,0.0,0.0,False
calibrated,Square-root profit weighting,0,1.01,2,away,flat,115,115.0,3.160000000000004,0.027478260869565254,13.46,-3.5699999999999963,True
calibrated,Square-root profit weighting,0,2,4,all,flat,570,570.0,-89.65,-0.15728070175438597,102.18999999999996,-230.39499999999998,True
calibrated,Square-root profit weighting,0,2,4,home,flat,181,181.0,-46.18000000000001,-0.25513812154696136,50.580000000000005,-117.65000000000002,True
calibrated,Square-root profit weighting,0,2,4,draw,flat,202,202.0,-10.050000000000002,-0.04975247524752476,40.0,-47.2,True
calibrated,Square-root profit weighting,0,2,4,away,flat,187,187.0,-33.42,-0.17871657754010697,45.16,-89.42,True
calibrated,Square-root profit weighting,0,4,1000,all,flat,149,149.0,-37.55,-0.2520134228187919,62.3,-106.24999999999999,True
calibrated,Square-root profit weighting,0,4,1000,home,flat,66,66.0,-3.0,-0.045454545454545456,22.25,-32.375,False
calibrated,Square-root profit weighting,0,4,1000,draw,flat,77,77.0,-28.55,-0.37077922077922076,42.55,-78.375,False
calibrated,Square-root profit weighting,0,4,1000,away,flat,6,6.0,-6.0,-1.0,6.0,-15.0,False
calibrated,Square-root profit weighting,0.02,1.01,1000,all,flat,810,810.0,-121.12,-0.14953086419753087,141.16000000000003,-312.82000000000005,True
calibrated,Square-root profit weighting,0.02,1.01,1000,home,flat,416,416.0,-41.65,-0.1001201923076923,48.430000000000035,-107.51500000000001,True
calibrated,Square-root profit weighting,0.02,1.01,1000,draw,flat,219,219.0,-38.800000000000004,-0.1771689497716895,57.19999999999999,-106.20000000000002,True
calibrated,Square-root profit weighting,0.02,1.01,1000,away,flat,175,175.0,-40.67,-0.23240000000000002,54.94,-108.81,True
calibrated,Square-root profit weighting,0.02,1.01,2,all,flat,301,301.0,-21.9,-0.07275747508305648,32.89,-64.205,True
calibrated,Square-root profit weighting,0.02,1.01,2,home,flat,261,261.0,-16.689999999999998,-0.06394636015325669,27.020000000000003,-53.19,True
calibrated,Square-root profit weighting,0.02,1.01,2,draw,flat,0,0.0,0.0,0.0,0.0,0.0,False
calibrated,Square-root profit weighting,0.02,1.01,2,away,flat,40,40.0,-5.209999999999999,-0.13024999999999998,9.02,-14.929999999999998,False
calibrated,Square-root profit weighting,0.02,2,4,all,flat,395,395.0,-64.17,-0.16245569620253164,79.66,-168.17000000000002,True
calibrated,Square-root profit weighting,0.02,2,4,home,flat,97,97.0,-21.96,-0.22639175257731958,26.56,-57.2,False
calibrated,Square-root profit weighting,0.02,2,4,draw,flat,162,162.0,-7.750000000000004,-0.04783950617283953,29.200000000000003,-30.10000000000001,True
calibrated,Square-root profit weighting,0.02,2,4,away,flat,136,136.0,-34.46,-0.2533823529411765,46.2,-92.02000000000001,True
calibrated,Square-root profit weighting,0.02,4,1000,all,flat,140,140.0,-35.05,-0.25035714285714283,57.3,-100.0,True
calibrated,Square-root profit weighting,0.02,4,1000,home,flat,66,66.0,-3.0,-0.045454545454545456,22.25,-32.375,False
calibrated,Square-root profit weighting,0.02,4,1000,draw,flat,68,68.0,-26.05,-0.3830882352941177,34.55,-69.375,False
calibrated,Square-root profit weighting,0.02,4,1000,away,flat,6,6.0,-6.0,-1.0,6.0,-15.0,False
calibrated,Square-root profit weighting,0.05,1.01,1000,all,flat,355,355.0,-65.53,-0.18459154929577465,83.61,-172.865,True
calibrated,Square-root profit weighting,0.05,1.01,1000,home,flat,166,166.0,-4.700000000000001,-0.0283132530120482,20.610000000000003,-31.555000000000003,True
calibrated,Square-root profit weighting,0.05,1.01,1000,draw,flat,124,124.0,-46.300000000000004,-0.37338709677419357,55.75,-120.47500000000002,True
calibrated,Square-root profit weighting,0.05,1.01,1000,away,flat,65,65.0,-14.530000000000001,-0.22353846153846155,17.97,-38.045,False
calibrated,Square-root profit weighting,0.05,1.01,2,all,flat,71,71.0,6.879999999999999,0.0969014084507042,5.1000000000000005,4.329999999999998,False
calibrated,Square-root profit weighting,0.05,1.01,2,home,flat,69,69.0,7.35,0.10652173913043478,5.1000000000000005,4.799999999999999,False
calibrated,Square-root profit weighting,0.05,1.01,2,draw,flat,0,0.0,0.0,0.0,0.0,0.0,False
calibrated,Square-root profit weighting,0.05,1.01,2,away,flat,2,2.0,-0.47,-0.235,1.0,-1.44,False
calibrated,Square-root profit weighting,0.05,2,4,all,flat,184,184.0,-37.11000000000001,-0.20168478260869568,49.4,-98.92000000000002,True
calibrated,Square-root profit weighting,0.05,2,4,home,flat,39,39.0,-9.05,-0.23205128205128206,11.049999999999999,-23.625,False
calibrated,Square-root profit weighting,0.05,2,4,draw,flat,83,83.0,-15.000000000000002,-0.1807228915662651,24.900000000000002,-42.45,False
calibrated,Square-root profit weighting,0.05,2,4,away,flat,62,62.0,-13.06,-0.2106451612903226,16.700000000000003,-34.470000000000006,False
calibrated,Square-root profit weighting,0.05,4,1000,all,flat,120,120.0,-35.3,-0.29416666666666663,53.05,-98.875,True
calibrated,Square-root profit weighting,0.05,4,1000,home,flat,65,65.0,-2.0,-0.03076923076923077,22.25,-31.375,False
calibrated,Square-root profit weighting,0.05,4,1000,draw,flat,49,49.0,-27.3,-0.5571428571428572,30.8,-70.0,False
calibrated,Square-root profit weighting,0.05,4,1000,away,flat,6,6.0,-6.0,-1.0,6.0,-15.0,False
calibrated,Square-root profit weighting,0.1,1.01,1000,all,flat,92,92.0,-14.139999999999997,-0.153695652173913,26.39,-51.724999999999994,False
calibrated,Square-root profit weighting,0.1,1.01,1000,home,flat,66,66.0,-3.9399999999999977,-0.059696969696969665,20.19,-32.224999999999994,False
calibrated,Square-root profit weighting,0.1,1.01,1000,draw,flat,21,21.0,-8.8,-0.41904761904761906,15.0,-25.1,False
calibrated,Square-root profit weighting,0.1,1.01,1000,away,flat,5,5.0,-1.4,-0.27999999999999997,2.0,-3.8,False
calibrated,Square-root profit weighting,0.1,1.01,2,all,flat,3,3.0,0.06000000000000005,0.020000000000000018,1.0,-1.44,False
calibrated,Square-root profit weighting,0.1,1.01,2,home,flat,3,3.0,0.06000000000000005,0.020000000000000018,1.0,-1.44,False
calibrated,Square-root profit weighting,0.1,1.01,2,draw,flat,0,0.0,0.0,0.0,0.0,0.0,False
calibrated,Square-root profit weighting,0.1,1.01,2,away,flat,0,0.0,0.0,0.0,0.0,0.0,False
calibrated,Square-root profit weighting,0.1,2,4,all,flat,16,16.0,-0.40000000000000036,-0.025000000000000022,6.0,-7.800000000000001,False
calibrated,Square-root profit weighting,0.1,2,4,home,flat,8,8.0,-4.0,-0.5,6.0,-11.0,False
calibrated,Square-root profit weighting,0.1,2,4,draw,flat,4,4.0,4.0,1.0,1.0,2.5,False
calibrated,Square-root profit weighting,0.1,2,4,away,flat,4,4.0,-0.3999999999999999,-0.09999999999999998,2.0,-1.7999999999999998,False
calibrated,Square-root profit weighting,0.1,4,1000,all,flat,79,79.0,-7.800000000000001,-0.09873417721518989,25.05,-43.375,False
calibrated,Square-root profit weighting,0.1,4,1000,home,flat,58,58.0,1.0,0.017241379310344827,19.25,-25.875,False
calibrated,Square-root profit weighting,0.1,4,1000,draw,flat,20,20.0,-7.8,-0.39,14.0,-22.6,False
calibrated,Square-root profit weighting,0.1,4,1000,away,flat,1,1.0,-1.0,-1.0,1.0,-2.5,False
calibrated,Square-root profit weighting,0.2,1.01,1000,all,flat,33,33.0,-3.25,-0.09848484848484848,17.0,-24.75,False
calibrated,Square-root profit weighting,0.2,1.01,1000,home,flat,32,32.0,-2.25,-0.0703125,16.0,-23.25,False
calibrated,Square-root profit weighting,0.2,1.01,1000,draw,flat,1,1.0,-1.0,-1.0,1.0,-2.5,False
calibrated,Square-root profit weighting,0.2,1.01,1000,away,flat,0,0.0,0.0,0.0,0.0,0.0,False
calibrated,Square-root profit weighting,0.2,1.01,2,all,flat,0,0.0,0.0,0.0,0.0,0.0,False
calibrated,Square-root profit weighting,0.2,1.01,2,home,flat,0,0.0,0.0,0.0,0.0,0.0,False
calibrated,Square-root profit weighting,0.2,1.01,2,draw,flat,0,0.0,0.0,0.0,0.0,0.0,False
calibrated,Square-root profit weighting,0.2,1.01,2,away,flat,0,0.0,0.0,0.0,0.0,0.0,False
calibrated,Square-root profit weighting,0.2,2,4,all,flat,1,1.0,-1.0,-1.0,1.0,-2.5,False
calibrated,Square-root profit weighting,0.2,2,4,home,flat,1,1.0,-1.0,-1.0,1.0,-2.5,False
calibrated,Square-root profit weighting,0.2,2,4,draw,flat,0,0.0,0.0,0.0,0.0,0.0,False
calibrated,Square-root profit weighting,0.2,2,4,away,flat,0,0.0,0.0,0.0,0.0,0.0,False
calibrated,Square-root profit weighting,0.2,4,1000,all,flat,33,33.0,-3.25,-0.09848484848484848,17.0,-24.75,False
calibrated,Square-root profit weighting,0.2,4,1000,home,flat,32,32.0,-2.25,-0.0703125,16.0,-23.25,False
calibrated,Square-root profit weighting,0.2,4,1000,draw,flat,1,1.0,-1.0,-1.0,1.0,-2.5,False
calibrated,Square-root profit weighting,0.2,4,1000,away,flat,0,0.0,0.0,0.0,0.0,0.0,False
calibrated,Legacy draw-to-home weighting,0,1.01,1000,all,flat,810,810.0,-76.75999999999999,-0.09476543209876542,82.78000000000004,-194.91,True
calibrated,Legacy draw-to-home weighting,0,1.01,1000,home,flat,685,685.0,-78.16,-0.11410218978102189,80.58000000000003,-196.61,True
calibrated,Legacy draw-to-home weighting,0,1.01,1000,draw,flat,0,0.0,0.0,0.0,0.0,0.0,False
calibrated,Legacy draw-to-home weighting,0,1.01,1000,away,flat,125,125.0,1.4000000000000021,0.011200000000000017,16.409999999999997,-9.434999999999995,True
calibrated,Legacy draw-to-home weighting,0,1.01,2,all,flat,577,577.0,-24.82,-0.043015597920277295,43.379999999999995,-75.97999999999999,True
calibrated,Legacy draw-to-home weighting,0,1.01,2,home,flat,462,462.0,-27.98,-0.06056277056277056,41.00000000000001,-79.32000000000001,True
calibrated,Legacy draw-to-home weighting,0,1.01,2,draw,flat,0,0.0,0.0,0.0,0.0,0.0,False
calibrated,Legacy draw-to-home weighting,0,1.01,2,away,flat,115,115.0,3.160000000000004,0.027478260869565254,13.46,-3.5699999999999963,True
calibrated,Legacy draw-to-home weighting,0,2,4,all,flat,219,219.0,-39.44,-0.18009132420091323,45.88000000000002,-101.82000000000001,True
calibrated,Legacy draw-to-home weighting,0,2,4,home,flat,203,203.0,-37.68,-0.18561576354679804,43.08000000000001,-96.9,True
calibrated,Legacy draw-to-home weighting,0,2,4,draw,flat,0,0.0,0.0,0.0,0.0,0.0,False
calibrated,Legacy draw-to-home weighting,0,2,4,away,flat,16,16.0,-1.7600000000000002,-0.11000000000000001,7.0,-8.26,False
calibrated,Legacy draw-to-home weighting,0,4,1000,all,flat,35,35.0,-1.5,-0.04285714285714286,10.5,-8.75,False
calibrated,Legacy draw-to-home weighting,0,4,1000,home,flat,35,35.0,-1.5,-0.04285714285714286,10.5,-8.75,False
calibrated,Legacy draw-to-home weighting,0,4,1000,draw,flat,0,0.0,0.0,0.0,0.0,0.0,False
calibrated,Legacy draw-to-home weighting,0,4,1000,away,flat,0,0.0,0.0,0.0,0.0,0.0,False
calibrated,Legacy draw-to-home weighting,0.02,1.01,1000,all,flat,436,436.0,-52.12,-0.11954128440366972,66.72000000000004,-137.60000000000002,True
calibrated,Legacy draw-to-home weighting,0.02,1.01,1000,home,flat,386,386.0,-45.15,-0.11696891191709845,55.93000000000002,-118.26500000000001,True
calibrated,Legacy draw-to-home weighting,0.02,1.01,1000,draw,flat,0,0.0,0.0,0.0,0.0,0.0,False
calibrated,Legacy draw-to-home weighting,0.02,1.01,1000,away,flat,50,50.0,-6.969999999999999,-0.13939999999999997,12.280000000000001,-20.08,False
calibrated,Legacy draw-to-home weighting,0.02,1.01,2,all,flat,301,301.0,-21.9,-0.07275747508305648,32.89,-64.205,True
calibrated,Legacy draw-to-home weighting,0.02,1.01,2,home,flat,261,261.0,-16.689999999999998,-0.06394636015325669,27.020000000000003,-53.19,True
calibrated,Legacy draw-to-home weighting,0.02,1.01,2,draw,flat,0,0.0,0.0,0.0,0.0,0.0,False
calibrated,Legacy draw-to-home weighting,0.02,1.01,2,away,flat,40,40.0,-5.209999999999999,-0.13024999999999998,9.02,-14.929999999999998,False
calibrated,Legacy draw-to-home weighting,0.02,2,4,all,flat,117,117.0,-19.72,-0.16854700854700855,28.36,-53.62,True
calibrated,Legacy draw-to-home weighting,0.02,2,4,home,flat,105,105.0,-17.96,-0.17104761904761906,25.56,-48.7,True
calibrated,Legacy draw-to-home weighting,0.02,2,4,draw,flat,0,0.0,0.0,0.0,0.0,0.0,False
calibrated,Legacy draw-to-home weighting,0.02,2,4,away,flat,12,12.0,-1.7600000000000002,-0.1466666666666667,6.0,-8.76,False
calibrated,Legacy draw-to-home weighting,0.02,4,1000,all,flat,32,32.0,-2.5,-0.078125,9.5,-9.75,False
calibrated,Legacy draw-to-home weighting,0.02,4,1000,home,flat,32,32.0,-2.5,-0.078125,9.5,-9.75,False
calibrated,Legacy draw-to-home weighting,0.02,4,1000,draw,flat,0,0.0,0.0,0.0,0.0,0.0,False
calibrated,Legacy draw-to-home weighting,0.02,4,1000,away,flat,0,0.0,0.0,0.0,0.0,0.0,False
calibrated,Legacy draw-to-home weighting,0.05,1.01,1000,all,flat,134,134.0,-10.48,-0.0782089552238806,15.69,-28.805,True
calibrated,Legacy draw-to-home weighting,0.05,1.01,1000,home,flat,127,127.0,-11.200000000000001,-0.08818897637795277,15.370000000000001,-30.085000000000004,True
calibrated,Legacy draw-to-home weighting,0.05,1.01,1000,draw,flat,0,0.0,0.0,0.0,0.0,0.0,False
calibrated,Legacy draw-to-home weighting,0.05,1.01,1000,away,flat,7,7.0,0.72,0.10285714285714286,3.0,-1.78,False
calibrated,Legacy draw-to-home weighting,0.05,1.01,2,all,flat,71,71.0,6.879999999999999,0.0969014084507042,5.1000000000000005,4.329999999999998,False
calibrated,Legacy draw-to-home weighting,0.05,1.01,2,home,flat,69,69.0,7.35,0.10652173913043478,5.1000000000000005,4.799999999999999,False
calibrated,Legacy draw-to-home weighting,0.05,1.01,2,draw,flat,0,0.0,0.0,0.0,0.0,0.0,False
calibrated,Legacy draw-to-home weighting,0.05,1.01,2,away,flat,2,2.0,-0.47,-0.235,1.0,-1.44,False
calibrated,Legacy draw-to-home weighting,0.05,2,4,all,flat,44,44.0,-7.859999999999999,-0.17863636363636362,10.9,-21.169999999999998,False
calibrated,Legacy draw-to-home weighting,0.05,2,4,home,flat,39,39.0,-9.05,-0.23205128205128206,11.049999999999999,-23.625,False
calibrated,Legacy draw-to-home weighting,0.05,2,4,draw,flat,0,0.0,0.0,0.0,0.0,0.0,False
calibrated,Legacy draw-to-home weighting,0.05,2,4,away,flat,5,5.0,1.19,0.238,2.0,-0.81,False
calibrated,Legacy draw-to-home weighting,0.05,4,1000,all,flat,26,26.0,-8.5,-0.3269230769230769,13.0,-25.0,False
calibrated,Legacy draw-to-home weighting,0.05,4,1000,home,flat,26,26.0,-8.5,-0.3269230769230769,13.0,-25.0,False
calibrated,Legacy draw-to-home weighting,0.05,4,1000,draw,flat,0,0.0,0.0,0.0,0.0,0.0,False
calibrated,Legacy draw-to-home weighting,0.05,4,1000,away,flat,0,0.0,0.0,0.0,0.0,0.0,False
calibrated,Legacy draw-to-home weighting,0.1,1.01,1000,all,flat,28,28.0,-11.44,-0.40857142857142853,11.440000000000001,-28.6,False
calibrated,Legacy draw-to-home weighting,0.1,1.01,1000,home,flat,28,28.0,-11.44,-0.40857142857142853,11.440000000000001,-28.6,False
calibrated,Legacy draw-to-home weighting,0.1,1.01,1000,draw,flat,0,0.0,0.0,0.0,0.0,0.0,False
calibrated,Legacy draw-to-home weighting,0.1,1.01,1000,away,flat,0,0.0,0.0,0.0,0.0,0.0,False
calibrated,Legacy draw-to-home weighting,0.1,1.01,2,all,flat,3,3.0,0.06000000000000005,0.020000000000000018,1.0,-1.44,False
calibrated,Legacy draw-to-home weighting,0.1,1.01,2,home,flat,3,3.0,0.06000000000000005,0.020000000000000018,1.0,-1.44,False
calibrated,Legacy draw-to-home weighting,0.1,1.01,2,draw,flat,0,0.0,0.0,0.0,0.0,0.0,False
calibrated,Legacy draw-to-home weighting,0.1,1.01,2,away,flat,0,0.0,0.0,0.0,0.0,0.0,False
calibrated,Legacy draw-to-home weighting,0.1,2,4,all,flat,8,8.0,-4.0,-0.5,6.0,-11.0,False
calibrated,Legacy draw-to-home weighting,0.1,2,4,home,flat,8,8.0,-4.0,-0.5,6.0,-11.0,False
calibrated,Legacy draw-to-home weighting,0.1,2,4,draw,flat,0,0.0,0.0,0.0,0.0,0.0,False
calibrated,Legacy draw-to-home weighting,0.1,2,4,away,flat,0,0.0,0.0,0.0,0.0,0.0,False
calibrated,Legacy draw-to-home weighting,0.1,4,1000,all,flat,20,20.0,-6.5,-0.325,10.0,-20.5,False
calibrated,Legacy draw-to-home weighting,0.1,4,1000,home,flat,20,20.0,-6.5,-0.325,10.0,-20.5,False
calibrated,Legacy draw-to-home weighting,0.1,4,1000,draw,flat,0,0.0,0.0,0.0,0.0,0.0,False
calibrated,Legacy draw-to-home weighting,0.1,4,1000,away,flat,0,0.0,0.0,0.0,0.0,0.0,False
calibrated,Legacy draw-to-home weighting,0.2,1.01,1000,all,flat,8,8.0,-3.0,-0.375,4.0,-8.0,False
calibrated,Legacy draw-to-home weighting,0.2,1.01,1000,home,flat,8,8.0,-3.0,-0.375,4.0,-8.0,False
calibrated,Legacy draw-to-home weighting,0.2,1.01,1000,draw,flat,0,0.0,0.0,0.0,0.0,0.0,False
calibrated,Legacy draw-to-home weighting,0.2,1.01,1000,away,flat,0,0.0,0.0,0.0,0.0,0.0,False
calibrated,Legacy draw-to-home weighting,0.2,1.01,2,all,flat,0,0.0,0.0,0.0,0.0,0.0,False
calibrated,Legacy draw-to-home weighting,0.2,1.01,2,home,flat,0,0.0,0.0,0.0,0.0,0.0,False
calibrated,Legacy draw-to-home weighting,0.2,1.01,2,draw,flat,0,0.0,0.0,0.0,0.0,0.0,False
calibrated,Legacy draw-to-home weighting,0.2,1.01,2,away,flat,0,0.0,0.0,0.0,0.0,0.0,False
calibrated,Legacy draw-to-home weighting,0.2,2,4,all,flat,1,1.0,-1.0,-1.0,1.0,-2.5,False
calibrated,Legacy draw-to-home weighting,0.2,2,4,home,flat,1,1.0,-1.0,-1.0,1.0,-2.5,False
calibrated,Legacy draw-to-home weighting,0.2,2,4,draw,flat,0,0.0,0.0,0.0,0.0,0.0,False
calibrated,Legacy draw-to-home weighting,0.2,2,4,away,flat,0,0.0,0.0,0.0,0.0,0.0,False
calibrated,Legacy draw-to-home weighting,0.2,4,1000,all,flat,8,8.0,-3.0,-0.375,4.0,-8.0,False
calibrated,Legacy draw-to-home weighting,0.2,4,1000,home,flat,8,8.0,-3.0,-0.375,4.0,-8.0,False
calibrated,Legacy draw-to-home weighting,0.2,4,1000,draw,flat,0,0.0,0.0,0.0,0.0,0.0,False
calibrated,Legacy draw-to-home weighting,0.2,4,1000,away,flat,0,0.0,0.0,0.0,0.0,0.0,False
calibrated,Legacy draw-to-home return weighting,0,1.01,1000,all,flat,847,847.0,-40.830000000000005,-0.048205430932703665,55.79000000000002,-109.55500000000002,True
calibrated,Legacy draw-to-home return weighting,0,1.01,1000,home,flat,846,846.0,-39.830000000000005,-0.047080378250591026,55.790000000000035,-107.55500000000002,True
calibrated,Legacy draw-to-home return weighting,0,1.01,1000,draw,flat,0,0.0,0.0,0.0,0.0,0.0,False
calibrated,Legacy draw-to-home return weighting,0,1.01,1000,away,flat,1,1.0,-1.0,-1.0,1.0,-2.5,False
calibrated,Legacy draw-to-home return weighting,0,1.01,2,all,flat,462,462.0,-27.98,-0.06056277056277056,41.00000000000001,-79.32000000000001,True
calibrated,Legacy draw-to-home return weighting,0,1.01,2,home,flat,462,462.0,-27.98,-0.06056277056277056,41.00000000000001,-79.32000000000001,True
calibrated,Legacy draw-to-home return weighting,0,1.01,2,draw,flat,0,0.0,0.0,0.0,0.0,0.0,False
calibrated,Legacy draw-to-home return weighting,0,1.01,2,away,flat,0,0.0,0.0,0.0,0.0,0.0,False
calibrated,Legacy draw-to-home return weighting,0,2,4,all,flat,203,203.0,-37.68,-0.18561576354679804,43.08000000000001,-96.9,True
calibrated,Legacy draw-to-home return weighting,0,2,4,home,flat,203,203.0,-37.68,-0.18561576354679804,43.08000000000001,-96.9,True
calibrated,Legacy draw-to-home return weighting,0,2,4,draw,flat,0,0.0,0.0,0.0,0.0,0.0,False
calibrated,Legacy draw-to-home return weighting,0,2,4,away,flat,0,0.0,0.0,0.0,0.0,0.0,False
calibrated,Legacy draw-to-home return weighting,0,4,1000,all,flat,197,197.0,35.83,0.1818781725888325,19.75,25.955,True
calibrated,Legacy draw-to-home return weighting,0,4,1000,home,flat,196,196.0,36.83,0.18790816326530613,19.75,26.955,True
calibrated,Legacy draw-to-home return weighting,0,4,1000,draw,flat,0,0.0,0.0,0.0,0.0,0.0,False
calibrated,Legacy draw-to-home return weighting,0,4,1000,away,flat,1,1.0,-1.0,-1.0,1.0,-2.5,False
calibrated,Legacy draw-to-home return weighting,0.02,1.01,1000,all,flat,517,517.0,-9.07,-0.017543520309477756,36.91,-38.795,True
calibrated,Legacy draw-to-home return weighting,0.02,1.01,1000,home,flat,516,516.0,-8.07,-0.01563953488372093,36.91,-37.795,True
calibrated,Legacy draw-to-home return weighting,0.02,1.01,1000,draw,flat,0,0.0,0.0,0.0,0.0,0.0,False
calibrated,Legacy draw-to-home return weighting,0.02,1.01,1000,away,flat,1,1.0,-1.0,-1.0,1.0,-2.5,False
calibrated,Legacy draw-to-home return weighting,0.02,1.01,2,all,flat,261,261.0,-16.689999999999998,-0.06394636015325669,27.020000000000003,-53.19,True
calibrated,Legacy draw-to-home return weighting,0.02,1.01,2,home,flat,261,261.0,-16.689999999999998,-0.06394636015325669,27.020000000000003,-53.19,True
calibrated,Legacy draw-to-home return weighting,0.02,1.01,2,draw,flat,0,0.0,0.0,0.0,0.0,0.0,False
calibrated,Legacy draw-to-home return weighting,0.02,1.01,2,away,flat,0,0.0,0.0,0.0,0.0,0.0,False
calibrated,Legacy draw-to-home return weighting,0.02,2,4,all,flat,105,105.0,-17.96,-0.17104761904761906,25.56,-48.7,True
calibrated,Legacy draw-to-home return weighting,0.02,2,4,home,flat,105,105.0,-17.96,-0.17104761904761906,25.56,-48.7,True
calibrated,Legacy draw-to-home return weighting,0.02,2,4,draw,flat,0,0.0,0.0,0.0,0.0,0.0,False
calibrated,Legacy draw-to-home return weighting,0.02,2,4,away,flat,0,0.0,0.0,0.0,0.0,0.0,False
calibrated,Legacy draw-to-home return weighting,0.02,4,1000,all,flat,163,163.0,33.58,0.2060122699386503,24.5,21.33,True
calibrated,Legacy draw-to-home return weighting,0.02,4,1000,home,flat,162,162.0,34.58,0.21345679012345678,24.5,22.33,True
calibrated,Legacy draw-to-home return weighting,0.02,4,1000,draw,flat,0,0.0,0.0,0.0,0.0,0.0,False
calibrated,Legacy draw-to-home return weighting,0.02,4,1000,away,flat,1,1.0,-1.0,-1.0,1.0,-2.5,False
calibrated,Legacy draw-to-home return weighting,0.05,1.01,1000,all,flat,228,228.0,31.05,0.1361842105263158,20.27,20.915,True
calibrated,Legacy draw-to-home return weighting,0.05,1.01,1000,home,flat,227,227.0,32.050000000000004,0.14118942731277534,20.27,21.915000000000006,True
calibrated,Legacy draw-to-home return weighting,0.05,1.01,1000,draw,flat,0,0.0,0.0,0.0,0.0,0.0,False
calibrated,Legacy draw-to-home return weighting,0.05,1.01,1000,away,flat,1,1.0,-1.0,-1.0,1.0,-2.5,False
calibrated,Legacy draw-to-home return weighting,0.05,1.01,2,all,flat,69,69.0,7.35,0.10652173913043478,5.1000000000000005,4.799999999999999,False
calibrated,Legacy draw-to-home return weighting,0.05,1.01,2,home,flat,69,69.0,7.35,0.10652173913043478,5.1000000000000005,4.799999999999999,False
calibrated,Legacy draw-to-home return weighting,0.05,1.01,2,draw,flat,0,0.0,0.0,0.0,0.0,0.0,False
calibrated,Legacy draw-to-home return weighting,0.05,1.01,2,away,flat,0,0.0,0.0,0.0,0.0,0.0,False
calibrated,Legacy draw-to-home return weighting,0.05,2,4,all,flat,39,39.0,-9.05,-0.23205128205128206,11.049999999999999,-23.625,False
calibrated,Legacy draw-to-home return weighting,0.05,2,4,home,flat,39,39.0,-9.05,-0.23205128205128206,11.049999999999999,-23.625,False
calibrated,Legacy draw-to-home return weighting,0.05,2,4,draw,flat,0,0.0,0.0,0.0,0.0,0.0,False
calibrated,Legacy draw-to-home return weighting,0.05,2,4,away,flat,0,0.0,0.0,0.0,0.0,0.0,False
calibrated,Legacy draw-to-home return weighting,0.05,4,1000,all,flat,127,127.0,33.75,0.265748031496063,17.75,24.875,True
calibrated,Legacy draw-to-home return weighting,0.05,4,1000,home,flat,126,126.0,34.75,0.2757936507936508,17.75,25.875,True
calibrated,Legacy draw-to-home return weighting,0.05,4,1000,draw,flat,0,0.0,0.0,0.0,0.0,0.0,False
calibrated,Legacy draw-to-home return weighting,0.05,4,1000,away,flat,1,1.0,-1.0,-1.0,1.0,-2.5,False
calibrated,Legacy draw-to-home return weighting,0.1,1.01,1000,all,flat,95,95.0,6.810000000000002,0.07168421052631581,17.97,-2.174999999999997,False
calibrated,Legacy draw-to-home return weighting,0.1,1.01,1000,home,flat,94,94.0,7.810000000000002,0.08308510638297875,17.97,-1.1749999999999972,False
calibrated,Legacy draw-to-home return weighting,0.1,1.01,1000,draw,flat,0,0.0,0.0,0.0,0.0,0.0,False
calibrated,Legacy draw-to-home return weighting,0.1,1.01,1000,away,flat,1,1.0,-1.0,-1.0,1.0,-2.5,False
calibrated,Legacy draw-to-home return weighting,0.1,1.01,2,all,flat,3,3.0,0.06000000000000005,0.020000000000000018,1.0,-1.44,False
calibrated,Legacy draw-to-home return weighting,0.1,1.01,2,home,flat,3,3.0,0.06000000000000005,0.020000000000000018,1.0,-1.44,False
calibrated,Legacy draw-to-home return weighting,0.1,1.01,2,draw,flat,0,0.0,0.0,0.0,0.0,0.0,False
calibrated,Legacy draw-to-home return weighting,0.1,1.01,2,away,flat,0,0.0,0.0,0.0,0.0,0.0,False
calibrated,Legacy draw-to-home return weighting,0.1,2,4,all,flat,8,8.0,-4.0,-0.5,6.0,-11.0,False
calibrated,Legacy draw-to-home return weighting,0.1,2,4,home,flat,8,8.0,-4.0,-0.5,6.0,-11.0,False
calibrated,Legacy draw-to-home return weighting,0.1,2,4,draw,flat,0,0.0,0.0,0.0,0.0,0.0,False
calibrated,Legacy draw-to-home return weighting,0.1,2,4,away,flat,0,0.0,0.0,0.0,0.0,0.0,False
calibrated,Legacy draw-to-home return weighting,0.1,4,1000,all,flat,87,87.0,11.75,0.13505747126436782,16.0,3.75,False
calibrated,Legacy draw-to-home return weighting,0.1,4,1000,home,flat,86,86.0,12.75,0.14825581395348839,16.0,4.75,False
calibrated,Legacy draw-to-home return weighting,0.1,4,1000,draw,flat,0,0.0,0.0,0.0,0.0,0.0,False
calibrated,Legacy draw-to-home return weighting,0.1,4,1000,away,flat,1,1.0,-1.0,-1.0,1.0,-2.5,False
calibrated,Legacy draw-to-home return weighting,0.2,1.01,1000,all,flat,48,48.0,10.25,0.21354166666666666,13.0,3.75,False
calibrated,Legacy draw-to-home return weighting,0.2,1.01,1000,home,flat,47,47.0,11.25,0.2393617021276596,13.0,4.75,False
calibrated,Legacy draw-to-home return weighting,0.2,1.01,1000,draw,flat,0,0.0,0.0,0.0,0.0,0.0,False
calibrated,Legacy draw-to-home return weighting,0.2,1.01,1000,away,flat,1,1.0,-1.0,-1.0,1.0,-2.5,False
calibrated,Legacy draw-to-home return weighting,0.2,1.01,2,all,flat,0,0.0,0.0,0.0,0.0,0.0,False
calibrated,Legacy draw-to-home return weighting,0.2,1.01,2,home,flat,0,0.0,0.0,0.0,0.0,0.0,False
calibrated,Legacy draw-to-home return weighting,0.2,1.01,2,draw,flat,0,0.0,0.0,0.0,0.0,0.0,False
calibrated,Legacy draw-to-home return weighting,0.2,1.01,2,away,flat,0,0.0,0.0,0.0,0.0,0.0,False
calibrated,Legacy draw-to-home return weighting,0.2,2,4,all,flat,1,1.0,-1.0,-1.0,1.0,-2.5,False
calibrated,Legacy draw-to-home return weighting,0.2,2,4,home,flat,1,1.0,-1.0,-1.0,1.0,-2.5,False
calibrated,Legacy draw-to-home return weighting,0.2,2,4,draw,flat,0,0.0,0.0,0.0,0.0,0.0,False
calibrated,Legacy draw-to-home return weighting,0.2,2,4,away,flat,0,0.0,0.0,0.0,0.0,0.0,False
calibrated,Legacy draw-to-home return weighting,0.2,4,1000,all,flat,48,48.0,10.25,0.21354166666666666,13.0,3.75,False
calibrated,Legacy draw-to-home return weighting,0.2,4,1000,home,flat,47,47.0,11.25,0.2393617021276596,13.0,4.75,False
calibrated,Legacy draw-to-home return weighting,0.2,4,1000,draw,flat,0,0.0,0.0,0.0,0.0,0.0,False
calibrated,Legacy draw-to-home return weighting,0.2,4,1000,away,flat,1,1.0,-1.0,-1.0,1.0,-2.5,False
calibrated,Legacy market power weighting,0,1.01,1000,all,flat,412,412.0,-78.82999999999998,-0.19133495145631063,89.72999999999999,-202.52499999999998,True
calibrated,Legacy market power weighting,0,1.01,1000,home,flat,87,87.0,-17.29,-0.19873563218390802,21.489999999999995,-45.325,False
calibrated,Legacy market power weighting,0,1.01,1000,draw,flat,288,288.0,-52.940000000000005,-0.18381944444444445,68.14,-139.95000000000002,True
calibrated,Legacy market power weighting,0,1.01,1000,away,flat,37,37.0,-8.6,-0.23243243243243242,8.799999999999997,-21.599999999999998,False
calibrated,Legacy market power weighting,0,1.01,2,all,flat,0,0.0,0.0,0.0,0.0,0.0,False
calibrated,Legacy market power weighting,0,1.01,2,home,flat,0,0.0,0.0,0.0,0.0,0.0,False
calibrated,Legacy market power weighting,0,1.01,2,draw,flat,0,0.0,0.0,0.0,0.0,0.0,False
calibrated,Legacy market power weighting,0,1.01,2,away,flat,0,0.0,0.0,0.0,0.0,0.0,False
calibrated,Legacy market power weighting,0,2,4,all,flat,224,224.0,-18.689999999999994,-0.08343749999999997,32.089999999999996,-55.374999999999986,True
calibrated,Legacy market power weighting,0,2,4,home,flat,87,87.0,-17.29,-0.19873563218390802,21.489999999999995,-45.325,False
calibrated,Legacy market power weighting,0,2,4,draw,flat,100,100.0,7.200000000000003,0.07200000000000002,14.649999999999999,-10.274999999999999,True
calibrated,Legacy market power weighting,0,2,4,away,flat,37,37.0,-8.6,-0.23243243243243242,8.799999999999997,-21.599999999999998,False
calibrated,Legacy market power weighting,0,4,1000,all,flat,208,208.0,-80.14,-0.3852884615384615,93.34,-206.95,True
calibrated,Legacy market power weighting,0,4,1000,home,flat,0,0.0,0.0,0.0,0.0,0.0,False
calibrated,Legacy market power weighting,0,4,1000,draw,flat,208,208.0,-80.14,-0.3852884615384615,93.34,-206.95,True
calibrated,Legacy market power weighting,0,4,1000,away,flat,0,0.0,0.0,0.0,0.0,0.0,False
calibrated,Legacy market power weighting,0.02,1.01,1000,all,flat,218,218.0,-74.73,-0.3427981651376147,82.02999999999999,-190.475,True
calibrated,Legacy market power weighting,0.02,1.01,1000,home,flat,42,42.0,-7.68,-0.18285714285714286,11.280000000000001,-21.0,False
calibrated,Legacy market power weighting,0.02,1.01,1000,draw,flat,158,158.0,-57.849999999999994,-0.36613924050632907,65.35,-148.375,True
calibrated,Legacy market power weighting,0.02,1.01,1000,away,flat,18,18.0,-9.2,-0.5111111111111111,9.5,-23.15,False
calibrated,Legacy market power weighting,0.02,1.01,2,all,flat,0,0.0,0.0,0.0,0.0,0.0,False
calibrated,Legacy market power weighting,0.02,1.01,2,home,flat,0,0.0,0.0,0.0,0.0,0.0,False
calibrated,Legacy market power weighting,0.02,1.01,2,draw,flat,0,0.0,0.0,0.0,0.0,0.0,False
calibrated,Legacy market power weighting,0.02,1.01,2,away,flat,0,0.0,0.0,0.0,0.0,0.0,False
calibrated,Legacy market power weighting,0.02,2,4,all,flat,95,95.0,-15.43,-0.16242105263157894,18.330000000000005,-40.025000000000006,False
calibrated,Legacy market power weighting,0.02,2,4,home,flat,42,42.0,-7.68,-0.18285714285714286,11.280000000000001,-21.0,False
calibrated,Legacy market power weighting,0.02,2,4,draw,flat,35,35.0,1.450000000000001,0.04142857142857146,9.9,-10.399999999999999,False
calibrated,Legacy market power weighting,0.02,2,4,away,flat,18,18.0,-9.2,-0.5111111111111111,9.5,-23.15,False
calibrated,Legacy market power weighting,0.02,4,1000,all,flat,128,128.0,-64.3,-0.50234375,71.8,-164.5,True
calibrated,Legacy market power weighting,0.02,4,1000,home,flat,0,0.0,0.0,0.0,0.0,0.0,False
calibrated,Legacy market power weighting,0.02,4,1000,draw,flat,128,128.0,-64.3,-0.50234375,71.8,-164.5,True
calibrated,Legacy market power weighting,0.02,4,1000,away,flat,0,0.0,0.0,0.0,0.0,0.0,False
calibrated,Legacy market power weighting,0.05,1.01,1000,all,flat,80,80.0,-48.2,-0.6025,50.1,-121.45,False
calibrated,Legacy market power weighting,0.05,1.01,1000,home,flat,10,10.0,-4.1,-0.41,4.1,-10.25,False
calibrated,Legacy market power weighting,0.05,1.01,1000,draw,flat,65,65.0,-42.7,-0.6569230769230769,47.6,-109.2,False
calibrated,Legacy market power weighting,0.05,1.01,1000,away,flat,5,5.0,-1.4,-0.27999999999999997,3.0,-4.9,False
calibrated,Legacy market power weighting,0.05,1.01,2,all,flat,0,0.0,0.0,0.0,0.0,0.0,False
calibrated,Legacy market power weighting,0.05,1.01,2,home,flat,0,0.0,0.0,0.0,0.0,0.0,False
calibrated,Legacy market power weighting,0.05,1.01,2,draw,flat,0,0.0,0.0,0.0,0.0,0.0,False
calibrated,Legacy market power weighting,0.05,1.01,2,away,flat,0,0.0,0.0,0.0,0.0,0.0,False
calibrated,Legacy market power weighting,0.05,2,4,all,flat,21,21.0,-3.8999999999999995,-0.1857142857142857,7.699999999999999,-11.649999999999999,False
calibrated,Legacy market power weighting,0.05,2,4,home,flat,10,10.0,-4.1,-0.41,4.1,-10.25,False
calibrated,Legacy market power weighting,0.05,2,4,draw,flat,6,6.0,1.5999999999999996,0.2666666666666666,4.0,-1.4000000000000004,False
calibrated,Legacy market power weighting,0.05,2,4,away,flat,5,5.0,-1.4,-0.27999999999999997,3.0,-4.9,False
calibrated,Legacy market power weighting,0.05,4,1000,all,flat,59,59.0,-44.3,-0.7508474576271186,47.5,-112.35,False
calibrated,Legacy market power weighting,0.05,4,1000,home,flat,0,0.0,0.0,0.0,0.0,0.0,False
calibrated,Legacy market power weighting,0.05,4,1000,draw,flat,59,59.0,-44.3,-0.7508474576271186,47.5,-112.35,False
calibrated,Legacy market power weighting,0.05,4,1000,away,flat,0,0.0,0.0,0.0,0.0,0.0,False
calibrated,Legacy market power weighting,0.1,1.01,1000,all,flat,24,24.0,-19.0,-0.7916666666666666,21.0,-48.5,False
calibrated,Legacy market power weighting,0.1,1.01,1000,home,flat,3,3.0,-3.0,-1.0,3.0,-7.5,False
calibrated,Legacy market power weighting,0.1,1.01,1000,draw,flat,21,21.0,-16.0,-0.7619047619047619,19.0,-41.5,False
calibrated,Legacy market power weighting,0.1,1.01,1000,away,flat,0,0.0,0.0,0.0,0.0,0.0,False
calibrated,Legacy market power weighting,0.1,1.01,2,all,flat,0,0.0,0.0,0.0,0.0,0.0,False
calibrated,Legacy market power weighting,0.1,1.01,2,home,flat,0,0.0,0.0,0.0,0.0,0.0,False
calibrated,Legacy market power weighting,0.1,1.01,2,draw,flat,0,0.0,0.0,0.0,0.0,0.0,False
calibrated,Legacy market power weighting,0.1,1.01,2,away,flat,0,0.0,0.0,0.0,0.0,0.0,False
calibrated,Legacy market power weighting,0.1,2,4,all,flat,3,3.0,-3.0,-1.0,3.0,-7.5,False
calibrated,Legacy market power weighting,0.1,2,4,home,flat,3,3.0,-3.0,-1.0,3.0,-7.5,False
calibrated,Legacy market power weighting,0.1,2,4,draw,flat,0,0.0,0.0,0.0,0.0,0.0,False
calibrated,Legacy market power weighting,0.1,2,4,away,flat,0,0.0,0.0,0.0,0.0,0.0,False
calibrated,Legacy market power weighting,0.1,4,1000,all,flat,21,21.0,-16.0,-0.7619047619047619,19.0,-41.5,False
calibrated,Legacy market power weighting,0.1,4,1000,home,flat,0,0.0,0.0,0.0,0.0,0.0,False
calibrated,Legacy market power weighting,0.1,4,1000,draw,flat,21,21.0,-16.0,-0.7619047619047619,19.0,-41.5,False
calibrated,Legacy market power weighting,0.1,4,1000,away,flat,0,0.0,0.0,0.0,0.0,0.0,False
calibrated,Legacy market power weighting,0.2,1.01,1000,all,flat,2,2.0,-2.0,-1.0,2.0,-5.0,False
calibrated,Legacy market power weighting,0.2,1.01,1000,home,flat,0,0.0,0.0,0.0,0.0,0.0,False
calibrated,Legacy market power weighting,0.2,1.01,1000,draw,flat,2,2.0,-2.0,-1.0,2.0,-5.0,False
calibrated,Legacy market power weighting,0.2,1.01,1000,away,flat,0,0.0,0.0,0.0,0.0,0.0,False
calibrated,Legacy market power weighting,0.2,1.01,2,all,flat,0,0.0,0.0,0.0,0.0,0.0,False
calibrated,Legacy market power weighting,0.2,1.01,2,home,flat,0,0.0,0.0,0.0,0.0,0.0,False
calibrated,Legacy market power weighting,0.2,1.01,2,draw,flat,0,0.0,0.0,0.0,0.0,0.0,False
calibrated,Legacy market power weighting,0.2,1.01,2,away,flat,0,0.0,0.0,0.0,0.0,0.0,False
calibrated,Legacy market power weighting,0.2,2,4,all,flat,0,0.0,0.0,0.0,0.0,0.0,False
calibrated,Legacy market power weighting,0.2,2,4,home,flat,0,0.0,0.0,0.0,0.0,0.0,False
calibrated,Legacy market power weighting,0.2,2,4,draw,flat,0,0.0,0.0,0.0,0.0,0.0,False
calibrated,Legacy market power weighting,0.2,2,4,away,flat,0,0.0,0.0,0.0,0.0,0.0,False
calibrated,Legacy market power weighting,0.2,4,1000,all,flat,2,2.0,-2.0,-1.0,2.0,-5.0,False
calibrated,Legacy market power weighting,0.2,4,1000,home,flat,0,0.0,0.0,0.0,0.0,0.0,False
calibrated,Legacy market power weighting,0.2,4,1000,draw,flat,2,2.0,-2.0,-1.0,2.0,-5.0,False
calibrated,Legacy market power weighting,0.2,4,1000,away,flat,0,0.0,0.0,0.0,0.0,0.0,False
calibrated,Legacy variance score,0,1.01,1000,all,flat,944,944.0,-6.639999999999997,-0.007033898305084742,56.76999999999999,-50.29499999999999,True
calibrated,Legacy variance score,0,1.01,1000,home,flat,257,257.0,19.380000000000003,0.07540856031128405,23.15,7.805000000000003,True
calibrated,Legacy variance score,0,1.01,1000,draw,flat,461,461.0,-21.050000000000004,-0.04566160520607376,54.2,-73.10000000000001,True
calibrated,Legacy variance score,0,1.01,1000,away,flat,226,226.0,-4.97,-0.021991150442477875,20.650000000000002,-20.265,True
calibrated,Legacy variance score,0,1.01,2,all,flat,0,0.0,0.0,0.0,0.0,0.0,False
calibrated,Legacy variance score,0,1.01,2,home,flat,0,0.0,0.0,0.0,0.0,0.0,False
calibrated,Legacy variance score,0,1.01,2,draw,flat,0,0.0,0.0,0.0,0.0,0.0,False
calibrated,Legacy variance score,0,1.01,2,away,flat,0,0.0,0.0,0.0,0.0,0.0,False
calibrated,Legacy variance score,0,2,4,all,flat,636,636.0,-18.900000000000013,-0.029716981132075493,60.800000000000004,-81.50000000000001,True
calibrated,Legacy variance score,0,2,4,home,flat,75,75.0,-7.450000000000001,-0.09933333333333334,16.25,-28.625,False
calibrated,Legacy variance score,0,2,4,draw,flat,407,407.0,-0.8500000000000068,-0.002088452088452105,45.7,-41.05000000000001,True
calibrated,Legacy variance score,0,2,4,away,flat,154,154.0,-10.6,-0.06883116883116883,22.200000000000003,-32.300000000000004,True
calibrated,Legacy variance score,0,4,1000,all,flat,370,370.0,14.259999999999998,0.038540540540540534,27.25,0.634999999999998,True
calibrated,Legacy variance score,0,4,1000,home,flat,193,193.0,35.83,0.18564766839378238,19.75,25.955,True
calibrated,Legacy variance score,0,4,1000,draw,flat,89,89.0,-19.2,-0.2157303370786517,27.5,-52.150000000000006,False
calibrated,Legacy variance score,0,4,1000,away,flat,88,88.0,-2.3699999999999983,-0.026931818181818164,15.100000000000001,-12.289999999999996,False
calibrated,Legacy variance score,0.02,1.01,1000,all,flat,661,661.0,-36.57000000000001,-0.055325264750378224,71.62,-108.95000000000002,True
calibrated,Legacy variance score,0.02,1.01,1000,home,flat,200,200.0,20.229999999999997,0.10114999999999999,22.65,8.904999999999998,True
calibrated,Legacy variance score,0.02,1.01,1000,draw,flat,300,300.0,-39.65,-0.13216666666666665,58.85,-108.72500000000001,True
calibrated,Legacy variance score,0.02,1.01,1000,away,flat,161,161.0,-17.15,-0.10652173913043478,24.500000000000007,-46.55,True
calibrated,Legacy variance score,0.02,1.01,2,all,flat,0,0.0,0.0,0.0,0.0,0.0,False
calibrated,Legacy variance score,0.02,1.01,2,home,flat,0,0.0,0.0,0.0,0.0,0.0,False
calibrated,Legacy variance score,0.02,1.01,2,draw,flat,0,0.0,0.0,0.0,0.0,0.0,False
calibrated,Legacy variance score,0.02,1.01,2,away,flat,0,0.0,0.0,0.0,0.0,0.0,False
calibrated,Legacy variance score,0.02,2,4,all,flat,420,420.0,-39.65000000000001,-0.09440476190476194,65.04999999999998,-112.12500000000001,True
calibrated,Legacy variance score,0.02,2,4,home,flat,49,49.0,-5.35,-0.10918367346938775,12.45,-23.025,False
calibrated,Legacy variance score,0.02,2,4,draw,flat,260,260.0,-13.55,-0.05211538461538462,40.349999999999994,-50.724999999999994,True
calibrated,Legacy variance score,0.02,2,4,away,flat,111,111.0,-20.75,-0.18693693693693694,33.849999999999994,-58.425,True
calibrated,Legacy variance score,0.02,4,1000,all,flat,283,283.0,9.079999999999998,0.03208480565371024,33.55,-7.695,True
calibrated,Legacy variance score,0.02,4,1000,home,flat,162,162.0,34.58,0.21345679012345678,24.5,22.33,True
calibrated,Legacy variance score,0.02,4,1000,draw,flat,64,64.0,-22.1,-0.3453125,26.3,-57.35,False
calibrated,Legacy variance score,0.02,4,1000,away,flat,57,57.0,-3.4000000000000004,-0.05964912280701755,11.3,-13.450000000000001,False
calibrated,Legacy variance score,0.05,1.01,1000,all,flat,359,359.0,-16.450000000000003,-0.04582172701949862,44.05,-55.325,True
calibrated,Legacy variance score,0.05,1.01,1000,home,flat,147,147.0,30.6,0.20816326530612245,20.95,20.125,True
calibrated,Legacy variance score,0.05,1.01,1000,draw,flat,132,132.0,-27.6,-0.2090909090909091,38.349999999999994,-74.375,True
calibrated,Legacy variance score,0.05,1.01,1000,away,flat,80,80.0,-19.450000000000003,-0.24312500000000004,22.85,-50.325,False
calibrated,Legacy variance score,0.05,1.01,2,all,flat,0,0.0,0.0,0.0,0.0,0.0,False
calibrated,Legacy variance score,0.05,1.01,2,home,flat,0,0.0,0.0,0.0,0.0,0.0,False
calibrated,Legacy variance score,0.05,1.01,2,draw,flat,0,0.0,0.0,0.0,0.0,0.0,False
calibrated,Legacy variance score,0.05,1.01,2,away,flat,0,0.0,0.0,0.0,0.0,0.0,False
calibrated,Legacy variance score,0.05,2,4,all,flat,195,195.0,-35.1,-0.18000000000000002,40.75,-90.575,True
calibrated,Legacy variance score,0.05,2,4,home,flat,27,27.0,-2.1500000000000004,-0.07962962962962965,4.7,-6.95,False
calibrated,Legacy variance score,0.05,2,4,draw,flat,114,114.0,-19.3,-0.1692982456140351,26.849999999999998,-52.025000000000006,True
calibrated,Legacy variance score,0.05,2,4,away,flat,54,54.0,-13.65,-0.25277777777777777,17.050000000000004,-35.825,False
calibrated,Legacy variance score,0.05,4,1000,all,flat,188,188.0,22.65,0.1204787234042553,31.5,6.899999999999999,True
calibrated,Legacy variance score,0.05,4,1000,home,flat,126,126.0,34.75,0.2757936507936508,17.75,25.875,True
calibrated,Legacy variance score,0.05,4,1000,draw,flat,31,31.0,-1.2999999999999998,-0.04193548387096774,15.0,-13.3,False
calibrated,Legacy variance score,0.05,4,1000,away,flat,31,31.0,-10.8,-0.34838709677419355,14.0,-28.6,False
calibrated,Legacy variance score,0.1,1.01,1000,all,flat,107,107.0,11.55,0.10794392523364486,17.0,3.0500000000000007,True
calibrated,Legacy variance score,0.1,1.01,1000,home,flat,86,86.0,12.75,0.14825581395348839,16.0,4.75,False
calibrated,Legacy variance score,0.1,1.01,1000,draw,flat,10,10.0,6.2,0.62,4.0,4.2,False
calibrated,Legacy variance score,0.1,1.01,1000,away,flat,11,11.0,-7.4,-0.6727272727272727,7.4,-18.5,False
calibrated,Legacy variance score,0.1,1.01,2,all,flat,0,0.0,0.0,0.0,0.0,0.0,False
calibrated,Legacy variance score,0.1,1.01,2,home,flat,0,0.0,0.0,0.0,0.0,0.0,False
calibrated,Legacy variance score,0.1,1.01,2,draw,flat,0,0.0,0.0,0.0,0.0,0.0,False
calibrated,Legacy variance score,0.1,1.01,2,away,flat,0,0.0,0.0,0.0,0.0,0.0,False
calibrated,Legacy variance score,0.1,2,4,all,flat,12,12.0,7.6,0.6333333333333333,2.0,6.6,False
calibrated,Legacy variance score,0.1,2,4,home,flat,3,3.0,1.0,0.3333333333333333,2.0,-1.0,False
calibrated,Legacy variance score,0.1,2,4,draw,flat,5,5.0,7.0,1.4,1.0,6.5,False
calibrated,Legacy variance score,0.1,2,4,away,flat,4,4.0,-0.3999999999999999,-0.09999999999999998,2.0,-1.7999999999999998,False
calibrated,Legacy variance score,0.1,4,1000,all,flat,102,102.0,12.95,0.12696078431372548,17.0,4.449999999999999,True
calibrated,Legacy variance score,0.1,4,1000,home,flat,86,86.0,12.75,0.14825581395348839,16.0,4.75,False
calibrated,Legacy variance score,0.1,4,1000,draw,flat,9,9.0,7.2,0.8,3.0,5.7,False
calibrated,Legacy variance score,0.1,4,1000,away,flat,7,7.0,-7.0,-1.0,7.0,-17.5,False
calibrated,Legacy variance score,0.2,1.01,1000,all,flat,48,48.0,10.25,0.21354166666666666,13.0,3.75,False
calibrated,Legacy variance score,0.2,1.01,1000,home,flat,47,47.0,11.25,0.2393617021276596,13.0,4.75,False
calibrated,Legacy variance score,0.2,1.01,1000,draw,flat,0,0.0,0.0,0.0,0.0,0.0,False
calibrated,Legacy variance score,0.2,1.01,1000,away,flat,1,1.0,-1.0,-1.0,1.0,-2.5,False
calibrated,Legacy variance score,0.2,1.01,2,all,flat,0,0.0,0.0,0.0,0.0,0.0,False
calibrated,Legacy variance score,0.2,1.01,2,home,flat,0,0.0,0.0,0.0,0.0,0.0,False
calibrated,Legacy variance score,0.2,1.01,2,draw,flat,0,0.0,0.0,0.0,0.0,0.0,False
calibrated,Legacy variance score,0.2,1.01,2,away,flat,0,0.0,0.0,0.0,0.0,0.0,False
calibrated,Legacy variance score,0.2,2,4,all,flat,1,1.0,-1.0,-1.0,1.0,-2.5,False
calibrated,Legacy variance score,0.2,2,4,home,flat,1,1.0,-1.0,-1.0,1.0,-2.5,False
calibrated,Legacy variance score,0.2,2,4,draw,flat,0,0.0,0.0,0.0,0.0,0.0,False
calibrated,Legacy variance score,0.2,2,4,away,flat,0,0.0,0.0,0.0,0.0,0.0,False
calibrated,Legacy variance score,0.2,4,1000,all,flat,48,48.0,10.25,0.21354166666666666,13.0,3.75,False
calibrated,Legacy variance score,0.2,4,1000,home,flat,47,47.0,11.25,0.2393617021276596,13.0,4.75,False
calibrated,Legacy variance score,0.2,4,1000,draw,flat,0,0.0,0.0,0.0,0.0,0.0,False
calibrated,Legacy variance score,0.2,4,1000,away,flat,1,1.0,-1.0,-1.0,1.0,-2.5,False
calibrated,Home win or skip (sqrt profit),0,1.01,1000,all,flat,846,846.0,-39.830000000000005,-0.047080378250591026,55.790000000000035,-107.55500000000002,True
calibrated,Home win or skip (sqrt profit),0,1.01,1000,home,flat,846,846.0,-39.830000000000005,-0.047080378250591026,55.790000000000035,-107.55500000000002,True
calibrated,Home win or skip (sqrt profit),0,1.01,1000,draw,flat,0,0.0,0.0,0.0,0.0,0.0,False
calibrated,Home win or skip (sqrt profit),0,1.01,1000,away,flat,0,0.0,0.0,0.0,0.0,0.0,False
calibrated,Home win or skip (sqrt profit),0,1.01,2,all,flat,462,462.0,-27.98,-0.06056277056277056,41.00000000000001,-79.32000000000001,True
calibrated,Home win or skip (sqrt profit),0,1.01,2,home,flat,462,462.0,-27.98,-0.06056277056277056,41.00000000000001,-79.32000000000001,True
calibrated,Home win or skip (sqrt profit),0,1.01,2,draw,flat,0,0.0,0.0,0.0,0.0,0.0,False
calibrated,Home win or skip (sqrt profit),0,1.01,2,away,flat,0,0.0,0.0,0.0,0.0,0.0,False
calibrated,Home win or skip (sqrt profit),0,2,4,all,flat,203,203.0,-37.68,-0.18561576354679804,43.08000000000001,-96.9,True
calibrated,Home win or skip (sqrt profit),0,2,4,home,flat,203,203.0,-37.68,-0.18561576354679804,43.08000000000001,-96.9,True
calibrated,Home win or skip (sqrt profit),0,2,4,draw,flat,0,0.0,0.0,0.0,0.0,0.0,False
calibrated,Home win or skip (sqrt profit),0,2,4,away,flat,0,0.0,0.0,0.0,0.0,0.0,False
calibrated,Home win or skip (sqrt profit),0,4,1000,all,flat,196,196.0,36.83,0.18790816326530613,19.75,26.955,True
calibrated,Home win or skip (sqrt profit),0,4,1000,home,flat,196,196.0,36.83,0.18790816326530613,19.75,26.955,True
calibrated,Home win or skip (sqrt profit),0,4,1000,draw,flat,0,0.0,0.0,0.0,0.0,0.0,False
calibrated,Home win or skip (sqrt profit),0,4,1000,away,flat,0,0.0,0.0,0.0,0.0,0.0,False
calibrated,Home win or skip (sqrt profit),0.02,1.01,1000,all,flat,516,516.0,-8.07,-0.01563953488372093,36.91,-37.795,True
calibrated,Home win or skip (sqrt profit),0.02,1.01,1000,home,flat,516,516.0,-8.07,-0.01563953488372093,36.91,-37.795,True
calibrated,Home win or skip (sqrt profit),0.02,1.01,1000,draw,flat,0,0.0,0.0,0.0,0.0,0.0,False
calibrated,Home win or skip (sqrt profit),0.02,1.01,1000,away,flat,0,0.0,0.0,0.0,0.0,0.0,False
calibrated,Home win or skip (sqrt profit),0.02,1.01,2,all,flat,261,261.0,-16.689999999999998,-0.06394636015325669,27.020000000000003,-53.19,True
calibrated,Home win or skip (sqrt profit),0.02,1.01,2,home,flat,261,261.0,-16.689999999999998,-0.06394636015325669,27.020000000000003,-53.19,True
calibrated,Home win or skip (sqrt profit),0.02,1.01,2,draw,flat,0,0.0,0.0,0.0,0.0,0.0,False
calibrated,Home win or skip (sqrt profit),0.02,1.01,2,away,flat,0,0.0,0.0,0.0,0.0,0.0,False
calibrated,Home win or skip (sqrt profit),0.02,2,4,all,flat,105,105.0,-17.96,-0.17104761904761906,25.56,-48.7,True
calibrated,Home win or skip (sqrt profit),0.02,2,4,home,flat,105,105.0,-17.96,-0.17104761904761906,25.56,-48.7,True
calibrated,Home win or skip (sqrt profit),0.02,2,4,draw,flat,0,0.0,0.0,0.0,0.0,0.0,False
calibrated,Home win or skip (sqrt profit),0.02,2,4,away,flat,0,0.0,0.0,0.0,0.0,0.0,False
calibrated,Home win or skip (sqrt profit),0.02,4,1000,all,flat,162,162.0,34.58,0.21345679012345678,24.5,22.33,True
calibrated,Home win or skip (sqrt profit),0.02,4,1000,home,flat,162,162.0,34.58,0.21345679012345678,24.5,22.33,True
calibrated,Home win or skip (sqrt profit),0.02,4,1000,draw,flat,0,0.0,0.0,0.0,0.0,0.0,False
calibrated,Home win or skip (sqrt profit),0.02,4,1000,away,flat,0,0.0,0.0,0.0,0.0,0.0,False
calibrated,Home win or skip (sqrt profit),0.05,1.01,1000,all,flat,227,227.0,32.050000000000004,0.14118942731277534,20.27,21.915000000000006,True
calibrated,Home win or skip (sqrt profit),0.05,1.01,1000,home,flat,227,227.0,32.050000000000004,0.14118942731277534,20.27,21.915000000000006,True
calibrated,Home win or skip (sqrt profit),0.05,1.01,1000,draw,flat,0,0.0,0.0,0.0,0.0,0.0,False
calibrated,Home win or skip (sqrt profit),0.05,1.01,1000,away,flat,0,0.0,0.0,0.0,0.0,0.0,False
calibrated,Home win or skip (sqrt profit),0.05,1.01,2,all,flat,69,69.0,7.35,0.10652173913043478,5.1000000000000005,4.799999999999999,False
calibrated,Home win or skip (sqrt profit),0.05,1.01,2,home,flat,69,69.0,7.35,0.10652173913043478,5.1000000000000005,4.799999999999999,False
calibrated,Home win or skip (sqrt profit),0.05,1.01,2,draw,flat,0,0.0,0.0,0.0,0.0,0.0,False
calibrated,Home win or skip (sqrt profit),0.05,1.01,2,away,flat,0,0.0,0.0,0.0,0.0,0.0,False
calibrated,Home win or skip (sqrt profit),0.05,2,4,all,flat,39,39.0,-9.05,-0.23205128205128206,11.049999999999999,-23.625,False
calibrated,Home win or skip (sqrt profit),0.05,2,4,home,flat,39,39.0,-9.05,-0.23205128205128206,11.049999999999999,-23.625,False
calibrated,Home win or skip (sqrt profit),0.05,2,4,draw,flat,0,0.0,0.0,0.0,0.0,0.0,False
calibrated,Home win or skip (sqrt profit),0.05,2,4,away,flat,0,0.0,0.0,0.0,0.0,0.0,False
calibrated,Home win or skip (sqrt profit),0.05,4,1000,all,flat,126,126.0,34.75,0.2757936507936508,17.75,25.875,True
calibrated,Home win or skip (sqrt profit),0.05,4,1000,home,flat,126,126.0,34.75,0.2757936507936508,17.75,25.875,True
calibrated,Home win or skip (sqrt profit),0.05,4,1000,draw,flat,0,0.0,0.0,0.0,0.0,0.0,False
calibrated,Home win or skip (sqrt profit),0.05,4,1000,away,flat,0,0.0,0.0,0.0,0.0,0.0,False
calibrated,Home win or skip (sqrt profit),0.1,1.01,1000,all,flat,94,94.0,7.810000000000002,0.08308510638297875,17.97,-1.1749999999999972,False
calibrated,Home win or skip (sqrt profit),0.1,1.01,1000,home,flat,94,94.0,7.810000000000002,0.08308510638297875,17.97,-1.1749999999999972,False
calibrated,Home win or skip (sqrt profit),0.1,1.01,1000,draw,flat,0,0.0,0.0,0.0,0.0,0.0,False
calibrated,Home win or skip (sqrt profit),0.1,1.01,1000,away,flat,0,0.0,0.0,0.0,0.0,0.0,False
calibrated,Home win or skip (sqrt profit),0.1,1.01,2,all,flat,3,3.0,0.06000000000000005,0.020000000000000018,1.0,-1.44,False
calibrated,Home win or skip (sqrt profit),0.1,1.01,2,home,flat,3,3.0,0.06000000000000005,0.020000000000000018,1.0,-1.44,False
calibrated,Home win or skip (sqrt profit),0.1,1.01,2,draw,flat,0,0.0,0.0,0.0,0.0,0.0,False
calibrated,Home win or skip (sqrt profit),0.1,1.01,2,away,flat,0,0.0,0.0,0.0,0.0,0.0,False
calibrated,Home win or skip (sqrt profit),0.1,2,4,all,flat,8,8.0,-4.0,-0.5,6.0,-11.0,False
calibrated,Home win or skip (sqrt profit),0.1,2,4,home,flat,8,8.0,-4.0,-0.5,6.0,-11.0,False
calibrated,Home win or skip (sqrt profit),0.1,2,4,draw,flat,0,0.0,0.0,0.0,0.0,0.0,False
calibrated,Home win or skip (sqrt profit),0.1,2,4,away,flat,0,0.0,0.0,0.0,0.0,0.0,False
calibrated,Home win or skip (sqrt profit),0.1,4,1000,all,flat,86,86.0,12.75,0.14825581395348839,16.0,4.75,False
calibrated,Home win or skip (sqrt profit),0.1,4,1000,home,flat,86,86.0,12.75,0.14825581395348839,16.0,4.75,False
calibrated,Home win or skip (sqrt profit),0.1,4,1000,draw,flat,0,0.0,0.0,0.0,0.0,0.0,False
calibrated,Home win or skip (sqrt profit),0.1,4,1000,away,flat,0,0.0,0.0,0.0,0.0,0.0,False
calibrated,Home win or skip (sqrt profit),0.2,1.01,1000,all,flat,47,47.0,11.25,0.2393617021276596,13.0,4.75,False
calibrated,Home win or skip (sqrt profit),0.2,1.01,1000,home,flat,47,47.0,11.25,0.2393617021276596,13.0,4.75,False
calibrated,Home win or skip (sqrt profit),0.2,1.01,1000,draw,flat,0,0.0,0.0,0.0,0.0,0.0,False
calibrated,Home win or skip (sqrt profit),0.2,1.01,1000,away,flat,0,0.0,0.0,0.0,0.0,0.0,False
calibrated,Home win or skip (sqrt profit),0.2,1.01,2,all,flat,0,0.0,0.0,0.0,0.0,0.0,False
calibrated,Home win or skip (sqrt profit),0.2,1.01,2,home,flat,0,0.0,0.0,0.0,0.0,0.0,False
calibrated,Home win or skip (sqrt profit),0.2,1.01,2,draw,flat,0,0.0,0.0,0.0,0.0,0.0,False
calibrated,Home win or skip (sqrt profit),0.2,1.01,2,away,flat,0,0.0,0.0,0.0,0.0,0.0,False
calibrated,Home win or skip (sqrt profit),0.2,2,4,all,flat,1,1.0,-1.0,-1.0,1.0,-2.5,False
calibrated,Home win or skip (sqrt profit),0.2,2,4,home,flat,1,1.0,-1.0,-1.0,1.0,-2.5,False
calibrated,Home win or skip (sqrt profit),0.2,2,4,draw,flat,0,0.0,0.0,0.0,0.0,0.0,False
calibrated,Home win or skip (sqrt profit),0.2,2,4,away,flat,0,0.0,0.0,0.0,0.0,0.0,False
calibrated,Home win or skip (sqrt profit),0.2,4,1000,all,flat,47,47.0,11.25,0.2393617021276596,13.0,4.75,False
calibrated,Home win or skip (sqrt profit),0.2,4,1000,home,flat,47,47.0,11.25,0.2393617021276596,13.0,4.75,False
calibrated,Home win or skip (sqrt profit),0.2,4,1000,draw,flat,0,0.0,0.0,0.0,0.0,0.0,False
calibrated,Home win or skip (sqrt profit),0.2,4,1000,away,flat,0,0.0,0.0,0.0,0.0,0.0,False
calibrated,Home loses vs not (synthetic double chance),0,1.01,1000,all,flat,506,506.0,-22.767369963719894,-0.04499480229984169,35.0220131243559,-63.045746489617734,True
calibrated,Home loses vs not (synthetic double chance),0,1.01,1000,home,flat,0,0.0,0.0,0.0,0.0,0.0,False
calibrated,Home loses vs not (synthetic double chance),0,1.01,1000,draw,flat,0,0.0,0.0,0.0,0.0,0.0,False
calibrated,Home loses vs not (synthetic double chance),0,1.01,1000,away,flat,125,125.0,1.4000000000000021,0.011200000000000017,16.409999999999997,-9.434999999999995,True
calibrated,Home loses vs not (synthetic double chance),0,1.01,2,all,flat,486,486.0,-15.20178671347064,-0.031279396529774975,29.18083665376767,-44.993991753825114,True
calibrated,Home loses vs not (synthetic double chance),0,1.01,2,home,flat,0,0.0,0.0,0.0,0.0,0.0,False
calibrated,Home loses vs not (synthetic double chance),0,1.01,2,draw,flat,0,0.0,0.0,0.0,0.0,0.0,False
calibrated,Home loses vs not (synthetic double chance),0,1.01,2,away,flat,115,115.0,3.160000000000004,0.027478260869565254,13.46,-3.5699999999999963,True
calibrated,Home loses vs not (synthetic double chance),0,2,4,all,flat,28,28.0,-7.565583250249253,-0.27019940179461616,9.0,-19.631166500498505,False
calibrated,Home loses vs not (synthetic double chance),0,2,4,home,flat,0,0.0,0.0,0.0,0.0,0.0,False
calibrated,Home loses vs not (synthetic double chance),0,2,4,draw,flat,0,0.0,0.0,0.0,0.0,0.0,False
calibrated,Home loses vs not (synthetic double chance),0,2,4,away,flat,16,16.0,-1.7600000000000002,-0.11000000000000001,7.0,-8.26,False
calibrated,Home loses vs not (synthetic double chance),0,4,1000,all,flat,0,0.0,0.0,0.0,0.0,0.0,False
calibrated,Home loses vs not (synthetic double chance),0,4,1000,home,flat,0,0.0,0.0,0.0,0.0,0.0,False
calibrated,Home loses vs not (synthetic double chance),0,4,1000,draw,flat,0,0.0,0.0,0.0,0.0,0.0,False
calibrated,Home loses vs not (synthetic double chance),0,4,1000,away,flat,0,0.0,0.0,0.0,0.0,0.0,False
calibrated,Home loses vs not (synthetic double chance),0.02,1.01,1000,all,flat,176,176.0,-35.62138022811026,-0.20239420584153558,40.16923852280547,-91.32737971762326,True
calibrated,Home loses vs not (synthetic double chance),0.02,1.01,1000,home,flat,0,0.0,0.0,0.0,0.0,0.0,False
calibrated,Home loses vs not (synthetic double chance),0.02,1.01,1000,draw,flat,0,0.0,0.0,0.0,0.0,0.0,False
calibrated,Home loses vs not (synthetic double chance),0.02,1.01,1000,away,flat,50,50.0,-6.969999999999999,-0.13939999999999997,12.280000000000001,-20.08,False
calibrated,Home loses vs not (synthetic double chance),0.02,1.01,2,all,flat,156,156.0,-28.05579697786101,-0.17984485242218598,31.56365527255621,-71.89342159200012,True
calibrated,Home loses vs not (synthetic double chance),0.02,1.01,2,home,flat,0,0.0,0.0,0.0,0.0,0.0,False
calibrated,Home loses vs not (synthetic double chance),0.02,1.01,2,draw,flat,0,0.0,0.0,0.0,0.0,0.0,False
calibrated,Home loses vs not (synthetic double chance),0.02,1.01,2,away,flat,40,40.0,-5.209999999999999,-0.13024999999999998,9.02,-14.929999999999998,False
calibrated,Home loses vs not (synthetic double chance),0.02,2,4,all,flat,24,24.0,-7.565583250249253,-0.3152326354270522,8.841176470588236,-19.55175473579262,False
calibrated,Home loses vs not (synthetic double chance),0.02,2,4,home,flat,0,0.0,0.0,0.0,0.0,0.0,False
calibrated,Home loses vs not (synthetic double chance),0.02,2,4,draw,flat,0,0.0,0.0,0.0,0.0,0.0,False
calibrated,Home loses vs not (synthetic double chance),0.02,2,4,away,flat,12,12.0,-1.7600000000000002,-0.1466666666666667,6.0,-8.76,False
calibrated,Home loses vs not (synthetic double chance),0.02,4,1000,all,flat,0,0.0,0.0,0.0,0.0,0.0,False
calibrated,Home loses vs not (synthetic double chance),0.02,4,1000,home,flat,0,0.0,0.0,0.0,0.0,0.0,False
calibrated,Home loses vs not (synthetic double chance),0.02,4,1000,draw,flat,0,0.0,0.0,0.0,0.0,0.0,False
calibrated,Home loses vs not (synthetic double chance),0.02,4,1000,away,flat,0,0.0,0.0,0.0,0.0,0.0,False
calibrated,Home loses vs not (synthetic double chance),0.05,1.01,1000,all,flat,34,34.0,-9.654138787994718,-0.2839452584704329,10.733232530799741,-24.674893841389306,False
calibrated,Home loses vs not (synthetic double chance),0.05,1.01,1000,home,flat,0,0.0,0.0,0.0,0.0,0.0,False
calibrated,Home loses vs not (synthetic double chance),0.05,1.01,1000,draw,flat,0,0.0,0.0,0.0,0.0,0.0,False
calibrated,Home loses vs not (synthetic double chance),0.05,1.01,1000,away,flat,7,7.0,0.72,0.10285714285714286,3.0,-1.78,False
calibrated,Home loses vs not (synthetic double chance),0.05,1.01,2,all,flat,20,20.0,-6.038555537745466,-0.3019277768872733,6.650676749866678,-15.402449450424271,False
calibrated,Home loses vs not (synthetic double chance),0.05,1.01,2,home,flat,0,0.0,0.0,0.0,0.0,0.0,False
calibrated,Home loses vs not (synthetic double chance),0.05,1.01,2,draw,flat,0,0.0,0.0,0.0,0.0,0.0,False
calibrated,Home loses vs not (synthetic double chance),0.05,1.01,2,away,flat,2,2.0,-0.47,-0.235,1.0,-1.44,False
calibrated,Home loses vs not (synthetic double chance),0.05,2,4,all,flat,14,14.0,-3.615583250249252,-0.2582559464463751,5.0,-9.731166500498503,False
calibrated,Home loses vs not (synthetic double chance),0.05,2,4,home,flat,0,0.0,0.0,0.0,0.0,0.0,False
calibrated,Home loses vs not (synthetic double chance),0.05,2,4,draw,flat,0,0.0,0.0,0.0,0.0,0.0,False
calibrated,Home loses vs not (synthetic double chance),0.05,2,4,away,flat,5,5.0,1.19,0.238,2.0,-0.81,False
calibrated,Home loses vs not (synthetic double chance),0.05,4,1000,all,flat,0,0.0,0.0,0.0,0.0,0.0,False
calibrated,Home loses vs not (synthetic double chance),0.05,4,1000,home,flat,0,0.0,0.0,0.0,0.0,0.0,False
calibrated,Home loses vs not (synthetic double chance),0.05,4,1000,draw,flat,0,0.0,0.0,0.0,0.0,0.0,False
calibrated,Home loses vs not (synthetic double chance),0.05,4,1000,away,flat,0,0.0,0.0,0.0,0.0,0.0,False
calibrated,Home loses vs not (synthetic double chance),0.1,1.01,1000,all,flat,8,8.0,-5.864406779661017,-0.7330508474576272,6.0,-14.728813559322035,False
calibrated,Home loses vs not (synthetic double chance),0.1,1.01,1000,home,flat,0,0.0,0.0,0.0,0.0,0.0,False
calibrated,Home loses vs not (synthetic double chance),0.1,1.01,1000,draw,flat,0,0.0,0.0,0.0,0.0,0.0,False
calibrated,Home loses vs not (synthetic double chance),0.1,1.01,1000,away,flat,0,0.0,0.0,0.0,0.0,0.0,False
calibrated,Home loses vs not (synthetic double chance),0.1,1.01,2,all,flat,3,3.0,-3.0,-1.0,3.0,-7.5,False
calibrated,Home loses vs not (synthetic double chance),0.1,1.01,2,home,flat,0,0.0,0.0,0.0,0.0,0.0,False
calibrated,Home loses vs not (synthetic double chance),0.1,1.01,2,draw,flat,0,0.0,0.0,0.0,0.0,0.0,False
calibrated,Home loses vs not (synthetic double chance),0.1,1.01,2,away,flat,0,0.0,0.0,0.0,0.0,0.0,False
calibrated,Home loses vs not (synthetic double chance),0.1,2,4,all,flat,5,5.0,-2.864406779661017,-0.5728813559322034,3.0,-7.228813559322035,False
calibrated,Home loses vs not (synthetic double chance),0.1,2,4,home,flat,0,0.0,0.0,0.0,0.0,0.0,False
calibrated,Home loses vs not (synthetic double chance),0.1,2,4,draw,flat,0,0.0,0.0,0.0,0.0,0.0,False
calibrated,Home loses vs not (synthetic double chance),0.1,2,4,away,flat,0,0.0,0.0,0.0,0.0,0.0,False
calibrated,Home loses vs not (synthetic double chance),0.1,4,1000,all,flat,0,0.0,0.0,0.0,0.0,0.0,False
calibrated,Home loses vs not (synthetic double chance),0.1,4,1000,home,flat,0,0.0,0.0,0.0,0.0,0.0,False
calibrated,Home loses vs not (synthetic double chance),0.1,4,1000,draw,flat,0,0.0,0.0,0.0,0.0,0.0,False
calibrated,Home loses vs not (synthetic double chance),0.1,4,1000,away,flat,0,0.0,0.0,0.0,0.0,0.0,False
calibrated,Home loses vs not (synthetic double chance),0.2,1.01,1000,all,flat,0,0.0,0.0,0.0,0.0,0.0,False
calibrated,Home loses vs not (synthetic double chance),0.2,1.01,1000,home,flat,0,0.0,0.0,0.0,0.0,0.0,False
calibrated,Home loses vs not (synthetic double chance),0.2,1.01,1000,draw,flat,0,0.0,0.0,0.0,0.0,0.0,False
calibrated,Home loses vs not (synthetic double chance),0.2,1.01,1000,away,flat,0,0.0,0.0,0.0,0.0,0.0,False
calibrated,Home loses vs not (synthetic double chance),0.2,1.01,2,all,flat,0,0.0,0.0,0.0,0.0,0.0,False
calibrated,Home loses vs not (synthetic double chance),0.2,1.01,2,home,flat,0,0.0,0.0,0.0,0.0,0.0,False
calibrated,Home loses vs not (synthetic double chance),0.2,1.01,2,draw,flat,0,0.0,0.0,0.0,0.0,0.0,False
calibrated,Home loses vs not (synthetic double chance),0.2,1.01,2,away,flat,0,0.0,0.0,0.0,0.0,0.0,False
calibrated,Home loses vs not (synthetic double chance),0.2,2,4,all,flat,0,0.0,0.0,0.0,0.0,0.0,False
calibrated,Home loses vs not (synthetic double chance),0.2,2,4,home,flat,0,0.0,0.0,0.0,0.0,0.0,False
calibrated,Home loses vs not (synthetic double chance),0.2,2,4,draw,flat,0,0.0,0.0,0.0,0.0,0.0,False
calibrated,Home loses vs not (synthetic double chance),0.2,2,4,away,flat,0,0.0,0.0,0.0,0.0,0.0,False
calibrated,Home loses vs not (synthetic double chance),0.2,4,1000,all,flat,0,0.0,0.0,0.0,0.0,0.0,False
calibrated,Home loses vs not (synthetic double chance),0.2,4,1000,home,flat,0,0.0,0.0,0.0,0.0,0.0,False
calibrated,Home loses vs not (synthetic double chance),0.2,4,1000,draw,flat,0,0.0,0.0,0.0,0.0,0.0,False
calibrated,Home loses vs not (synthetic double chance),0.2,4,1000,away,flat,0,0.0,0.0,0.0,0.0,0.0,False
calibrated,Home loses vs not (sqrt profit),0,1.01,1000,all,flat,883,883.0,-38.49318398276009,-0.04359363984457541,62.474664356945546,-108.22370014399294,True
calibrated,Home loses vs not (sqrt profit),0,1.01,1000,home,flat,0,0.0,0.0,0.0,0.0,0.0,False
calibrated,Home loses vs not (sqrt profit),0,1.01,1000,draw,flat,0,0.0,0.0,0.0,0.0,0.0,False
calibrated,Home loses vs not (sqrt profit),0,1.01,1000,away,flat,421,421.0,-22.93,-0.05446555819477435,45.32,-68.52,True
calibrated,Home loses vs not (sqrt profit),0,1.01,2,all,flat,486,486.0,-15.20178671347064,-0.031279396529774975,29.18083665376767,-44.993991753825114,True
calibrated,Home loses vs not (sqrt profit),0,1.01,2,home,flat,0,0.0,0.0,0.0,0.0,0.0,False
calibrated,Home loses vs not (sqrt profit),0,1.01,2,draw,flat,0,0.0,0.0,0.0,0.0,0.0,False
calibrated,Home loses vs not (sqrt profit),0,1.01,2,away,flat,115,115.0,3.160000000000004,0.027478260869565254,13.46,-3.5699999999999963,True
calibrated,Home loses vs not (sqrt profit),0,2,4,all,flat,318,318.0,-25.17602689891907,-0.07916989590855053,38.71779878152413,-69.7109531886002,True
calibrated,Home loses vs not (sqrt profit),0,2,4,home,flat,0,0.0,0.0,0.0,0.0,0.0,False
calibrated,Home loses vs not (sqrt profit),0,2,4,draw,flat,0,0.0,0.0,0.0,0.0,0.0,False
calibrated,Home loses vs not (sqrt profit),0,2,4,away,flat,240,240.0,-31.72,-0.13216666666666665,39.86,-83.37,True
calibrated,Home loses vs not (sqrt profit),0,4,1000,all,flat,103,103.0,-6.115370370370369,-0.05937252786767348,17.0,-20.730740740740735,False
calibrated,Home loses vs not (sqrt profit),0,4,1000,home,flat,0,0.0,0.0,0.0,0.0,0.0,False
calibrated,Home loses vs not (sqrt profit),0,4,1000,draw,flat,0,0.0,0.0,0.0,0.0,0.0,False
calibrated,Home loses vs not (sqrt profit),0,4,1000,away,flat,88,88.0,-2.3699999999999983,-0.026931818181818164,15.100000000000001,-12.289999999999996,False
calibrated,Home loses vs not (sqrt profit),0.02,1.01,1000,all,flat,427,427.0,-61.32846794857776,-0.14362638863835542,68.63100730578361,-156.97243955004734,True
calibrated,Home loses vs not (sqrt profit),0.02,1.01,1000,home,flat,0,0.0,0.0,0.0,0.0,0.0,False
calibrated,Home loses vs not (sqrt profit),0.02,1.01,1000,draw,flat,0,0.0,0.0,0.0,0.0,0.0,False
calibrated,Home loses vs not (sqrt profit),0.02,1.01,1000,away,flat,238,238.0,-39.17,-0.16457983193277312,47.43999999999998,-102.06,True
calibrated,Home loses vs not (sqrt profit),0.02,1.01,2,all,flat,156,156.0,-28.05579697786101,-0.17984485242218598,31.56365527255621,-71.89342159200012,True
calibrated,Home loses vs not (sqrt profit),0.02,1.01,2,home,flat,0,0.0,0.0,0.0,0.0,0.0,False
calibrated,Home loses vs not (sqrt profit),0.02,1.01,2,draw,flat,0,0.0,0.0,0.0,0.0,0.0,False
calibrated,Home loses vs not (sqrt profit),0.02,1.01,2,away,flat,40,40.0,-5.209999999999999,-0.13024999999999998,9.02,-14.929999999999998,False
calibrated,Home loses vs not (sqrt profit),0.02,2,4,all,flat,212,212.0,-35.12730060034637,-0.16569481415257722,47.59653358555968,-94.05286799347259,True
calibrated,Home loses vs not (sqrt profit),0.02,2,4,home,flat,0,0.0,0.0,0.0,0.0,0.0,False
calibrated,Home loses vs not (sqrt profit),0.02,2,4,draw,flat,0,0.0,0.0,0.0,0.0,0.0,False
calibrated,Home loses vs not (sqrt profit),0.02,2,4,away,flat,150,150.0,-37.56,-0.2504,48.300000000000004,-99.27000000000001,True
calibrated,Home loses vs not (sqrt profit),0.02,4,1000,all,flat,70,70.0,-5.1453703703703715,-0.07350529100529102,14.0,-18.915740740740745,False
calibrated,Home loses vs not (sqrt profit),0.02,4,1000,home,flat,0,0.0,0.0,0.0,0.0,0.0,False
calibrated,Home loses vs not (sqrt profit),0.02,4,1000,draw,flat,0,0.0,0.0,0.0,0.0,0.0,False
calibrated,Home loses vs not (sqrt profit),0.02,4,1000,away,flat,57,57.0,-3.4000000000000004,-0.05964912280701755,11.3,-13.450000000000001,False
calibrated,Home loses vs not (sqrt profit),0.05,1.01,1000,all,flat,168,168.0,-25.33065097696756,-0.15077768438671169,29.42795005470142,-65.37527698128584,True
calibrated,Home loses vs not (sqrt profit),0.05,1.01,1000,home,flat,0,0.0,0.0,0.0,0.0,0.0,False
calibrated,Home loses vs not (sqrt profit),0.05,1.01,1000,draw,flat,0,0.0,0.0,0.0,0.0,0.0,False
calibrated,Home loses vs not (sqrt profit),0.05,1.01,1000,away,flat,90,90.0,-19.33,-0.21477777777777776,22.729999999999997,-50.02499999999999,False
calibrated,Home loses vs not (sqrt profit),0.05,1.01,2,all,flat,20,20.0,-6.038555537745466,-0.3019277768872733,6.650676749866678,-15.402449450424271,False
calibrated,Home loses vs not (sqrt profit),0.05,1.01,2,home,flat,0,0.0,0.0,0.0,0.0,0.0,False
calibrated,Home loses vs not (sqrt profit),0.05,1.01,2,draw,flat,0,0.0,0.0,0.0,0.0,0.0,False
calibrated,Home loses vs not (sqrt profit),0.05,1.01,2,away,flat,2,2.0,-0.47,-0.235,1.0,-1.44,False
calibrated,Home loses vs not (sqrt profit),0.05,2,4,all,flat,111,111.0,-8.121725068851722,-0.07316869431397947,15.953655787697599,-25.89720391012706,True
calibrated,Home loses vs not (sqrt profit),0.05,2,4,home,flat,0,0.0,0.0,0.0,0.0,0.0,False
calibrated,Home loses vs not (sqrt profit),0.05,2,4,draw,flat,0,0.0,0.0,0.0,0.0,0.0,False
calibrated,Home loses vs not (sqrt profit),0.05,2,4,away,flat,62,62.0,-13.06,-0.2106451612903226,16.700000000000003,-34.470000000000006,False
calibrated,Home loses vs not (sqrt profit),0.05,4,1000,all,flat,42,42.0,-16.17037037037037,-0.38500881834215167,19.0,-41.84074074074074,False
calibrated,Home loses vs not (sqrt profit),0.05,4,1000,home,flat,0,0.0,0.0,0.0,0.0,0.0,False
calibrated,Home loses vs not (sqrt profit),0.05,4,1000,draw,flat,0,0.0,0.0,0.0,0.0,0.0,False
calibrated,Home loses vs not (sqrt profit),0.05,4,1000,away,flat,31,31.0,-10.8,-0.34838709677419355,14.0,-28.6,False
calibrated,Home loses vs not (sqrt profit),0.1,1.01,1000,all,flat,48,48.0,-26.673960109258488,-0.5557075022762185,27.64125863151287,-67.16854953427341,False
calibrated,Home loses vs not (sqrt profit),0.1,1.01,1000,home,flat,0,0.0,0.0,0.0,0.0,0.0,False
calibrated,Home loses vs not (sqrt profit),0.1,1.01,1000,draw,flat,0,0.0,0.0,0.0,0.0,0.0,False
calibrated,Home loses vs not (sqrt profit),0.1,1.01,1000,away,flat,11,11.0,-7.4,-0.6727272727272727,7.4,-18.5,False
calibrated,Home loses vs not (sqrt profit),0.1,1.01,2,all,flat,3,3.0,-3.0,-1.0,3.0,-7.5,False
calibrated,Home loses vs not (sqrt profit),0.1,1.01,2,home,flat,0,0.0,0.0,0.0,0.0,0.0,False
calibrated,Home loses vs not (sqrt profit),0.1,1.01,2,draw,flat,0,0.0,0.0,0.0,0.0,0.0,False
calibrated,Home loses vs not (sqrt profit),0.1,1.01,2,away,flat,0,0.0,0.0,0.0,0.0,0.0,False
calibrated,Home loses vs not (sqrt profit),0.1,2,4,all,flat,30,30.0,-8.673960109258488,-0.2891320036419496,13.389406779661016,-25.158070278750014,False
calibrated,Home loses vs not (sqrt profit),0.1,2,4,home,flat,0,0.0,0.0,0.0,0.0,0.0,False
calibrated,Home loses vs not (sqrt profit),0.1,2,4,draw,flat,0,0.0,0.0,0.0,0.0,0.0,False
calibrated,Home loses vs not (sqrt profit),0.1,2,4,away,flat,4,4.0,-0.3999999999999999,-0.09999999999999998,2.0,-1.7999999999999998,False
calibrated,Home loses vs not (sqrt profit),0.1,4,1000,all,flat,15,15.0,-15.0,-1.0,15.0,-37.5,False
calibrated,Home loses vs not (sqrt profit),0.1,4,1000,home,flat,0,0.0,0.0,0.0,0.0,0.0,False
calibrated,Home loses vs not (sqrt profit),0.1,4,1000,draw,flat,0,0.0,0.0,0.0,0.0,0.0,False
calibrated,Home loses vs not (sqrt profit),0.1,4,1000,away,flat,7,7.0,-7.0,-1.0,7.0,-17.5,False
calibrated,Home loses vs not (sqrt profit),0.2,1.01,1000,all,flat,12,12.0,-6.668962548428756,-0.5557468790357297,8.0,-17.33792509685751,False
calibrated,Home loses vs not (sqrt profit),0.2,1.01,1000,home,flat,0,0.0,0.0,0.0,0.0,0.0,False
calibrated,Home loses vs not (sqrt profit),0.2,1.01,1000,draw,flat,0,0.0,0.0,0.0,0.0,0.0,False
calibrated,Home loses vs not (sqrt profit),0.2,1.01,1000,away,flat,1,1.0,-1.0,-1.0,1.0,-2.5,False
calibrated,Home loses vs not (sqrt profit),0.2,1.01,2,all,flat,0,0.0,0.0,0.0,0.0,0.0,False
calibrated,Home loses vs not (sqrt profit),0.2,1.01,2,home,flat,0,0.0,0.0,0.0,0.0,0.0,False
calibrated,Home loses vs not (sqrt profit),0.2,1.01,2,draw,flat,0,0.0,0.0,0.0,0.0,0.0,False
calibrated,Home loses vs not (sqrt profit),0.2,1.01,2,away,flat,0,0.0,0.0,0.0,0.0,0.0,False
calibrated,Home loses vs not (sqrt profit),0.2,2,4,all,flat,8,8.0,-2.6689625484287562,-0.33362031855359453,4.0,-7.668962548428756,False
calibrated,Home loses vs not (sqrt profit),0.2,2,4,home,flat,0,0.0,0.0,0.0,0.0,0.0,False
calibrated,Home loses vs not (sqrt profit),0.2,2,4,draw,flat,0,0.0,0.0,0.0,0.0,0.0,False
calibrated,Home loses vs not (sqrt profit),0.2,2,4,away,flat,0,0.0,0.0,0.0,0.0,0.0,False
calibrated,Home loses vs not (sqrt profit),0.2,4,1000,all,flat,4,4.0,-4.0,-1.0,4.0,-10.0,False
calibrated,Home loses vs not (sqrt profit),0.2,4,1000,home,flat,0,0.0,0.0,0.0,0.0,0.0,False
calibrated,Home loses vs not (sqrt profit),0.2,4,1000,draw,flat,0,0.0,0.0,0.0,0.0,0.0,False
calibrated,Home loses vs not (sqrt profit),0.2,4,1000,away,flat,1,1.0,-1.0,-1.0,1.0,-2.5,False
calibrated,Home wins vs not (synthetic double chance),0,1.01,1000,all,flat,631,631.0,-47.474125720125016,-0.07523633236152935,56.60201235724936,-123.24925761887471,True
calibrated,Home wins vs not (synthetic double chance),0,1.01,1000,home,flat,462,462.0,-27.98,-0.06056277056277056,41.00000000000001,-79.32000000000001,True
calibrated,Home wins vs not (synthetic double chance),0,1.01,1000,draw,flat,0,0.0,0.0,0.0,0.0,0.0,False
calibrated,Home wins vs not (synthetic double chance),0,1.01,1000,away,flat,0,0.0,0.0,0.0,0.0,0.0,False
calibrated,Home wins vs not (synthetic double chance),0,1.01,2,all,flat,631,631.0,-47.474125720125016,-0.07523633236152935,56.60201235724936,-123.24925761887471,True
calibrated,Home wins vs not (synthetic double chance),0,1.01,2,home,flat,462,462.0,-27.98,-0.06056277056277056,41.00000000000001,-79.32000000000001,True
calibrated,Home wins vs not (synthetic double chance),0,1.01,2,draw,flat,0,0.0,0.0,0.0,0.0,0.0,False
calibrated,Home wins vs not (synthetic double chance),0,1.01,2,away,flat,0,0.0,0.0,0.0,0.0,0.0,False
calibrated,Home wins vs not (synthetic double chance),0,2,4,all,flat,3,3.0,-1.0,-0.3333333333333333,2.0,-3.0,False
calibrated,Home wins vs not (synthetic double chance),0,2,4,home,flat,3,3.0,-1.0,-0.3333333333333333,2.0,-3.0,False
calibrated,Home wins vs not (synthetic double chance),0,2,4,draw,flat,0,0.0,0.0,0.0,0.0,0.0,False
calibrated,Home wins vs not (synthetic double chance),0,2,4,away,flat,0,0.0,0.0,0.0,0.0,0.0,False
calibrated,Home wins vs not (synthetic double chance),0,4,1000,all,flat,0,0.0,0.0,0.0,0.0,0.0,False
calibrated,Home wins vs not (synthetic double chance),0,4,1000,home,flat,0,0.0,0.0,0.0,0.0,0.0,False
calibrated,Home wins vs not (synthetic double chance),0,4,1000,draw,flat,0,0.0,0.0,0.0,0.0,0.0,False
calibrated,Home wins vs not (synthetic double chance),0,4,1000,away,flat,0,0.0,0.0,0.0,0.0,0.0,False
calibrated,Home wins vs not (synthetic double chance),0.02,1.01,1000,all,flat,317,317.0,-19.48838404578408,-0.06147755219490246,30.7072592068682,-61.213390503145206,True
calibrated,Home wins vs not (synthetic double chance),0.02,1.01,1000,home,flat,261,261.0,-16.689999999999998,-0.06394636015325669,27.020000000000003,-53.19,True
calibrated,Home wins vs not (synthetic double chance),0.02,1.01,1000,draw,flat,0,0.0,0.0,0.0,0.0,0.0,False
calibrated,Home wins vs not (synthetic double chance),0.02,1.01,1000,away,flat,0,0.0,0.0,0.0,0.0,0.0,False
calibrated,Home wins vs not (synthetic double chance),0.02,1.01,2,all,flat,317,317.0,-19.48838404578408,-0.06147755219490246,30.7072592068682,-61.213390503145206,True
calibrated,Home wins vs not (synthetic double chance),0.02,1.01,2,home,flat,261,261.0,-16.689999999999998,-0.06394636015325669,27.020000000000003,-53.19,True
calibrated,Home wins vs not (synthetic double chance),0.02,1.01,2,draw,flat,0,0.0,0.0,0.0,0.0,0.0,False
calibrated,Home wins vs not (synthetic double chance),0.02,1.01,2,away,flat,0,0.0,0.0,0.0,0.0,0.0,False
calibrated,Home wins vs not (synthetic double chance),0.02,2,4,all,flat,1,1.0,-1.0,-1.0,1.0,-2.5,False
calibrated,Home wins vs not (synthetic double chance),0.02,2,4,home,flat,1,1.0,-1.0,-1.0,1.0,-2.5,False
calibrated,Home wins vs not (synthetic double chance),0.02,2,4,draw,flat,0,0.0,0.0,0.0,0.0,0.0,False
calibrated,Home wins vs not (synthetic double chance),0.02,2,4,away,flat,0,0.0,0.0,0.0,0.0,0.0,False
calibrated,Home wins vs not (synthetic double chance),0.02,4,1000,all,flat,0,0.0,0.0,0.0,0.0,0.0,False
calibrated,Home wins vs not (synthetic double chance),0.02,4,1000,home,flat,0,0.0,0.0,0.0,0.0,0.0,False
calibrated,Home wins vs not (synthetic double chance),0.02,4,1000,draw,flat,0,0.0,0.0,0.0,0.0,0.0,False
calibrated,Home wins vs not (synthetic double chance),0.02,4,1000,away,flat,0,0.0,0.0,0.0,0.0,0.0,False
calibrated,Home wins vs not (synthetic double chance),0.05,1.01,1000,all,flat,72,72.0,7.9246478873239425,0.11006455399061031,5.100000000000001,5.374647887323942,False
calibrated,Home wins vs not (synthetic double chance),0.05,1.01,1000,home,flat,69,69.0,7.35,0.10652173913043478,5.1000000000000005,4.799999999999999,False
calibrated,Home wins vs not (synthetic double chance),0.05,1.01,1000,draw,flat,0,0.0,0.0,0.0,0.0,0.0,False
calibrated,Home wins vs not (synthetic double chance),0.05,1.01,1000,away,flat,0,0.0,0.0,0.0,0.0,0.0,False
calibrated,Home wins vs not (synthetic double chance),0.05,1.01,2,all,flat,72,72.0,7.9246478873239425,0.11006455399061031,5.100000000000001,5.374647887323942,False
calibrated,Home wins vs not (synthetic double chance),0.05,1.01,2,home,flat,69,69.0,7.35,0.10652173913043478,5.1000000000000005,4.799999999999999,False
calibrated,Home wins vs not (synthetic double chance),0.05,1.01,2,draw,flat,0,0.0,0.0,0.0,0.0,0.0,False
calibrated,Home wins vs not (synthetic double chance),0.05,1.01,2,away,flat,0,0.0,0.0,0.0,0.0,0.0,False
calibrated,Home wins vs not (synthetic double chance),0.05,2,4,all,flat,1,1.0,-1.0,-1.0,1.0,-2.5,False
calibrated,Home wins vs not (synthetic double chance),0.05,2,4,home,flat,1,1.0,-1.0,-1.0,1.0,-2.5,False
calibrated,Home wins vs not (synthetic double chance),0.05,2,4,draw,flat,0,0.0,0.0,0.0,0.0,0.0,False
calibrated,Home wins vs not (synthetic double chance),0.05,2,4,away,flat,0,0.0,0.0,0.0,0.0,0.0,False
calibrated,Home wins vs not (synthetic double chance),0.05,4,1000,all,flat,0,0.0,0.0,0.0,0.0,0.0,False
calibrated,Home wins vs not (synthetic double chance),0.05,4,1000,home,flat,0,0.0,0.0,0.0,0.0,0.0,False
calibrated,Home wins vs not (synthetic double chance),0.05,4,1000,draw,flat,0,0.0,0.0,0.0,0.0,0.0,False
calibrated,Home wins vs not (synthetic double chance),0.05,4,1000,away,flat,0,0.0,0.0,0.0,0.0,0.0,False
calibrated,Home wins vs not (synthetic double chance),0.1,1.01,1000,all,flat,3,3.0,0.06000000000000005,0.020000000000000018,1.0,-1.44,False
calibrated,Home wins vs not (synthetic double chance),0.1,1.01,1000,home,flat,3,3.0,0.06000000000000005,0.020000000000000018,1.0,-1.44,False
calibrated,Home wins vs not (synthetic double chance),0.1,1.01,1000,draw,flat,0,0.0,0.0,0.0,0.0,0.0,False
calibrated,Home wins vs not (synthetic double chance),0.1,1.01,1000,away,flat,0,0.0,0.0,0.0,0.0,0.0,False
calibrated,Home wins vs not (synthetic double chance),0.1,1.01,2,all,flat,3,3.0,0.06000000000000005,0.020000000000000018,1.0,-1.44,False
calibrated,Home wins vs not (synthetic double chance),0.1,1.01,2,home,flat,3,3.0,0.06000000000000005,0.020000000000000018,1.0,-1.44,False
calibrated,Home wins vs not (synthetic double chance),0.1,1.01,2,draw,flat,0,0.0,0.0,0.0,0.0,0.0,False
calibrated,Home wins vs not (synthetic double chance),0.1,1.01,2,away,flat,0,0.0,0.0,0.0,0.0,0.0,False
calibrated,Home wins vs not (synthetic double chance),0.1,2,4,all,flat,0,0.0,0.0,0.0,0.0,0.0,False
calibrated,Home wins vs not (synthetic double chance),0.1,2,4,home,flat,0,0.0,0.0,0.0,0.0,0.0,False
calibrated,Home wins vs not (synthetic double chance),0.1,2,4,draw,flat,0,0.0,0.0,0.0,0.0,0.0,False
calibrated,Home wins vs not (synthetic double chance),0.1,2,4,away,flat,0,0.0,0.0,0.0,0.0,0.0,False
calibrated,Home wins vs not (synthetic double chance),0.1,4,1000,all,flat,0,0.0,0.0,0.0,0.0,0.0,False
calibrated,Home wins vs not (synthetic double chance),0.1,4,1000,home,flat,0,0.0,0.0,0.0,0.0,0.0,False
calibrated,Home wins vs not (synthetic double chance),0.1,4,1000,draw,flat,0,0.0,0.0,0.0,0.0,0.0,False
calibrated,Home wins vs not (synthetic double chance),0.1,4,1000,away,flat,0,0.0,0.0,0.0,0.0,0.0,False
calibrated,Home wins vs not (synthetic double chance),0.2,1.01,1000,all,flat,0,0.0,0.0,0.0,0.0,0.0,False
calibrated,Home wins vs not (synthetic double chance),0.2,1.01,1000,home,flat,0,0.0,0.0,0.0,0.0,0.0,False
calibrated,Home wins vs not (synthetic double chance),0.2,1.01,1000,draw,flat,0,0.0,0.0,0.0,0.0,0.0,False
calibrated,Home wins vs not (synthetic double chance),0.2,1.01,1000,away,flat,0,0.0,0.0,0.0,0.0,0.0,False
calibrated,Home wins vs not (synthetic double chance),0.2,1.01,2,all,flat,0,0.0,0.0,0.0,0.0,0.0,False
calibrated,Home wins vs not (synthetic double chance),0.2,1.01,2,home,flat,0,0.0,0.0,0.0,0.0,0.0,False
calibrated,Home wins vs not (synthetic double chance),0.2,1.01,2,draw,flat,0,0.0,0.0,0.0,0.0,0.0,False
calibrated,Home wins vs not (synthetic double chance),0.2,1.01,2,away,flat,0,0.0,0.0,0.0,0.0,0.0,False
calibrated,Home wins vs not (synthetic double chance),0.2,2,4,all,flat,0,0.0,0.0,0.0,0.0,0.0,False
calibrated,Home wins vs not (synthetic double chance),0.2,2,4,home,flat,0,0.0,0.0,0.0,0.0,0.0,False
calibrated,Home wins vs not (synthetic double chance),0.2,2,4,draw,flat,0,0.0,0.0,0.0,0.0,0.0,False
calibrated,Home wins vs not (synthetic double chance),0.2,2,4,away,flat,0,0.0,0.0,0.0,0.0,0.0,False
calibrated,Home wins vs not (synthetic double chance),0.2,4,1000,all,flat,0,0.0,0.0,0.0,0.0,0.0,False
calibrated,Home wins vs not (synthetic double chance),0.2,4,1000,home,flat,0,0.0,0.0,0.0,0.0,0.0,False
calibrated,Home wins vs not (synthetic double chance),0.2,4,1000,draw,flat,0,0.0,0.0,0.0,0.0,0.0,False
calibrated,Home wins vs not (synthetic double chance),0.2,4,1000,away,flat,0,0.0,0.0,0.0,0.0,0.0,False
calibrated,Home wins vs not (sqrt profit),0,1.01,1000,all,flat,1056,1056.0,-78.34243973560194,-0.07418791641628972,92.2710158183376,-202.8203873803727,True
calibrated,Home wins vs not (sqrt profit),0,1.01,1000,home,flat,845,845.0,-38.830000000000005,-0.045952662721893495,54.79000000000003,-105.05500000000002,True
calibrated,Home wins vs not (sqrt profit),0,1.01,1000,draw,flat,0,0.0,0.0,0.0,0.0,0.0,False
calibrated,Home wins vs not (sqrt profit),0,1.01,1000,away,flat,0,0.0,0.0,0.0,0.0,0.0,False
calibrated,Home wins vs not (sqrt profit),0,1.01,2,all,flat,631,631.0,-47.474125720125016,-0.07523633236152935,56.60201235724936,-123.24925761887471,True
calibrated,Home wins vs not (sqrt profit),0,1.01,2,home,flat,462,462.0,-27.98,-0.06056277056277056,41.00000000000001,-79.32000000000001,True
calibrated,Home wins vs not (sqrt profit),0,1.01,2,draw,flat,0,0.0,0.0,0.0,0.0,0.0,False
calibrated,Home wins vs not (sqrt profit),0,1.01,2,away,flat,0,0.0,0.0,0.0,0.0,0.0,False
calibrated,Home wins vs not (sqrt profit),0,2,4,all,flat,225,225.0,-46.556755573918494,-0.20691891366185997,50.95675557391852,-118.59188893479624,True
calibrated,Home wins vs not (sqrt profit),0,2,4,home,flat,203,203.0,-37.68,-0.18561576354679804,43.08000000000001,-96.9,True
calibrated,Home wins vs not (sqrt profit),0,2,4,draw,flat,0,0.0,0.0,0.0,0.0,0.0,False
calibrated,Home wins vs not (sqrt profit),0,2,4,away,flat,0,0.0,0.0,0.0,0.0,0.0,False
calibrated,Home wins vs not (sqrt profit),0,4,1000,all,flat,215,215.0,26.688441558441557,0.12413228631833283,25.75,13.813441558441557,True
calibrated,Home wins vs not (sqrt profit),0,4,1000,home,flat,195,195.0,37.83,0.19399999999999998,19.75,27.955,True
calibrated,Home wins vs not (sqrt profit),0,4,1000,draw,flat,0,0.0,0.0,0.0,0.0,0.0,False
calibrated,Home wins vs not (sqrt profit),0,4,1000,away,flat,0,0.0,0.0,0.0,0.0,0.0,False
calibrated,Home wins vs not (sqrt profit),0.02,1.01,1000,all,flat,603,603.0,-26.781820295069387,-0.04441429568004873,49.544639953734475,-78.33596056700601,True
calibrated,Home wins vs not (sqrt profit),0.02,1.01,1000,home,flat,515,515.0,-7.07,-0.013728155339805826,35.91,-36.295,True
calibrated,Home wins vs not (sqrt profit),0.02,1.01,1000,draw,flat,0,0.0,0.0,0.0,0.0,0.0,False
calibrated,Home wins vs not (sqrt profit),0.02,1.01,1000,away,flat,0,0.0,0.0,0.0,0.0,0.0,False
calibrated,Home wins vs not (sqrt profit),0.02,1.01,2,all,flat,317,317.0,-19.48838404578408,-0.06147755219490246,30.7072592068682,-61.213390503145206,True
calibrated,Home wins vs not (sqrt profit),0.02,1.01,2,home,flat,261,261.0,-16.689999999999998,-0.06394636015325669,27.020000000000003,-53.19,True
calibrated,Home wins vs not (sqrt profit),0.02,1.01,2,draw,flat,0,0.0,0.0,0.0,0.0,0.0,False
calibrated,Home wins vs not (sqrt profit),0.02,1.01,2,away,flat,0,0.0,0.0,0.0,0.0,0.0,False
calibrated,Home wins vs not (sqrt profit),0.02,2,4,all,flat,122,122.0,-24.64616352201258,-0.20201773378698834,31.246163522012584,-64.91540880503145,True
calibrated,Home wins vs not (sqrt profit),0.02,2,4,home,flat,105,105.0,-17.96,-0.17104761904761906,25.56,-48.7,True
calibrated,Home wins vs not (sqrt profit),0.02,2,4,draw,flat,0,0.0,0.0,0.0,0.0,0.0,False
calibrated,Home wins vs not (sqrt profit),0.02,2,4,away,flat,0,0.0,0.0,0.0,0.0,0.0,False
calibrated,Home wins vs not (sqrt profit),0.02,4,1000,all,flat,176,176.0,25.35272727272727,0.1440495867768595,28.5,11.102727272727272,True
calibrated,Home wins vs not (sqrt profit),0.02,4,1000,home,flat,161,161.0,35.58,0.22099378881987577,23.5,23.83,True
calibrated,Home wins vs not (sqrt profit),0.02,4,1000,draw,flat,0,0.0,0.0,0.0,0.0,0.0,False
calibrated,Home wins vs not (sqrt profit),0.02,4,1000,away,flat,0,0.0,0.0,0.0,0.0,0.0,False
calibrated,Home wins vs not (sqrt profit),0.05,1.01,1000,all,flat,237,237.0,25.624647887323942,0.10812087716170439,23.27,13.714295774647885,True
calibrated,Home wins vs not (sqrt profit),0.05,1.01,1000,home,flat,227,227.0,32.050000000000004,0.14118942731277534,20.27,21.915000000000006,True
calibrated,Home wins vs not (sqrt profit),0.05,1.01,1000,draw,flat,0,0.0,0.0,0.0,0.0,0.0,False
calibrated,Home wins vs not (sqrt profit),0.05,1.01,1000,away,flat,0,0.0,0.0,0.0,0.0,0.0,False
calibrated,Home wins vs not (sqrt profit),0.05,1.01,2,all,flat,72,72.0,7.9246478873239425,0.11006455399061031,5.100000000000001,5.374647887323942,False
calibrated,Home wins vs not (sqrt profit),0.05,1.01,2,home,flat,69,69.0,7.35,0.10652173913043478,5.1000000000000005,4.799999999999999,False
calibrated,Home wins vs not (sqrt profit),0.05,1.01,2,draw,flat,0,0.0,0.0,0.0,0.0,0.0,False
calibrated,Home wins vs not (sqrt profit),0.05,1.01,2,away,flat,0,0.0,0.0,0.0,0.0,0.0,False
calibrated,Home wins vs not (sqrt profit),0.05,2,4,all,flat,43,43.0,-13.05,-0.30348837209302326,14.049999999999997,-33.125,False
calibrated,Home wins vs not (sqrt profit),0.05,2,4,home,flat,39,39.0,-9.05,-0.23205128205128206,11.049999999999999,-23.625,False
calibrated,Home wins vs not (sqrt profit),0.05,2,4,draw,flat,0,0.0,0.0,0.0,0.0,0.0,False
calibrated,Home wins vs not (sqrt profit),0.05,2,4,away,flat,0,0.0,0.0,0.0,0.0,0.0,False
calibrated,Home wins vs not (sqrt profit),0.05,4,1000,all,flat,129,129.0,31.75,0.24612403100775193,18.75,22.375,True
calibrated,Home wins vs not (sqrt profit),0.05,4,1000,home,flat,126,126.0,34.75,0.2757936507936508,17.75,25.875,True
calibrated,Home wins vs not (sqrt profit),0.05,4,1000,draw,flat,0,0.0,0.0,0.0,0.0,0.0,False
calibrated,Home wins vs not (sqrt profit),0.05,4,1000,away,flat,0,0.0,0.0,0.0,0.0,0.0,False
calibrated,Home wins vs not (sqrt profit),0.1,1.01,1000,all,flat,94,94.0,7.810000000000002,0.08308510638297875,17.97,-1.1749999999999972,False
calibrated,Home wins vs not (sqrt profit),0.1,1.01,1000,home,flat,94,94.0,7.810000000000002,0.08308510638297875,17.97,-1.1749999999999972,False
calibrated,Home wins vs not (sqrt profit),0.1,1.01,1000,draw,flat,0,0.0,0.0,0.0,0.0,0.0,False
calibrated,Home wins vs not (sqrt profit),0.1,1.01,1000,away,flat,0,0.0,0.0,0.0,0.0,0.0,False
calibrated,Home wins vs not (sqrt profit),0.1,1.01,2,all,flat,3,3.0,0.06000000000000005,0.020000000000000018,1.0,-1.44,False
calibrated,Home wins vs not (sqrt profit),0.1,1.01,2,home,flat,3,3.0,0.06000000000000005,0.020000000000000018,1.0,-1.44,False
calibrated,Home wins vs not (sqrt profit),0.1,1.01,2,draw,flat,0,0.0,0.0,0.0,0.0,0.0,False
calibrated,Home wins vs not (sqrt profit),0.1,1.01,2,away,flat,0,0.0,0.0,0.0,0.0,0.0,False
calibrated,Home wins vs not (sqrt profit),0.1,2,4,all,flat,8,8.0,-4.0,-0.5,6.0,-11.0,False
calibrated,Home wins vs not (sqrt profit),0.1,2,4,home,flat,8,8.0,-4.0,-0.5,6.0,-11.0,False
calibrated,Home wins vs not (sqrt profit),0.1,2,4,draw,flat,0,0.0,0.0,0.0,0.0,0.0,False
calibrated,Home wins vs not (sqrt profit),0.1,2,4,away,flat,0,0.0,0.0,0.0,0.0,0.0,False
calibrated,Home wins vs not (sqrt profit),0.1,4,1000,all,flat,86,86.0,12.75,0.14825581395348839,16.0,4.75,False
calibrated,Home wins vs not (sqrt profit),0.1,4,1000,home,flat,86,86.0,12.75,0.14825581395348839,16.0,4.75,False
calibrated,Home wins vs not (sqrt profit),0.1,4,1000,draw,flat,0,0.0,0.0,0.0,0.0,0.0,False
calibrated,Home wins vs not (sqrt profit),0.1,4,1000,away,flat,0,0.0,0.0,0.0,0.0,0.0,False
calibrated,Home wins vs not (sqrt profit),0.2,1.01,1000,all,flat,47,47.0,11.25,0.2393617021276596,13.0,4.75,False
calibrated,Home wins vs not (sqrt profit),0.2,1.01,1000,home,flat,47,47.0,11.25,0.2393617021276596,13.0,4.75,False
calibrated,Home wins vs not (sqrt profit),0.2,1.01,1000,draw,flat,0,0.0,0.0,0.0,0.0,0.0,False
calibrated,Home wins vs not (sqrt profit),0.2,1.01,1000,away,flat,0,0.0,0.0,0.0,0.0,0.0,False
calibrated,Home wins vs not (sqrt profit),0.2,1.01,2,all,flat,0,0.0,0.0,0.0,0.0,0.0,False
calibrated,Home wins vs not (sqrt profit),0.2,1.01,2,home,flat,0,0.0,0.0,0.0,0.0,0.0,False
calibrated,Home wins vs not (sqrt profit),0.2,1.01,2,draw,flat,0,0.0,0.0,0.0,0.0,0.0,False
calibrated,Home wins vs not (sqrt profit),0.2,1.01,2,away,flat,0,0.0,0.0,0.0,0.0,0.0,False
calibrated,Home wins vs not (sqrt profit),0.2,2,4,all,flat,1,1.0,-1.0,-1.0,1.0,-2.5,False
calibrated,Home wins vs not (sqrt profit),0.2,2,4,home,flat,1,1.0,-1.0,-1.0,1.0,-2.5,False
calibrated,Home wins vs not (sqrt profit),0.2,2,4,draw,flat,0,0.0,0.0,0.0,0.0,0.0,False
calibrated,Home wins vs not (sqrt profit),0.2,2,4,away,flat,0,0.0,0.0,0.0,0.0,0.0,False
calibrated,Home wins vs not (sqrt profit),0.2,4,1000,all,flat,47,47.0,11.25,0.2393617021276596,13.0,4.75,False
calibrated,Home wins vs not (sqrt profit),0.2,4,1000,home,flat,47,47.0,11.25,0.2393617021276596,13.0,4.75,False
calibrated,Home wins vs not (sqrt profit),0.2,4,1000,draw,flat,0,0.0,0.0,0.0,0.0,0.0,False
calibrated,Home wins vs not (sqrt profit),0.2,4,1000,away,flat,0,0.0,0.0,0.0,0.0,0.0,False
