model,area,group,matches,small_sample,correct,accuracy,error_rate,mean_log_loss,mean_brier,mean_confidence,confidence_minus_accuracy,home_goal_bias,away_goal_bias,goal_mae,goal_mse
RF_independent,Team (home or away),AFC Bournemouth,38,False,23,0.6052631578947368,0.39473684210526316,0.9260221047868363,0.5409213763935792,0.5652358130870156,-0.04002734480772119,-0.08171603193885638,0.0764453299049396,1.0013325642609396,1.6885676159484253
RF_independent,Team (home or away),Almería,38,False,23,0.6052631578947368,0.39473684210526316,0.9046735749871327,0.5295767062828712,0.5271310482814328,-0.07813210961330408,-0.36415883453434433,0.07442241760395846,0.7890156203579173,1.1015116320052465
RF_independent,Team (home or away),Arsenal,38,False,26,0.6842105263157895,0.3157894736842105,0.8415344124660373,0.4868524833875666,0.5652574193935033,-0.11895310692228622,-0.2770842481332024,-0.2461735524871798,1.0027198181415924,1.4965867934675827
RF_independent,Team (home or away),Aston Villa,38,False,19,0.5,0.5,1.002125681014607,0.5987591089630397,0.49786312839671143,-0.0021368716032885704,-0.005993132200396048,0.20829151304988713,0.866001445764622,1.1857287633451066
RF_independent,Team (home or away),Atalanta,38,False,22,0.5789473684210527,0.42105263157894735,0.938655272066638,0.552384532167265,0.5293282280420825,-0.049619140378970195,-0.04820995530415337,-0.17022478258830673,0.8744343385859835,1.4456755130949956
RF_independent,Team (home or away),Athletic Club,38,False,20,0.5263157894736842,0.4736842105263158,1.0208495927616439,0.6089880223868082,0.5120739599275717,-0.014241829546112528,0.19723833732631038,0.15894045306668506,0.929470027449419,1.3701097451602662
RF_independent,Team (home or away),Atlético Madrid,38,False,25,0.6578947368421053,0.3421052631578947,0.8887310453651281,0.5196157550145027,0.5711158537648653,-0.08677888307724002,-0.005621052934016321,0.07416374560695044,0.8267193369468099,1.220055719116557
RF_independent,Team (home or away),Augsburg,34,False,18,0.5294117647058824,0.47058823529411764,1.0334782636863975,0.6164392279725883,0.5348868507607704,0.005475086054888001,-0.07528247770924866,-0.2340300715674319,0.8865823776019621,1.2537891510452708
RF_independent,Team (home or away),Barcelona,38,False,29,0.7631578947368421,0.23684210526315785,0.752542940787858,0.42873617434066824,0.6377878909903693,-0.1253700037464729,0.30698716951198524,0.3542090434878685,0.9750435396269616,1.2618627447507913
RF_independent,Team (home or away),Bayern Munich,34,False,21,0.6176470588235294,0.38235294117647056,0.8829486522143977,0.5200057792806151,0.6988538606273917,0.0812068018038623,-0.40518801768007906,-0.16907917204390374,1.1114650195069802,2.1884247761515057
RF_independent,Team (home or away),Betis,38,False,20,0.5263157894736842,0.4736842105263158,0.9719361051142495,0.5738072551783069,0.48949699267329416,-0.03681879680039002,0.22770784472247688,0.18835850778424512,0.8716708716678787,1.1117069693448087
RF_independent,Team (home or away),Bochum,34,False,20,0.5882352941176471,0.4117647058823529,0.936542532438223,0.555405036531174,0.5336821850177899,-0.05455310909985722,-0.4573281712815415,-0.049123224573126144,1.06362881884334,1.9252829639550721
RF_independent,Team (home or away),Bologna,38,False,15,0.39473684210526316,0.6052631578947368,1.0574364976166974,0.6354474903435651,0.4845609593076175,0.08982411720235434,-0.08982100244282876,0.05052946233702882,0.7801807049528199,1.05613659804592
RF_independent,Team (home or away),Brentford,38,False,16,0.42105263157894735,0.5789473684210527,1.1487163952712478,0.6977825642280338,0.5021170404867118,0.08106440890776445,-0.16204642392205235,0.13180454789824317,1.0087184699540213,1.5530788931216823
RF_independent,Team (home or away),Brighton & Hove Albion,38,False,18,0.47368421052631576,0.5263157894736843,1.0666503125312645,0.6457414646238878,0.5180173179465584,0.0443331074202426,-0.24984292288516985,-0.237808939052731,1.1168405866865334,1.985522778498482
RF_independent,Team (home or away),Celta Vigo,38,False,19,0.5,0.5,1.0040907735584848,0.6015510777697621,0.4844253842885523,-0.015574615711447692,-0.025652035650354198,0.16670191857396635,0.840514490345148,1.105680429436985
RF_independent,Team (home or away),Chelsea,38,False,17,0.4473684210526316,0.5526315789473684,1.0910764212479094,0.6577970332872288,0.5484253520843104,0.10105693103167884,0.3028536100363451,0.32708236378846095,0.8876754879112467,1.1836037878583259
RF_independent,Team (home or away),Cremonese,38,False,21,0.5526315789473685,0.4473684210526315,0.9319168812066586,0.554645907371936,0.5384807927140514,-0.014150786233317114,0.11232866287214863,-0.1336771569000781,0.8441569497620821,1.0718168402425645
RF_independent,Team (home or away),Crystal Palace,38,False,21,0.5526315789473685,0.4473684210526315,0.9826733172349833,0.5871224204557915,0.5004389740582141,-0.05219260488915434,0.2414901148639174,0.10445405991135512,0.9184683017628192,1.2993014727105903
RF_independent,Team (home or away),Cádiz,38,False,18,0.47368421052631576,0.5263157894736843,0.9929849261170537,0.5913923375465292,0.5185583625126603,0.044874151986344535,0.18260638216235084,0.28972436691845244,0.8882359856768263,1.2296056146375935
RF_independent,Team (home or away),Dortmund,34,False,23,0.6764705882352942,0.32352941176470584,0.8411129656900979,0.48524078767051354,0.5840667054069308,-0.09240388282836332,-0.7541040143462328,0.005851026668802837,1.0982956420164498,1.9372574996494198
RF_independent,Team (home or away),Eint Frankfurt,34,False,16,0.47058823529411764,0.5294117647058824,1.0323291961219392,0.62371425211139,0.4968260237598809,0.026237788465763245,-0.481882608709549,0.04629941350462651,0.9205603962355358,1.544334186455445
RF_independent,Team (home or away),Elche,38,False,22,0.5789473684210527,0.42105263157894735,0.9280593141474213,0.543392733070063,0.5651077340709638,-0.013839634350088836,0.09266319829922265,0.1438548663854587,0.7040805185894551,0.8941678092072053
RF_independent,Team (home or away),Empoli,38,False,19,0.5,0.5,1.0389517519917122,0.6234158525021766,0.5179608112246201,0.01796081122462012,0.20873435853690633,0.22657772270780163,0.6919066155850491,0.8320580991169205
RF_independent,Team (home or away),Espanyol,38,False,20,0.5263157894736842,0.4736842105263158,1.0392541178357584,0.6272663245588493,0.47821860571103675,-0.04809718376264743,-0.15774505638412312,-0.38550674335655105,0.7945163206492577,0.9310830064113065
RF_independent,Team (home or away),Everton,38,False,16,0.42105263157894735,0.5789473684210527,1.0546708734620438,0.6365779497630392,0.5086662080499685,0.08761357647102119,0.2917455890867694,0.048355037734817294,0.867160941521827,1.2495116045849597
RF_independent,Team (home or away),Fiorentina,38,False,20,0.5263157894736842,0.4736842105263158,0.9920905133002902,0.5917718648857363,0.5040768199666784,-0.022238969507005768,0.16440830389327787,0.024057290757136796,0.7998908260603407,1.0551012654805538
RF_independent,Team (home or away),Freiburg,34,False,24,0.7058823529411765,0.2941176470588235,0.8836590824640702,0.5105786052404736,0.4900989457465446,-0.2157834071946319,-0.21496567383483783,0.16155741722862293,0.925854048576697,1.5522857417558817
RF_independent,Team (home or away),Fulham,38,False,22,0.5789473684210527,0.42105263157894735,0.9260986389876604,0.5476602772572562,0.5105341264532935,-0.06841324196775911,0.05954986546115584,-0.14917268912680318,0.8753684071294818,1.2080992132958293
RF_independent,Team (home or away),Getafe,38,False,17,0.4473684210526316,0.5526315789473684,1.0646995882016086,0.6488019092071122,0.4874901652354152,0.040121744182783636,0.21825039679081565,0.3065013249199488,0.8776260968558254,1.1301632636098502
RF_independent,Team (home or away),Girona,38,False,21,0.5526315789473685,0.4473684210526315,1.0507986753398655,0.6365238622741559,0.49359249894964013,-0.05903907999772834,-0.21332943423021264,-0.11223758964607172,0.813180257890532,1.2622319920013372
RF_independent,Team (home or away),Gladbach,34,False,13,0.38235294117647056,0.6176470588235294,1.1078831249607357,0.6786218494193648,0.49751971622699714,0.11516677505052658,-0.4958966423111137,0.13883521367710577,1.0690289421158554,1.8300180124158674
RF_independent,Team (home or away),Hellas Verona,39,False,22,0.5641025641025641,0.4358974358974359,0.9202372454623516,0.540016816433858,0.49563487002944356,-0.06846769407312053,0.21881344487957222,0.11625779142224428,0.7454221810327046,1.0089172100152501
RF_independent,Team (home or away),Hertha BSC,34,False,21,0.6176470588235294,0.38235294117647056,0.9001866297604053,0.5231881760518318,0.5232532159117848,-0.09439384291174469,-0.40937383153734386,-0.09734809987672298,0.9146128228818832,1.4536898705299033
RF_independent,Team (home or away),Hoffenheim,34,False,21,0.6176470588235294,0.38235294117647056,0.9436415471281812,0.5584699155302286,0.49015267198829177,-0.12749438683523767,-0.09543231571188805,-0.20977756005257184,0.9500437285933204,1.4254625018639056
RF_independent,Team (home or away),Inter,38,False,22,0.5789473684210527,0.42105263157894735,0.9188168295446826,0.5344743727349677,0.6072621644364855,0.028314796015432853,-0.12061929832716597,0.057992846397176376,0.9566423849000523,1.5390383469258815
RF_independent,Team (home or away),Juventus,38,False,24,0.631578947368421,0.368421052631579,0.8890637206108792,0.5172108015733097,0.5511956260631284,-0.08038332130529258,0.04439839685973216,0.39519252188357057,0.9379233090444793,1.2963914434059272
RF_independent,Team (home or away),Köln,34,False,13,0.38235294117647056,0.6176470588235294,1.1064118648117776,0.6739727185892138,0.49167545054357403,0.10932250936710347,-0.33266017172477147,0.018688003066438495,1.1129203755768924,2.2628801637574902
RF_independent,Team (home or away),Lazio,38,False,19,0.5,0.5,0.9848766586497046,0.5868766653633879,0.5314121865487994,0.0314121865487994,0.35486375004400234,0.05790955101732259,0.9161846913453748,1.2360126289401325
RF_independent,Team (home or away),Lecce,38,False,16,0.42105263157894735,0.5789473684210527,1.0537560423391696,0.6386595206844712,0.5113471097979552,0.09029447821900782,0.4029045621637191,0.17120193243077,0.6685102420186414,0.6376688397015141
RF_independent,Team (home or away),Leeds United,38,False,22,0.5789473684210527,0.42105263157894735,0.9843674388116413,0.5804887765045401,0.5083302462975463,-0.07061712212350635,-0.2720344745117337,-0.3250112365930489,1.0090252559056432,1.8294885346140892
RF_independent,Team (home or away),Leicester City,38,False,18,0.47368421052631576,0.5263157894736843,0.9706901645919015,0.5768791999809227,0.5014723058710717,0.02778809534475596,-0.13063853133046308,-0.19943215963254945,1.0209625133358688,1.7295321890662212
RF_independent,Team (home or away),Leverkusen,34,False,16,0.47058823529411764,0.5294117647058824,1.0860662324117065,0.656691210119673,0.5254457998340781,0.05485756453996049,-0.19749516585928073,-0.04378635658434055,1.0206991726873738,1.5791097950855653
RF_independent,Team (home or away),Liverpool,38,False,19,0.5,0.5,1.0578963487840816,0.6402197663209087,0.6128840185409087,0.11288401854090868,-0.33990193882002495,0.14515140299492826,1.194910186423953,2.5388720015173236
RF_independent,Team (home or away),Mainz 05,34,False,15,0.4411764705882353,0.5588235294117647,1.1262921057065782,0.685688512759753,0.48602001801285405,0.04484354742461877,-0.2842859582244475,-0.22418099820652712,1.007361129818657,1.785920336428619
RF_independent,Team (home or away),Mallorca,38,False,20,0.5263157894736842,0.4736842105263158,1.0290004056398847,0.6150101609729043,0.4892755281739421,-0.03704026129974208,0.03728905834190163,0.4487247557337688,0.8486999112302492,1.079230135770084
RF_independent,Team (home or away),Manchester City,38,False,28,0.7368421052631579,0.26315789473684215,0.7157694024122547,0.39719822730448034,0.6552666029082841,-0.08157550235487376,-0.21227632556268847,0.11095594312002532,0.9153815713293829,1.3337819155374118
RF_independent,Team (home or away),Manchester United,38,False,26,0.6842105263157895,0.3157894736842105,0.8559280089215381,0.49513168085847575,0.5527989746114612,-0.13141155170432828,-0.22410970892365017,0.43867529734929833,0.9432110354695445,1.5769273881232926
RF_independent,Team (home or away),Milan,38,False,18,0.47368421052631576,0.5263157894736843,0.9964172367411065,0.6005830493618609,0.5669164157467891,0.09323220522047332,-0.12256784485677233,0.1352224338766593,0.864615409935685,1.3591373298773153
RF_independent,Team (home or away),Monza,38,False,15,0.39473684210526316,0.6052631578947368,1.0792641319314462,0.6513204721324232,0.49799361766136224,0.10325677555609908,-0.0054029808374335304,0.02616087185799798,0.821589994665847,1.0607208142737194
RF_independent,Team (home or away),Napoli,38,False,27,0.7105263157894737,0.2894736842105263,0.8070547775206259,0.4647279090566691,0.5850830028986157,-0.12544331289085797,0.19141578567558912,-0.059988216933452465,0.9033251887930552,1.3424520156633752
RF_independent,Team (home or away),Newcastle United,38,False,21,0.5526315789473685,0.4473684210526315,0.9957420261478307,0.5984726766747341,0.5197882157862697,-0.032843363161098815,0.10547593001759129,0.05542272058149333,1.0063629779911247,1.7466352078317617
RF_independent,Team (home or away),Nottingham Forest,38,False,18,0.47368421052631576,0.5263157894736843,0.9851551474953012,0.588006079183288,0.5520917716203527,0.07840756109403696,-0.32356026494186557,0.34245762065904806,0.8326331928107714,1.2090245687680246
RF_independent,Team (home or away),Osasuna,38,False,22,0.5789473684210527,0.42105263157894735,0.9485704533677708,0.5613371208853317,0.49107474612120694,-0.08787262229984572,0.2821881299104585,0.26323128605120477,0.7472928175206159,0.8195950244345831
RF_independent,Team (home or away),RB Leipzig,34,False,21,0.6176470588235294,0.38235294117647056,0.9242038152144928,0.5416307041509486,0.5759228146443609,-0.041724244179168535,-0.18275029572421733,0.019050801724507876,0.969957423329181,1.4713694808598219
RF_independent,Team (home or away),Rayo Vallecano,38,False,15,0.39473684210526316,0.6052631578947368,1.0792162742056446,0.6539139196139682,0.48092507962171777,0.0861882375164546,-0.10607045746612162,0.1554118645682978,0.804269560395651,1.124390815522112
RF_independent,Team (home or away),Real Madrid,38,False,26,0.6842105263157895,0.3157894736842105,0.8284789761706882,0.48075358730633116,0.6233143978026712,-0.06089612851311832,-0.020671790648819976,0.07236885720775582,0.7735654058404913,1.083475784498376
RF_independent,Team (home or away),Real Sociedad,38,False,21,0.5526315789473685,0.4473684210526315,0.9867911803480157,0.5892109170606361,0.4966429645544038,-0.05598861439296465,0.29828261397260164,0.1221453427809951,0.7995411782583374,1.0349289771722503
RF_independent,Team (home or away),Roma,38,False,22,0.5789473684210527,0.42105263157894735,0.9399551641848294,0.5532716302837358,0.5268426066545416,-0.05210476176651102,0.14884123043139952,0.2815865087121237,0.7449978556490295,0.9139464161844068
RF_independent,Team (home or away),Salernitana,38,False,16,0.42105263157894735,0.5789473684210527,1.0991602739244588,0.6751085017157585,0.5294621205818784,0.10840948900293101,-0.2787986261034846,0.0942468008688124,0.9482596353358235,1.6578866190184438
RF_independent,Team (home or away),Sampdoria,38,False,21,0.5526315789473685,0.4473684210526315,0.8918736043901547,0.5227595997950893,0.5355700121487437,-0.017061566798624805,0.022114374066532338,0.17771269066141576,0.8191437752172198,1.0653805387719715
RF_independent,Team (home or away),Sassuolo,38,False,18,0.47368421052631576,0.5263157894736843,1.0132373471793787,0.6023122030133432,0.5074040061955344,0.03371979566921862,-0.13240381338542867,0.02704282456239546,0.8632822638294216,1.3600149611830201
RF_independent,Team (home or away),Schalke 04,34,False,19,0.5588235294117647,0.4411764705882353,0.936806829332009,0.5547506442963175,0.5432008128633975,-0.015622716548367221,-0.18284588334280785,-0.15605515175394113,1.0504042802135622,1.9496933235233864
RF_independent,Team (home or away),Sevilla,38,False,17,0.4473684210526316,0.5526315789473684,1.0255760546347312,0.6151446543587626,0.4963057776633266,0.04893735661069504,0.12741598515796124,-0.07026771362245476,0.7423249346170689,0.9508510655934819
RF_independent,Team (home or away),Southampton,38,False,23,0.6052631578947368,0.39473684210526316,0.9837503983850632,0.5889738299467894,0.536487767494453,-0.0687753904002838,0.08124279080122103,-0.17050153952977418,0.9264836605036356,1.281203140182115
RF_independent,Team (home or away),Spezia,39,False,19,0.48717948717948717,0.5128205128205128,0.9788578187633791,0.5785000366322338,0.5254059308573772,0.03822644367789002,0.18867026780094262,0.11931742954960918,0.7892331022076788,0.8641018542984323
RF_independent,Team (home or away),Stuttgart,34,False,15,0.4411764705882353,0.5588235294117647,1.0362449673028702,0.6251257474675453,0.49271949653668373,0.05154302594844845,-0.18695600866152196,-0.08300168854597122,0.7591332587924101,1.0089582797240295
RF_independent,Team (home or away),Torino,38,False,16,0.42105263157894735,0.5789473684210527,1.0612179301498483,0.6411868208536918,0.48827106826947864,0.06721843669053129,0.5000976672151793,-0.05007723422997971,0.7415376125156885,0.8947610865197684
RF_independent,Team (home or away),Tottenham Hotspur,38,False,25,0.6578947368421053,0.3421052631578947,0.9077990292967921,0.5268095961331495,0.5330897833360467,-0.12480495350605858,-0.402299314136177,-0.2335656722901085,1.021651884894805,1.7241580601940416
RF_independent,Team (home or away),Udinese,38,False,20,0.5263157894736842,0.4736842105263158,1.0465612115966303,0.633914208708202,0.5061633629548961,-0.020152426518788125,-0.03233682361638034,0.24586804017545327,0.8887713847806609,1.0902885430272213
RF_independent,Team (home or away),Union Berlin,34,False,18,0.5294117647058824,0.47058823529411764,1.0385112743550655,0.6297298302213205,0.48175343966611756,-0.047658325039764804,-0.20628542967613275,0.23792557932564423,0.9544245422607273,1.5809353864421902
RF_independent,Team (home or away),Valencia,38,False,18,0.47368421052631576,0.5263157894736843,1.0178486012565522,0.6105090753595214,0.48073909562177447,0.007054885095458707,0.07117807028531177,0.2953893996783419,0.7163643207949502,0.8145367132837973
RF_independent,Team (home or away),Valladolid,38,False,22,0.5789473684210527,0.42105263157894735,0.9544907592066346,0.5600265910914624,0.5093435830577038,-0.06960378536334888,-0.04810360165116594,0.19444406336242767,0.9257162589033594,1.3490064534365214
RF_independent,Team (home or away),Villarreal,38,False,19,0.5,0.5,1.031292110756512,0.613286227963464,0.525961779521793,0.025961779521793016,0.01340795020469609,0.15581515513894328,0.8781656327622895,1.224691872613978
RF_independent,Team (home or away),Werder Bremen,34,False,19,0.5588235294117647,0.4411764705882353,0.9836314665119749,0.5853395867415018,0.5081048144527875,-0.050718714958977174,-0.2708137416416807,-0.3443273537888924,0.8753642015788871,1.6453328261291462
RF_independent,Team (home or away),West Ham United,38,False,21,0.5526315789473685,0.4473684210526315,0.9310653860207965,0.5467287947215106,0.5053036561209006,-0.047327922826467916,0.041589841069517325,0.1948236807613215,0.8407329997189465,1.1931680806440947
RF_independent,Team (home or away),Wolfsburg,34,False,15,0.4411764705882353,0.5588235294117647,1.0579623901696358,0.6377758549941652,0.490177817948045,0.04900134735980971,-0.12575486506250363,-0.19134852599394156,1.1214387974323505,2.0341889504720623
RF_independent,Team (home or away),Wolverhampton Wanderers,38,False,21,0.5526315789473685,0.4473684210526315,0.9272772964510465,0.5425399252007587,0.4969618874522224,-0.055669691495146056,-0.005119782052514989,0.3927760868236965,0.8545401740747928,1.273258439389379
RF_independent_calibrated,Team (home or away),AFC Bournemouth,38,False,22,0.5789473684210527,0.42105263157894735,0.925991171447185,0.5409058569125872,0.5652463211494083,-0.01370104727164434,-0.08441915460464297,0.08031999182329,1.0018303061261533,1.689686250794625
RF_independent_calibrated,Team (home or away),Almería,38,False,23,0.6052631578947368,0.39473684210526316,0.9058047668673211,0.5302833533317646,0.5267311710309426,-0.07853198686379426,-0.3667837526931475,0.07804821504301115,0.7895800971999644,1.1028879010529047
RF_independent_calibrated,Team (home or away),Arsenal,38,False,26,0.6842105263157895,0.3157894736842105,0.8415243102535088,0.4867878120910884,0.5652408965342077,-0.11896962978158176,-0.27981336671078383,-0.24207723395195752,1.0024636742975213,1.4970187514277804
RF_independent_calibrated,Team (home or away),Aston Villa,38,False,19,0.5,0.5,1.0025876923513,0.5991398412910298,0.4973456880891845,-0.002654311910815499,-0.008600462588377959,0.2120861139916113,0.8665339433972296,1.186509389723665
RF_independent_calibrated,Team (home or away),Atalanta,38,False,22,0.5789473684210527,0.42105263157894735,0.9382512259625048,0.5520706464187765,0.5290491647171472,-0.04989820370390541,-0.0508351468410596,-0.16638032733195676,0.8736780356118438,1.4455608743047599
RF_independent_calibrated,Team (home or away),Athletic Club,38,False,20,0.5263157894736842,0.4736842105263158,1.0204329263010832,0.6087191864863231,0.5119390870524098,-0.014376702421274423,0.19464351748945757,0.1626642544440541,0.9295589606744527,1.3700257942730503
RF_independent_calibrated,Team (home or away),Atlético Madrid,38,False,25,0.6578947368421053,0.3421052631578947,0.8886395426868248,0.5194039334241731,0.5711227131898,-0.0867720236523053,-0.008274152613683595,0.0779505126770984,0.8265680189290516,1.2204933843332195
RF_independent_calibrated,Team (home or away),Augsburg,34,False,18,0.5294117647058824,0.47058823529411764,1.033830446742809,0.6166473224369644,0.5345656229406027,0.005153858234720365,-0.07792760966360562,-0.23022947459786683,0.8865401202878542,1.2539149726038497
RF_independent_calibrated,Team (home or away),Barcelona,38,False,29,0.7631578947368421,0.23684210526315785,0.7525893367849212,0.42865905063486365,0.637932528634779,-0.12522536610206314,0.3040687385419398,0.3582903614761,0.9754153280884789,1.261773638722896
RF_independent_calibrated,Team (home or away),Bayern Munich,34,False,21,0.6176470588235294,0.38235294117647056,0.8830191293052239,0.5199410685272653,0.699082411365734,0.08143535254220458,-0.4082257405278031,-0.1645365592099179,1.1120952305908265,2.189214242471112
RF_independent_calibrated,Team (home or away),Betis,38,False,20,0.5263157894736842,0.4736842105263158,0.9717310706900286,0.5736832043914694,0.4890359958404633,-0.03727979363322087,0.225105901322142,0.19201096172933904,0.8716308663283363,1.111966341750214
RF_independent_calibrated,Team (home or away),Bochum,34,False,20,0.5882352941176471,0.4117647058823529,0.9373698784868163,0.5559387301205049,0.5335407514947271,-0.05469454262291995,-0.45997383016089755,-0.04529669852038923,1.0641313835392088,1.9260925310834924
RF_independent_calibrated,Team (home or away),Bologna,38,False,15,0.39473684210526316,0.6052631578947368,1.0576979907930528,0.6356393509904618,0.4844356885978724,0.08969884649260923,-0.0923297004811926,0.054162706426481064,0.7804755097031356,1.056683733476569
RF_independent_calibrated,Team (home or away),Brentford,38,False,16,0.42105263157894735,0.5789473684210527,1.1493309245733285,0.6982397910893566,0.5016065328936393,0.08055390131469198,-0.1646117811792302,0.1355258286265109,1.008795616649514,1.5539953661723376
RF_independent_calibrated,Team (home or away),Brighton & Hove Albion,38,False,18,0.47368421052631576,0.5263157894736843,1.0665357939605367,0.6457287427385479,0.5178802622408081,0.04419605171449231,-0.2525284975612565,-0.23401044097208498,1.116902228533855,1.9854135057719933
RF_independent_calibrated,Team (home or away),Celta Vigo,38,False,19,0.5,0.5,1.0043479858512412,0.6016595510537104,0.48389073393292514,-0.016109266067074857,-0.02822565131592892,0.17028781037120672,0.8407563286785752,1.106287056888668
RF_independent_calibrated,Team (home or away),Chelsea,38,False,17,0.4473684210526316,0.5526315789473684,1.0912080841310523,0.6578700254905628,0.5482146079350038,0.10084618688237218,0.3001679239651742,0.3310803071488874,0.8877902017654089,1.1841409148641702
RF_independent_calibrated,Team (home or away),Cremonese,38,False,21,0.5526315789473685,0.4473684210526315,0.931712307012632,0.554392061385131,0.5383270384163799,-0.014304540530988619,0.10974406830006321,-0.12988213613521307,0.844156408830012,1.0710776739416332
RF_independent_calibrated,Team (home or away),Crystal Palace,38,False,21,0.5526315789473685,0.4473684210526315,0.9830844123988063,0.587394218226408,0.4999943168685992,-0.05263726207876929,0.23895479744124393,0.10817216046407664,0.9183237473889364,1.2992860517082487
RF_independent_calibrated,Team (home or away),Cádiz,38,False,18,0.47368421052631576,0.5263157894736843,0.9933955032619682,0.5916448647245116,0.5182083856056282,0.044524175079312445,0.18008178708890743,0.2933648424040666,0.8884241792321483,1.2301636728836665
RF_independent_calibrated,Team (home or away),Dortmund,34,False,23,0.6764705882352942,0.32352941176470584,0.8419675461928336,0.48592040792368,0.5840523259006506,-0.09241826233464356,-0.7569468773880539,0.009936915560986134,1.098329389638823,1.9401182678718438
RF_independent_calibrated,Team (home or away),Eint Frankfurt,34,False,16,0.47058823529411764,0.5294117647058824,1.0328795150556263,0.6240273999016099,0.49638093654018633,0.025792701246068694,-0.48453659783180153,0.050148030065093024,0.9212652555927384,1.5453474943631957
RF_independent_calibrated,Team (home or away),Elche,38,False,22,0.5789473684210527,0.42105263157894735,0.927987840549048,0.5432476543271135,0.5650971961173454,-0.01385017230370722,0.08997693615767673,0.14761318411309143,0.7041460942642539,0.8943592161817789
RF_independent_calibrated,Team (home or away),Empoli,38,False,19,0.5,0.5,1.0392131336782844,0.623546609381297,0.5177771713284345,0.017777171328434482,0.20621008556009035,0.23034764450574596,0.6916923505778187,0.8321351526397858
RF_independent_calibrated,Team (home or away),Espanyol,38,False,20,0.5263157894736842,0.4736842105263158,1.0388803548311858,0.6269505212461751,0.47781796766313206,-0.04849782181055212,-0.16022752805891324,-0.3818386693782868,0.7941411839178014,0.9297469111344987
RF_independent_calibrated,Team (home or away),Everton,38,False,16,0.42105263157894735,0.5789473684210527,1.0544589765651022,0.6364040320658978,0.508152131203224,0.08709949962427666,0.2891692154664351,0.052143363334806146,0.8667674868989664,1.2491595825032076
RF_independent_calibrated,Team (home or away),Fiorentina,38,False,20,0.5263157894736842,0.4736842105263158,0.9923512643817853,0.5919594590358725,0.5037764775346415,-0.022539311939042683,0.1618246558863972,0.027770936535149216,0.7998293243473744,1.0545844165144147
RF_independent_calibrated,Team (home or away),Freiburg,34,False,24,0.7058823529411765,0.2941176470588235,0.8838292817088326,0.5106571634281096,0.48947194308634273,-0.21641040985483379,-0.21757301414664668,0.1653082930576564,0.9265315688179468,1.5537451228752577
RF_independent_calibrated,Team (home or away),Fulham,38,False,21,0.5526315789473685,0.4473684210526315,0.9261891359820088,0.5476907608457827,0.5101813664107603,-0.04245021253660819,0.05696552336651134,-0.1453444119910621,0.875211219362517,1.2071304587836875
RF_independent_calibrated,Team (home or away),Getafe,38,False,17,0.4473684210526316,0.5526315789473684,1.06511740692389,0.6490961040619162,0.4868165807630365,0.03944815971040494,0.2158000663148936,0.3101124825335453,0.8779188160933066,1.130738981825527
RF_independent_calibrated,Team (home or away),Girona,38,False,21,0.5526315789473685,0.4473684210526315,1.05125839233669,0.6367823528653879,0.492994092605561,-0.05963748634180749,-0.2158519730808675,-0.10861932075689933,0.8135891511922635,1.2621840594999956
RF_independent_calibrated,Team (home or away),Gladbach,34,False,13,0.38235294117647056,0.6176470588235294,1.1089634666822703,0.6793037932858397,0.4969957662135805,0.11464282503710993,-0.4985770383095791,0.14260665006414353,1.0699467420252682,1.8316404566855242
RF_independent_calibrated,Team (home or away),Hellas Verona,39,False,22,0.5641025641025641,0.4358974358974359,0.920460261446257,0.5401179707669163,0.49540002684482404,-0.06870253725774006,0.2163714064629132,0.12000387545824602,0.7458817807395351,1.0083102062499079
RF_independent_calibrated,Team (home or away),Hertha BSC,34,False,21,0.6176470588235294,0.38235294117647056,0.90087415933874,0.5237215546999772,0.5229374236405452,-0.09470963518298425,-0.4120008499206333,-0.0935793964587988,0.9149152764476087,1.4544168984655028
RF_independent_calibrated,Team (home or away),Hoffenheim,34,False,21,0.6176470588235294,0.38235294117647056,0.9437213037048356,0.558537294319521,0.4894287648292763,-0.12821829399425316,-0.0980933317306106,-0.20599282019561027,0.9496943743030397,1.4247131891740752
RF_independent_calibrated,Team (home or away),Inter,38,False,22,0.5789473684210527,0.42105263157894735,0.9192418298562695,0.5348423748929363,0.6073665120000163,0.02841914357896369,-0.12334596484158204,0.062053441078756134,0.9571946281947179,1.539444858671958
RF_independent_calibrated,Team (home or away),Juventus,38,False,24,0.631578947368421,0.368421052631579,0.8894948126028098,0.5175026974366027,0.5510182411671853,-0.08056070620123568,0.0417949081234638,0.3990762744338995,0.9387386921879479,1.2983867226819015
RF_independent_calibrated,Team (home or away),Köln,34,False,13,0.38235294117647056,0.6176470588235294,1.1062267277276738,0.6738783802370746,0.49107683526525653,0.10872389408878597,-0.3352169899471845,0.022451755165276695,1.1131844278845482,2.2642054758701744
RF_independent_calibrated,Team (home or away),Lazio,38,False,19,0.5,0.5,0.9844773895694449,0.5866063810635292,0.5313010184046297,0.03130101840462973,0.35226939209395375,0.061808125021269866,0.9161582786813575,1.2354613838839146
RF_independent_calibrated,Team (home or away),Lecce,38,False,16,0.42105263157894735,0.5789473684210527,1.0533613116677545,0.6383651567455197,0.510772430048329,0.0897197984693816,0.40040833967215184,0.17488253748306626,0.6683806797050508,0.6372576881284293
RF_independent_calibrated,Team (home or away),Leeds United,38,False,22,0.5789473684210527,0.42105263157894735,0.9849751359620411,0.5809453931942216,0.507741854478297,-0.07120551394275565,-0.2745917286493241,-0.321238110273728,1.0089930357595882,1.8288105722836276
RF_independent_calibrated,Team (home or away),Leicester City,38,False,18,0.47368421052631576,0.5263157894736843,0.9704573728270562,0.576670649680648,0.5010121073314278,0.027327896805111995,-0.13330288383028568,-0.19559659175350236,1.021021066505875,1.7294026136326957
RF_independent_calibrated,Team (home or away),Leverkusen,34,False,16,0.47058823529411764,0.5294117647058824,1.0858016807401218,0.6565440089603483,0.5252880463607266,0.05469981106660893,-0.20023334929254807,-0.039853029612738865,1.0207583627687764,1.5796744360914081
RF_independent_calibrated,Team (home or away),Liverpool,38,False,19,0.5,0.5,1.0591144925794682,0.6409535141110946,0.6130763541870506,0.11307635418705064,-0.342748981913961,0.1493181173322392,1.1949668126638429,2.5409378406842382
RF_independent_calibrated,Team (home or away),Mainz 05,34,False,15,0.4411764705882353,0.5588235294117647,1.1259799851256345,0.6855004948758832,0.4854194162596482,0.0442429456714129,-0.2868752967600557,-0.22053092563178064,1.007524839573928,1.786242234586951
RF_independent_calibrated,Team (home or away),Mallorca,38,False,20,0.5263157894736842,0.4736842105263158,1.0299887338739413,0.6157612487771493,0.4887601227740655,-0.037555666699618684,0.03483315555787709,0.45228774713897535,0.8494168811930752,1.0809169374261491
RF_independent_calibrated,Team (home or away),Manchester City,38,False,28,0.7368421052631579,0.26315789473684215,0.7163450759040164,0.39765735988210127,0.655478414333567,-0.08136369092959084,-0.21534224465517576,0.11542196839822895,0.9159449810822023,1.3354355946441916
RF_independent_calibrated,Team (home or away),Manchester United,38,False,26,0.6842105263157895,0.3157894736842105,0.8568656463296159,0.4957564767358286,0.5526171098671074,-0.13159341644868205,-0.2268394156729,0.44261181312326836,0.943712042293998,1.5795240562155246
RF_independent_calibrated,Team (home or away),Milan,38,False,18,0.47368421052631576,0.5263157894736843,0.997040944895477,0.6010486828531414,0.5668970406881324,0.09321283016181664,-0.12524603846196422,0.13911598424237023,0.8651583383263348,1.3603606370853658
RF_independent_calibrated,Team (home or away),Monza,38,False,15,0.39473684210526316,0.6052631578947368,1.078909983862781,0.651039999055882,0.4976420125529236,0.10290517044766045,-0.007875929781992376,0.029880983052835625,0.821545781294637,1.0610873067035402
RF_independent_calibrated,Team (home or away),Napoli,38,False,27,0.7105263157894737,0.2894736842105263,0.8065441151494768,0.464354049769736,0.5851597558782731,-0.1253665599112006,0.18869555788275483,-0.0559667110988649,0.9033232859309759,1.3415048607481919
RF_independent_calibrated,Team (home or away),Newcastle United,38,False,21,0.5526315789473685,0.4473684210526315,0.995747865499944,0.5984064861753214,0.5195519574585324,-0.03307962148883603,0.10281282541608974,0.05931365124079613,1.0059292454378306,1.7461013619045869
RF_independent_calibrated,Team (home or away),Nottingham Forest,38,False,18,0.47368421052631576,0.5263157894736843,0.986404789827639,0.5887876896624128,0.5520626746317021,0.07837846410538635,-0.32620967785278626,0.3463410556453958,0.8337178439720996,1.2120482699237576
RF_independent_calibrated,Team (home or away),Osasuna,38,False,22,0.5789473684210527,0.42105263157894735,0.9488459425589951,0.5615427411793011,0.4904044388103822,-0.08854292961067045,0.27967327836958106,0.26679033429319043,0.7477780219280418,0.8196809775636575
RF_independent_calibrated,Team (home or away),RB Leipzig,34,False,21,0.6176470588235294,0.38235294117647056,0.9250023211738899,0.5422842650511162,0.5758989403604673,-0.041748118463062145,-0.18551376638699893,0.023086862601687432,0.9703820897939324,1.4722335321680138
RF_independent_calibrated,Team (home or away),Rayo Vallecano,38,False,15,0.39473684210526316,0.6052631578947368,1.0798007678800676,0.6542853146313451,0.4804743011712906,0.08573745906602742,-0.10855128793461959,0.15904393839430178,0.8047386268397801,1.1251770544525552
RF_independent_calibrated,Team (home or away),Real Madrid,38,False,26,0.6842105263157895,0.3157894736842105,0.8287368079097691,0.4808199648467184,0.6233622887952902,-0.06084823752049928,-0.023524734447519072,0.07639275463728923,0.7735289609358995,1.0840761832198502
RF_independent_calibrated,Team (home or away),Real Sociedad,38,False,21,0.5526315789473685,0.4473684210526315,0.9866763371377191,0.5890919267343447,0.49634032199952666,-0.05629125694784182,0.2957401606347152,0.12583693566539592,0.7995821847590987,1.034313519615611
RF_independent_calibrated,Team (home or away),Roma,38,False,22,0.5789473684210527,0.42105263157894735,0.9401014116591169,0.5533498863265258,0.5267187526737381,-0.05222861574731452,0.1462842797203165,0.2854446192575617,0.7455570821934049,0.9148296590466868
RF_independent_calibrated,Team (home or away),Salernitana,38,False,16,0.42105263157894735,0.5789473684210527,1.0995134087091951,0.6753457790954374,0.5291187679876738,0.10806613640872642,-0.28129914864192407,0.09809529378510881,0.9483977010890597,1.6591625204631852
RF_independent_calibrated,Team (home or away),Sampdoria,38,False,21,0.5526315789473685,0.4473684210526315,0.8917942332782638,0.5226900337715378,0.5354062706991062,-0.017225308248262294,0.01959423327404916,0.18149418904925094,0.8197396238897748,1.066584856627428
RF_independent_calibrated,Team (home or away),Sassuolo,38,False,18,0.47368421052631576,0.5263157894736843,1.0136012929462275,0.6026589134279385,0.5071962576072363,0.03351204708092054,-0.13497487609046752,0.030846528797603735,0.8635462782279791,1.3610250911119512
RF_independent_calibrated,Team (home or away),Schalke 04,34,False,19,0.5588235294117647,0.4411764705882353,0.9371115927632188,0.5549691406397078,0.5429710031405351,-0.015852526271229572,-0.18545786787792673,-0.15219569243688702,1.0507196566691672,1.9494974883297136
RF_independent_calibrated,Team (home or away),Sevilla,38,False,17,0.4473684210526316,0.5526315789473684,1.0252558064280362,0.6148721829297985,0.4959186614956533,0.0485502404430217,0.12480551605609698,-0.06660133144945311,0.7424992611335771,0.9503542570438035
RF_independent_calibrated,Team (home or away),Southampton,38,False,23,0.6052631578947368,0.39473684210526316,0.9832301897607172,0.5886724611475591,0.5363931949408492,-0.06886996295388759,0.07862124566735802,-0.16665793489381872,0.9261947102433229,1.2801221082506116
RF_independent_calibrated,Team (home or away),Spezia,39,False,19,0.48717948717948717,0.5128205128205128,0.9792592151721843,0.5786991042013877,0.5251242668094175,0.037944779629930314,0.1861480025628075,0.12307291747111816,0.7890605401540232,0.8640190402189134
RF_independent_calibrated,Team (home or away),Stuttgart,34,False,15,0.4411764705882353,0.5588235294117647,1.0364593503756547,0.6252606458947154,0.4921034619854107,0.050926991397175436,-0.18956094439381552,-0.07927928892358416,0.7598020126879793,1.0091252304847207
RF_independent_calibrated,Team (home or away),Torino,38,False,16,0.42105263157894735,0.5789473684210527,1.0601563965637073,0.6403673961312466,0.48781162877992523,0.06675899720097789,0.4975701535609501,-0.04651056070657849,0.7408767091449038,0.8932651571839884
RF_independent_calibrated,Team (home or away),Tottenham Hotspur,38,False,25,0.6578947368421053,0.3421052631578947,0.9082421434131106,0.5272238770125096,0.5329759741601993,-0.12491876268190605,-0.4049942154927891,-0.22959236774051445,1.0216814540676498,1.7246871001152204
RF_independent_calibrated,Team (home or away),Udinese,38,False,20,0.5263157894736842,0.4736842105263158,1.0468407889482703,0.6339840178972539,0.5057947777940256,-0.020521011679658585,-0.03489897497158799,0.24961636898375983,0.8891897448131342,1.091523453921121
RF_independent_calibrated,Team (home or away),Union Berlin,34,False,18,0.5294117647058824,0.47058823529411764,1.0394078201977106,0.6303471592937819,0.4811409827730184,-0.04827078193286394,-0.2088067750113041,0.24154958328208173,0.955475547455418,1.582371488700968
RF_independent_calibrated,Team (home or away),Valencia,38,False,18,0.47368421052631576,0.5263157894736843,1.0184917948994083,0.6109324241467323,0.48024573613594407,0.006561525609628305,0.06866404835780401,0.29904728680456555,0.7166638583227745,0.815614240364039
RF_independent_calibrated,Team (home or away),Valladolid,38,False,22,0.5789473684210527,0.42105263157894735,0.9550640216601419,0.5604722532671473,0.5088488643055404,-0.07009850411551222,-0.05068384440161539,0.19803433910362295,0.9264468698805176,1.3498238942046101
RF_independent_calibrated,Team (home or away),Villarreal,38,False,19,0.5,0.5,1.031770042522765,0.6137349729990041,0.5259210553362674,0.02592105533626743,0.010767347253503567,0.1596102331569733,0.8784229346189465,1.225532020163864
RF_independent_calibrated,Team (home or away),Werder Bremen,34,False,19,0.5588235294117647,0.4411764705882353,0.9827593175505868,0.584712442909031,0.5075948041321617,-0.05122872527960298,-0.273476625557302,-0.3405945649723035,0.8749550838159292,1.644837731547769
RF_independent_calibrated,Team (home or away),West Ham United,38,False,21,0.5526315789473685,0.4473684210526315,0.9317656429128297,0.5472629143827783,0.5050781229625915,-0.047553455984777004,0.038946037782632385,0.19865777026781786,0.8411322791224705,1.1937545143603685
RF_independent_calibrated,Team (home or away),Wolfsburg,34,False,15,0.4411764705882353,0.5588235294117647,1.0576799735656017,0.6375632513699959,0.48965609172327396,0.048479621135038675,-0.12841431909932077,-0.18759754187451017,1.1216918839407366,2.0337197876471613
RF_independent_calibrated,Team (home or away),Wolverhampton Wanderers,38,False,21,0.5526315789473685,0.4473684210526315,0.9281197241772015,0.5431222544004642,0.4966110327897461,-0.056020546157622364,-0.007683479041441036,0.39657153005814033,0.8551729518665524,1.2749866804097358
RF_bivariate_exact,Team (home or away),AFC Bournemouth,38,False,23,0.6052631578947368,0.39473684210526316,0.9268902489684071,0.5413464310599572,0.5627397239730694,-0.042523433921667464,-0.08541107893377385,0.07910622188695833,1.003080772899156,1.6937609202247932
RF_bivariate_exact,Team (home or away),Almería,38,False,23,0.6052631578947368,0.39473684210526316,0.9057003918362262,0.5302411760057905,0.5247464890821992,-0.0805166688125376,-0.3645156691337485,0.0808787247376371,0.7896147794970781,1.1014494483295272
RF_bivariate_exact,Team (home or away),Arsenal,38,False,26,0.6842105263157895,0.3157894736842105,0.8428018414225087,0.48776174300789515,0.5627510320385861,-0.12145949427720337,-0.28412298199126157,-0.24765956533019548,1.0034415391566498,1.4999276782874074
RF_bivariate_exact,Team (home or away),Aston Villa,38,False,19,0.5,0.5,1.0029517170307214,0.5992926033501055,0.49559290557220276,-0.004407094427797242,-0.009864236869921252,0.21028275968973079,0.8659516648683546,1.1847671736756888
RF_bivariate_exact,Team (home or away),Atalanta,38,False,22,0.5789473684210527,0.42105263157894735,0.9394204758160575,0.5528799634324164,0.5269034345417668,-0.05204393387928585,-0.05211288218419416,-0.1683370418839704,0.8737803861692756,1.4453140871071484
RF_bivariate_exact,Team (home or away),Athletic Club,38,False,20,0.5263157894736842,0.4736842105263158,1.0207828678216275,0.6089488051402928,0.5097764031269082,-0.016539386346775986,0.1944950923086518,0.16227795541047996,0.9301402048516517,1.371002309150951
RF_bivariate_exact,Team (home or away),Atlético Madrid,38,False,25,0.6578947368421053,0.3421052631578947,0.889208376380655,0.519982781951244,0.568509329540981,-0.08938540730112432,-0.007165412368104166,0.0789336031687515,0.8258887340006464,1.221505991616868
RF_bivariate_exact,Team (home or away),Augsburg,34,False,18,0.5294117647058824,0.47058823529411764,1.0335280277223697,0.6164065818102814,0.5324706945071281,0.00305892980124578,-0.07823114467702612,-0.2308016191404627,0.8860478012478654,1.2503603188580372
RF_bivariate_exact,Team (home or away),Barcelona,38,False,29,0.7631578947368421,0.23684210526315785,0.7540971481180074,0.4296654672190787,0.6350243044859564,-0.12813359025088578,0.2998504151692238,0.3544124590592904,0.9763807533684169,1.263507484092558
RF_bivariate_exact,Team (home or away),Bayern Munich,34,False,21,0.6176470588235294,0.38235294117647056,0.8818656556138521,0.519272257413569,0.6958478649478654,0.078200806124336,-0.4164663057245315,-0.17409757786989907,1.1098050691246388,2.193379831269118
RF_bivariate_exact,Team (home or away),Betis,38,False,20,0.5263157894736842,0.4736842105263158,0.9723397264679429,0.5741204662118209,0.4872902772051233,-0.03902551226856088,0.22519875984032045,0.19232922319287918,0.8717615803960629,1.1112473669265228
RF_bivariate_exact,Team (home or away),Bochum,34,False,20,0.5882352941176471,0.4117647058823529,0.9379301388762374,0.5561947161609866,0.5313066336803373,-0.05692866043730982,-0.46076844356970736,-0.04650314007652396,1.064502677402205,1.9292269453843431
RF_bivariate_exact,Team (home or away),Bologna,38,False,15,0.39473684210526316,0.6052631578947368,1.056685781432922,0.6349083741406415,0.48246016561736554,0.08772332351210238,-0.08980374639970802,0.0562707941681931,0.7809518809619523,1.056835722650156
RF_bivariate_exact,Team (home or away),Brentford,38,False,16,0.42105263157894735,0.5789473684210527,1.146775683383898,0.6965712216947093,0.4997999841449104,0.07874735256596305,-0.16414354847479753,0.13553274958514053,1.007774841663558,1.5490487819690297
RF_bivariate_exact,Team (home or away),Brighton & Hove Albion,38,False,18,0.47368421052631576,0.5263157894736843,1.066495204339334,0.6455093690328088,0.5157347607456495,0.04205055021933374,-0.2548882318254673,-0.23630045949937664,1.1168939944465954,1.9853630555283754
RF_bivariate_exact,Team (home or away),Celta Vigo,38,False,19,0.5,0.5,1.004158424739654,0.6015896050284228,0.4822245419315673,-0.017775458068432726,-0.026887319431840796,0.17200150056956565,0.841366745499024,1.1079710932621876
RF_bivariate_exact,Team (home or away),Chelsea,38,False,17,0.4473684210526316,0.5526315789473684,1.0898372503476803,0.6569509701075615,0.5459191985286589,0.09855077747602731,0.2968385902499187,0.3266872474546094,0.8846681745679204,1.1783331040004132
RF_bivariate_exact,Team (home or away),Cremonese,38,False,21,0.5526315789473685,0.4473684210526315,0.9312095212470265,0.5542562327242074,0.5360791284469525,-0.016552450500415983,0.11127930931514965,-0.1290723494078169,0.8437535271427811,1.0714050789422964
RF_bivariate_exact,Team (home or away),Crystal Palace,38,False,21,0.5526315789473685,0.4473684210526315,0.9822243666816167,0.5869967382041231,0.49815227006798773,-0.05447930887938074,0.24021810925062811,0.10874981501478012,0.9181650034937036,1.2975398000221354
RF_bivariate_exact,Team (home or away),Cádiz,38,False,18,0.47368421052631576,0.5263157894736843,0.9923279252314977,0.5909431673421406,0.516179144920715,0.042494934394399275,0.18373063992045058,0.29668299550151295,0.8896282246466711,1.2330030995076056
RF_bivariate_exact,Team (home or away),Dortmund,34,False,23,0.6764705882352942,0.32352941176470584,0.842516006288814,0.4862570120648803,0.5814858589696859,-0.0949847292656083,-0.7624438462318829,0.004144509329661476,1.0994569572705135,1.9429988725840697
RF_bivariate_exact,Team (home or away),Eint Frankfurt,34,False,16,0.47058823529411764,0.5294117647058824,1.0315260658924408,0.6233104865988492,0.49462197099204747,0.024033735697929826,-0.4872803012014887,0.04693408743685094,0.921400397465753,1.5484851266765476
RF_bivariate_exact,Team (home or away),Elche,38,False,22,0.5789473684210527,0.42105263157894735,0.9278084509424401,0.5432108082988433,0.562576472284265,-0.01637089613678766,0.09046427818888444,0.1484043148733251,0.7054084404158414,0.8969604882029867
RF_bivariate_exact,Team (home or away),Empoli,38,False,19,0.5,0.5,1.0376662451817198,0.6227124959616512,0.5156410069051107,0.01564100690511072,0.2083386085456568,0.23140664521483387,0.6922790157207811,0.8331709254060464
RF_bivariate_exact,Team (home or away),Espanyol,38,False,20,0.5263157894736842,0.4736842105263158,1.0380747732659106,0.6266895705080345,0.4760976924348258,-0.05021809703885838,-0.15728156891834222,-0.37972032737368316,0.7950194628462594,0.9322486647837142
RF_bivariate_exact,Team (home or away),Everton,38,False,16,0.42105263157894735,0.5789473684210527,1.053518045472056,0.6359027591356177,0.5063447985488121,0.08529216696986475,0.28943400987201623,0.0516544359047517,0.8668791287365357,1.2465621181390978
RF_bivariate_exact,Team (home or away),Fiorentina,38,False,20,0.5263157894736842,0.4736842105263158,0.9918417337650126,0.5917356593757194,0.501784933569795,-0.02453085590388915,0.16174075916975675,0.027416764873871485,0.8007178792875502,1.0565422899362429
RF_bivariate_exact,Team (home or away),Freiburg,34,False,24,0.7058823529411765,0.2941176470588235,0.8846224145174886,0.5114576240973443,0.4878653933384294,-0.21801695960274714,-0.2186643242846278,0.16392616862123813,0.9271538205020369,1.5555578325013708
RF_bivariate_exact,Team (home or away),Fulham,38,False,22,0.5789473684210527,0.42105263157894735,0.9270867061870752,0.5482766378535114,0.5082611986351729,-0.07068616978587972,0.0568277385754813,-0.1463988335473152,0.8736180147859789,1.2058401581660405
RF_bivariate_exact,Team (home or away),Getafe,38,False,17,0.4473684210526316,0.5526315789473684,1.0638664925305783,0.6482650633287711,0.48519979117517337,0.037831370122541785,0.21991531645807166,0.3134644346456576,0.8781380001465781,1.1297627385408862
RF_bivariate_exact,Team (home or away),Girona,38,False,21,0.5526315789473685,0.4473684210526315,1.0504458965804997,0.6363644355365025,0.49130868143376566,-0.061322897513602814,-0.21308127398895535,-0.10606961634848451,0.8127923996163926,1.2599854767704053
RF_bivariate_exact,Team (home or away),Gladbach,34,False,13,0.38235294117647056,0.6176470588235294,1.1070158998309199,0.678046273841802,0.49530874560307464,0.11295580442660408,-0.5008546460645699,0.14051087697922834,1.0699459342265158,1.83244014687452
RF_bivariate_exact,Team (home or away),Hellas Verona,39,False,22,0.5641025641025641,0.4358974358974359,0.9205087137494411,0.5403971634353402,0.49340219146983544,-0.07070037263272866,0.21944171365647022,0.12147657349338253,0.7480844390416446,1.0139362754711743
RF_bivariate_exact,Team (home or away),Hertha BSC,34,False,21,0.6176470588235294,0.38235294117647056,0.9009726925111939,0.5238638080273178,0.5209007811361461,-0.09674627768738331,-0.4121010866190848,-0.09391303209001718,0.9138876363888837,1.452687087528732
RF_bivariate_exact,Team (home or away),Hoffenheim,34,False,21,0.6176470588235294,0.38235294117647056,0.9447984295925721,0.5593315067150474,0.48791414537884326,-0.12973291344468618,-0.10070668111648483,-0.20865640178916073,0.9491617834360107,1.423585740890483
RF_bivariate_exact,Team (home or away),Inter,38,False,22,0.5789473684210527,0.42105263157894735,0.9202399164351048,0.535145104041495,0.6045657669082699,0.025618398487217253,-0.12483934759000895,0.059470731811400945,0.9562357266636825,1.5403339919067398
RF_bivariate_exact,Team (home or away),Juventus,38,False,24,0.631578947368421,0.368421052631579,0.8904243228066826,0.5180592787783164,0.548666952920103,-0.08291199444831798,0.041656223934471166,0.3978599588132271,0.9377179177370087,1.2950540421299985
RF_bivariate_exact,Team (home or away),Köln,34,False,13,0.38235294117647056,0.6176470588235294,1.1047644825067473,0.6729691461793399,0.48943781479691933,0.10708487362044877,-0.3350006437039004,0.021896321458834682,1.1122183132909573,2.2622338928114294
RF_bivariate_exact,Team (home or away),Lazio,38,False,19,0.5,0.5,0.9850827053209549,0.5869192116857654,0.529018010811951,0.02901801081195099,0.35122787322987253,0.05953098917092179,0.9165560205349221,1.2351637030816485
RF_bivariate_exact,Team (home or away),Lecce,38,False,16,0.42105263157894735,0.5789473684210527,1.0526195487971897,0.637884850746589,0.5089391126094917,0.0878864810305443,0.40384650074433404,0.17753278543777318,0.6693353769338977,0.6390735509573617
RF_bivariate_exact,Team (home or away),Leeds United,38,False,22,0.5789473684210527,0.42105263157894735,0.984403365443111,0.5806788725861847,0.5059856953547729,-0.07296167306627976,-0.2737632698782074,-0.3212312291302084,1.009288238861531,1.8283694856722947
RF_bivariate_exact,Team (home or away),Leicester City,38,False,18,0.47368421052631576,0.5263157894736843,0.971460636320266,0.5772764072399358,0.49922941205861515,0.02554520153229939,-0.13577701447945073,-0.19838311123727606,1.0207690078259095,1.7306372028069124
RF_bivariate_exact,Team (home or away),Leverkusen,34,False,16,0.47058823529411764,0.5294117647058824,1.0854236340162453,0.6561438956345077,0.5231455380895532,0.05255730279543558,-0.20452592874781492,-0.04441815739865354,1.0207094748778869,1.5783916721263664
RF_bivariate_exact,Team (home or away),Liverpool,38,False,19,0.5,0.5,1.0566385320664013,0.6393002149227305,0.6102275024456861,0.11022750244568613,-0.3476203506870114,0.14372535278327425,1.192838882893979,2.5389623131547445
RF_bivariate_exact,Team (home or away),Mainz 05,34,False,15,0.4411764705882353,0.5588235294117647,1.1251172276206223,0.6849509272166545,0.48382276377727973,0.04264629318904445,-0.28638718537870306,-0.21990559328241238,1.0068491175343448,1.7831031571176414
RF_bivariate_exact,Team (home or away),Mallorca,38,False,20,0.5263157894736842,0.4736842105263158,1.0296627646911019,0.6153316748064425,0.4870084406839066,-0.039307348789777596,0.0395583780210052,0.4565685864488649,0.8496340720599871,1.0794358980737062
RF_bivariate_exact,Team (home or away),Manchester City,38,False,28,0.7368421052631579,0.26315789473684215,0.7172903280132913,0.3982258518167609,0.6524658438073094,-0.08437626145584842,-0.22545929612400925,0.10464760776774307,0.9155849141548739,1.3382576891074798
RF_bivariate_exact,Team (home or away),Manchester United,38,False,26,0.6842105263157895,0.3157894736842105,0.8575084205984774,0.49621825906304756,0.5503002550988776,-0.1339102712169119,-0.23007893568499785,0.4390131985276309,0.9426685206992647,1.5784896761115628
RF_bivariate_exact,Team (home or away),Milan,38,False,18,0.47368421052631576,0.5263157894736843,0.9959050418672377,0.6002408717413624,0.5643611558166206,0.09067694529030484,-0.12649746054660624,0.13733410207780458,0.8633239331581865,1.3566797364999024
RF_bivariate_exact,Team (home or away),Monza,38,False,15,0.39473684210526316,0.6052631578947368,1.078671641959468,0.6508236601021992,0.49572911105833445,0.10099226895307128,-0.0050949514558973575,0.031461531706659225,0.8223254093197845,1.06128346638674
RF_bivariate_exact,Team (home or away),Napoli,38,False,27,0.7105263157894737,0.2894736842105263,0.8082204846343549,0.46551771886753296,0.5824863351857449,-0.1280399806037288,0.18644223614628644,-0.05913900527204365,0.9036491278592377,1.3437865613651232
RF_bivariate_exact,Team (home or away),Newcastle United,38,False,21,0.5526315789473685,0.4473684210526315,0.9944253716560504,0.597849758023881,0.5174567259134651,-0.03517485303390333,0.10009578700603014,0.055959278374717536,1.0064595804403331,1.7504941002321
RF_bivariate_exact,Team (home or away),Nottingham Forest,38,False,18,0.47368421052631576,0.5263157894736843,0.9847123461733591,0.5877142151847281,0.5496411584002573,0.07595694787394153,-0.3268713905978013,0.34497414286163525,0.8326660593041905,1.2093585421329613
RF_bivariate_exact,Team (home or away),Osasuna,38,False,22,0.5789473684210527,0.42105263157894735,0.9494347493510593,0.5620062554043236,0.4887783280713604,-0.09016904034969225,0.2830289196024478,0.27019975752962266,0.7500288852469342,0.8215510448884632
RF_bivariate_exact,Team (home or away),RB Leipzig,34,False,21,0.6176470588235294,0.38235294117647056,0.9250246565702569,0.5421197730538039,0.5733326761000467,-0.04431438272348276,-0.18966113953152255,0.01828672165394006,0.968107880012438,1.4695685307009605
RF_bivariate_exact,Team (home or away),Rayo Vallecano,38,False,15,0.39473684210526316,0.6052631578947368,1.078895043973884,0.6536779574126363,0.47874370356174023,0.08400686145647707,-0.1056529283101197,0.1613061858221237,0.8044904062121594,1.1237733262640084
RF_bivariate_exact,Team (home or away),Real Madrid,38,False,26,0.6842105263157895,0.3157894736842105,0.8293511781675401,0.4811773822744331,0.6205550370442292,-0.06365548927156028,-0.02637420702062436,0.07368177525591517,0.7720564617325092,1.0836850434961456
RF_bivariate_exact,Team (home or away),Real Sociedad,38,False,21,0.5526315789473685,0.4473684210526315,0.9873318439906363,0.5895941108350118,0.49439696437693487,-0.05823461457043361,0.2966821745130222,0.12630164357836926,0.8001193232363949,1.0361861131489152
RF_bivariate_exact,Team (home or away),Roma,38,False,22,0.5789473684210527,0.42105263157894735,0.9403657340158375,0.5535745187265442,0.524467325555568,-0.05448004286548469,0.14626961188102214,0.2841225790770173,0.745381451745043,0.9128286723002969
RF_bivariate_exact,Team (home or away),Salernitana,38,False,16,0.42105263157894735,0.5789473684210527,1.096857230757427,0.6737108205236139,0.5270184213686726,0.10596578978972526,-0.27913521871210634,0.0985511549868888,0.9466019591205872,1.6554666190603318
RF_bivariate_exact,Team (home or away),Sampdoria,38,False,21,0.5526315789473685,0.4473684210526315,0.8920945691154454,0.5229576181483168,0.5331438629090431,-0.01948771603832533,0.022491880493366017,0.1832231241153563,0.8208995467559458,1.0662341832354287
RF_bivariate_exact,Team (home or away),Sassuolo,38,False,18,0.47368421052631576,0.5263157894736843,1.0134046749437322,0.602397933840178,0.5051377247788583,0.03145351425254256,-0.1353170666363126,0.029620289689352163,0.8640178298405334,1.3575815470244719
RF_bivariate_exact,Team (home or away),Schalke 04,34,False,19,0.5588235294117647,0.4411764705882353,0.9365567279306037,0.5546766652613124,0.5407166619690151,-0.018106867442749586,-0.18585040943692047,-0.15345913391640859,1.0526639063130367,1.9541570456529285
RF_bivariate_exact,Team (home or away),Sevilla,38,False,17,0.4473684210526316,0.5526315789473684,1.025319770605824,0.6149335645275515,0.49406799732223944,0.046699576269607856,0.12460457431177686,-0.06658728114543262,0.7429207654767411,0.9513762702600941
RF_bivariate_exact,Team (home or away),Southampton,38,False,23,0.6052631578947368,0.39473684210526316,0.9840181981857433,0.5891732234656549,0.5341322193400625,-0.07113093855467434,0.07875048659293148,-0.16723226312750997,0.9268519628273058,1.2832090849948583
RF_bivariate_exact,Team (home or away),Spezia,39,False,19,0.48717948717948717,0.5128205128205128,0.9777344308500151,0.5778243292653809,0.5230217364800358,0.035842249300548634,0.18878063475391466,0.12470191654426002,0.7910618009137048,0.865890862518966
RF_bivariate_exact,Team (home or away),Stuttgart,34,False,15,0.4411764705882353,0.5588235294117647,1.0350531266843799,0.6245792749819339,0.4904855161507568,0.049309045562521525,-0.1901009154106914,-0.07996752228482547,0.7589994193499598,1.0094933037578981
RF_bivariate_exact,Team (home or away),Torino,38,False,16,0.42105263157894735,0.5789473684210527,1.0603992743636639,0.6405903996677341,0.4860185350626773,0.06496590348372994,0.4999566104614295,-0.04401150243818875,0.7418180124362027,0.8950738177685914
RF_bivariate_exact,Team (home or away),Tottenham Hotspur,38,False,25,0.6578947368421053,0.3421052631578947,0.9091284622241433,0.5277038774261021,0.5307463587150228,-0.12714837812708246,-0.40849163593594456,-0.23393901066094247,1.0207246725252943,1.7266518802311348
RF_bivariate_exact,Team (home or away),Udinese,38,False,20,0.5263157894736842,0.4736842105263158,1.0454599920075516,0.633233610063022,0.5038434056127447,-0.022472383860939527,-0.0346727761475593,0.24920154786447798,0.8884474226437405,1.0900025529614572
RF_bivariate_exact,Team (home or away),Union Berlin,34,False,18,0.5294117647058824,0.47058823529411764,1.0388447449718181,0.6299465407040815,0.4795300336427014,-0.049881731063180945,-0.2068317659345381,0.24326134748823952,0.9560223626054136,1.581891633183649
RF_bivariate_exact,Team (home or away),Valencia,38,False,18,0.47368421052631576,0.5263157894736843,1.0182663576796873,0.610783196227854,0.47855598173691116,0.004871771210595399,0.07039878993484883,0.30026697107840233,0.7167712406831811,0.8145397153715325
RF_bivariate_exact,Team (home or away),Valladolid,38,False,22,0.5789473684210527,0.42105263157894735,0.9555334986104795,0.5607078868829846,0.5070130386617271,-0.07193432975932557,-0.047920057896142856,0.20120203338888584,0.927437549716821,1.352893534426908
RF_bivariate_exact,Team (home or away),Villarreal,38,False,19,0.5,0.5,1.0317918663083574,0.6135388158051557,0.5236269802290724,0.023626980229072392,0.009660867323933132,0.15822998186738535,0.8771593089927349,1.222774182082028
RF_bivariate_exact,Team (home or away),Werder Bremen,34,False,19,0.5588235294117647,0.4411764705882353,0.9842042696195186,0.5856269823859312,0.5058218983782193,-0.05300163103354538,-0.2744783312010737,-0.3413359577788891,0.8745560360656982,1.6449988247070295
RF_bivariate_exact,Team (home or away),West Ham United,38,False,21,0.5526315789473685,0.4473684210526315,0.9323594662230746,0.5476224351757233,0.5030683116640037,-0.0495632672833648,0.03669185321734556,0.19593376525069015,0.8408971334692872,1.1938233176493735
RF_bivariate_exact,Team (home or away),Wolfsburg,34,False,15,0.4411764705882353,0.5588235294117647,1.0571813744838736,0.6372472055560329,0.48800994314234847,0.04683347255411319,-0.13033066917186384,-0.18938474490527096,1.1217228840601168,2.035513634735944
RF_bivariate_exact,Team (home or away),Wolverhampton Wanderers,38,False,21,0.5526315789473685,0.4473684210526315,0.9283507413293819,0.5432788806099241,0.494749730282141,-0.0578818486652275,-0.00741615080997191,0.39594234990827953,0.856014802375073,1.2747715190609226
RF_bivariate_simulated,Team (home or away),AFC Bournemouth,38,False,23,0.6052631578947368,0.39473684210526316,0.9266505560599448,0.5413131197473684,0.5630015789473686,-0.04226157894736826,-0.08541107893377385,0.07910622188695833,1.003080772899156,1.6937609202247932
RF_bivariate_simulated,Team (home or away),Almería,38,False,24,0.631578947368421,0.368421052631579,0.9066425976937611,0.5309082680631578,0.5244636842105262,-0.10711526315789477,-0.3645156691337485,0.0808787247376371,0.7896147794970781,1.1014494483295272
RF_bivariate_simulated,Team (home or away),Arsenal,38,False,26,0.6842105263157895,0.3157894736842105,0.8435452358250819,0.48835262909473687,0.562741052631579,-0.12146947368421046,-0.28412298199126157,-0.24765956533019548,1.0034415391566498,1.4999276782874074
RF_bivariate_simulated,Team (home or away),Aston Villa,38,False,19,0.5,0.5,1.0017175657911235,0.5986793548631579,0.4954294736842104,-0.00457052631578958,-0.009864236869921252,0.21028275968973079,0.8659516648683546,1.1847671736756888
RF_bivariate_simulated,Team (home or away),Atalanta,38,False,22,0.5789473684210527,0.42105263157894735,0.9396199961371304,0.5530154922315789,0.5266757894736843,-0.052271578947368336,-0.05211288218419416,-0.1683370418839704,0.8737803861692756,1.4453140871071484
RF_bivariate_simulated,Team (home or away),Athletic Club,38,False,20,0.5263157894736842,0.4736842105263158,1.020800646284261,0.6089340247368421,0.5100136842105264,-0.016302105263157785,0.1944950923086518,0.16227795541047996,0.9301402048516517,1.371002309150951
RF_bivariate_simulated,Team (home or away),Atlético Madrid,38,False,25,0.6578947368421053,0.3421052631578947,0.8899980054801495,0.5204637127578948,0.5685494736842106,-0.0893452631578947,-0.007165412368104166,0.0789336031687515,0.8258887340006464,1.221505991616868
RF_bivariate_simulated,Team (home or away),Augsburg,34,False,18,0.5294117647058824,0.47058823529411764,1.0349879723691318,0.6173827436,0.5328241176470587,0.0034123529411763664,-0.07823114467702612,-0.2308016191404627,0.8860478012478654,1.2503603188580372
RF_bivariate_simulated,Team (home or away),Barcelona,38,False,29,0.7631578947368421,0.23684210526315785,0.7545684191632882,0.429741736968421,0.6346384210526315,-0.12851947368421068,0.2998504151692238,0.3544124590592904,0.9763807533684169,1.263507484092558
RF_bivariate_simulated,Team (home or away),Bayern Munich,34,False,21,0.6176470588235294,0.38235294117647056,0.8822746414742533,0.5194260760235293,0.6962464705882353,0.07859941176470586,-0.4164663057245315,-0.17409757786989907,1.1098050691246388,2.193379831269118
RF_bivariate_simulated,Team (home or away),Betis,38,False,20,0.5263157894736842,0.4736842105263158,0.9732806629188981,0.5747578854947367,0.48751210526315797,-0.03880368421052621,0.22519875984032045,0.19232922319287918,0.8717615803960629,1.1112473669265228
RF_bivariate_simulated,Team (home or away),Bochum,34,False,21,0.6176470588235294,0.38235294117647056,0.9382613088377285,0.5565751554352942,0.5321829411764706,-0.08546411764705886,-0.46076844356970736,-0.04650314007652396,1.064502677402205,1.9292269453843431
RF_bivariate_simulated,Team (home or away),Bologna,38,False,15,0.39473684210526316,0.6052631578947368,1.0545930554306893,0.633572466905263,0.48311789473684214,0.08838105263157897,-0.08980374639970802,0.0562707941681931,0.7809518809619523,1.056835722650156
RF_bivariate_simulated,Team (home or away),Brentford,38,False,16,0.42105263157894735,0.5789473684210527,1.1461266164493085,0.6963280371999998,0.4997057894736842,0.07865315789473687,-0.16414354847479753,0.13553274958514053,1.007774841663558,1.5490487819690297
RF_bivariate_simulated,Team (home or away),Brighton & Hove Albion,38,False,18,0.47368421052631576,0.5263157894736843,1.0666427871826962,0.6457474516000001,0.5153552631578948,0.04167105263157905,-0.2548882318254673,-0.23630045949937664,1.1168939944465954,1.9853630555283754
RF_bivariate_simulated,Team (home or away),Celta Vigo,38,False,20,0.5263157894736842,0.4736842105263158,1.0046420402792766,0.602019481536842,0.4824899999999999,-0.04382578947368426,-0.026887319431840796,0.17200150056956565,0.841366745499024,1.1079710932621876
RF_bivariate_simulated,Team (home or away),Chelsea,38,False,17,0.4473684210526316,0.5526315789473684,1.0897348740295627,0.6569975663578947,0.5464468421052632,0.0990784210526316,0.2968385902499187,0.3266872474546094,0.8846681745679204,1.1783331040004132
RF_bivariate_simulated,Team (home or away),Cremonese,38,False,21,0.5526315789473685,0.4473684210526315,0.9295402702980312,0.5530120368842104,0.5360678947368421,-0.01656368421052634,0.11127930931514965,-0.1290723494078169,0.8437535271427811,1.0714050789422964
RF_bivariate_simulated,Team (home or away),Crystal Palace,38,False,21,0.5526315789473685,0.4473684210526315,0.9810930125035003,0.5863737727999999,0.49817631578947363,-0.05445526315789484,0.24021810925062811,0.10874981501478012,0.9181650034937036,1.2975398000221354
RF_bivariate_simulated,Team (home or away),Cádiz,38,False,18,0.47368421052631576,0.5263157894736843,0.9939724168547728,0.5919091525263159,0.5159626315789475,0.04227842105263174,0.18373063992045058,0.29668299550151295,0.8896282246466711,1.2330030995076056
RF_bivariate_simulated,Team (home or away),Dortmund,34,False,23,0.6764705882352942,0.32352941176470584,0.8429000041670024,0.4865526721411766,0.5817529411764706,-0.09471764705882357,-0.7624438462318829,0.004144509329661476,1.0994569572705135,1.9429988725840697
RF_bivariate_simulated,Team (home or away),Eint Frankfurt,34,False,16,0.47058823529411764,0.5294117647058824,1.0333026324832837,0.6246596609176471,0.4945229411764706,0.02393470588235297,-0.4872803012014887,0.04693408743685094,0.921400397465753,1.5484851266765476
RF_bivariate_simulated,Team (home or away),Elche,38,False,22,0.5789473684210527,0.42105263157894735,0.927487754366191,0.5428930504,0.56239,-0.01655736842105271,0.09046427818888444,0.1484043148733251,0.7054084404158414,0.8969604882029867
RF_bivariate_simulated,Team (home or away),Empoli,38,False,19,0.5,0.5,1.0366668415534073,0.622200985663158,0.5157652631578947,0.015765263157894727,0.2083386085456568,0.23140664521483387,0.6922790157207811,0.8331709254060464
RF_bivariate_simulated,Team (home or away),Espanyol,38,False,20,0.5263157894736842,0.4736842105263158,1.039691331206453,0.6275607196842105,0.4754452631578948,-0.050870526315789366,-0.15728156891834222,-0.37972032737368316,0.7950194628462594,0.9322486647837142
RF_bivariate_simulated,Team (home or away),Everton,38,False,16,0.42105263157894735,0.5789473684210527,1.052848475859917,0.6355714600210526,0.507378947368421,0.0863263157894737,0.28943400987201623,0.0516544359047517,0.8668791287365357,1.2465621181390978
RF_bivariate_simulated,Team (home or away),Fiorentina,38,False,20,0.5263157894736842,0.4736842105263158,0.9921736370205361,0.5917975806105262,0.5018847368421053,-0.024431052631578853,0.16174075916975675,0.027416764873871485,0.8007178792875502,1.0565422899362429
RF_bivariate_simulated,Team (home or away),Freiburg,34,False,24,0.7058823529411765,0.2941176470588235,0.8842267159778798,0.5110447084,0.488074705882353,-0.2178076470588235,-0.2186643242846278,0.16392616862123813,0.9271538205020369,1.5555578325013708
RF_bivariate_simulated,Team (home or away),Fulham,38,False,22,0.5789473684210527,0.42105263157894735,0.9278845611224247,0.5490113742947369,0.5078815789473683,-0.07106578947368436,0.0568277385754813,-0.1463988335473152,0.8736180147859789,1.2058401581660405
RF_bivariate_simulated,Team (home or away),Getafe,38,False,17,0.4473684210526316,0.5526315789473684,1.0656645298710892,0.6493160917894736,0.4853931578947368,0.03802473684210522,0.21991531645807166,0.3134644346456576,0.8781380001465781,1.1297627385408862
RF_bivariate_simulated,Team (home or away),Girona,38,False,21,0.5526315789473685,0.4473684210526315,1.0500295318902118,0.6361696144842105,0.49130157894736837,-0.06133000000000011,-0.21308127398895535,-0.10606961634848451,0.8127923996163926,1.2599854767704053
RF_bivariate_simulated,Team (home or away),Gladbach,34,False,13,0.38235294117647056,0.6176470588235294,1.1060155836998595,0.6774232279529411,0.4957270588235294,0.11337411764705885,-0.5008546460645699,0.14051087697922834,1.0699459342265158,1.83244014687452
RF_bivariate_simulated,Team (home or away),Hellas Verona,39,False,22,0.5641025641025641,0.4358974358974359,0.9197445563350374,0.5399460946051282,0.4943446153846153,-0.06975794871794877,0.21944171365647022,0.12147657349338253,0.7480844390416446,1.0139362754711743
RF_bivariate_simulated,Team (home or away),Hertha BSC,34,False,21,0.6176470588235294,0.38235294117647056,0.9032263517543878,0.525236224682353,0.5205294117647058,-0.09711764705882364,-0.4121010866190848,-0.09391303209001718,0.9138876363888837,1.452687087528732
RF_bivariate_simulated,Team (home or away),Hoffenheim,34,False,22,0.6470588235294118,0.3529411764705882,0.943914048349536,0.5586565562352942,0.487945294117647,-0.15911352941176482,-0.10070668111648483,-0.20865640178916073,0.9491617834360107,1.423585740890483
RF_bivariate_simulated,Team (home or away),Inter,38,False,22,0.5789473684210527,0.42105263157894735,0.919337473707181,0.5346977664000001,0.6045463157894738,0.025598947368421165,-0.12483934759000895,0.059470731811400945,0.9562357266636825,1.5403339919067398
RF_bivariate_simulated,Team (home or away),Juventus,38,False,24,0.631578947368421,0.368421052631579,0.8901680414805591,0.5177245024210527,0.5486152631578948,-0.08296368421052625,0.041656223934471166,0.3978599588132271,0.9377179177370087,1.2950540421299985
RF_bivariate_simulated,Team (home or away),Köln,34,False,13,0.38235294117647056,0.6176470588235294,1.105784177457162,0.6737556447529413,0.4898182352941176,0.10746529411764705,-0.3350006437039004,0.021896321458834682,1.1122183132909573,2.2622338928114294
RF_bivariate_simulated,Team (home or away),Lazio,38,False,19,0.5,0.5,0.9838190613481015,0.5861890345473684,0.5291105263157896,0.029110526315789587,0.35122787322987253,0.05953098917092179,0.9165560205349221,1.2351637030816485
RF_bivariate_simulated,Team (home or away),Lecce,38,False,16,0.42105263157894735,0.5789473684210527,1.0528952262082445,0.6380418257052631,0.5086857894736841,0.0876331578947368,0.40384650074433404,0.17753278543777318,0.6693353769338977,0.6390735509573617
RF_bivariate_simulated,Team (home or away),Leeds United,38,False,22,0.5789473684210527,0.42105263157894735,0.9864820344540148,0.5820599747157894,0.5060552631578948,-0.07289210526315781,-0.2737632698782074,-0.3212312291302084,1.009288238861531,1.8283694856722947
RF_bivariate_simulated,Team (home or away),Leicester City,38,False,18,0.47368421052631576,0.5263157894736843,0.972158260534674,0.5778641415368422,0.49951736842105277,0.025833157894737002,-0.13577701447945073,-0.19838311123727606,1.0207690078259095,1.7306372028069124
RF_bivariate_simulated,Team (home or away),Leverkusen,34,False,16,0.47058823529411764,0.5294117647058824,1.084706379754436,0.655664899835294,0.5233435294117648,0.05275529411764712,-0.20452592874781492,-0.04441815739865354,1.0207094748778869,1.5783916721263664
RF_bivariate_simulated,Team (home or away),Liverpool,38,False,19,0.5,0.5,1.0555155879678095,0.6388063882947369,0.6102031578947369,0.11020315789473689,-0.3476203506870114,0.14372535278327425,1.192838882893979,2.5389623131547445
RF_bivariate_simulated,Team (home or away),Mainz 05,34,False,15,0.4411764705882353,0.5588235294117647,1.1244891014356884,0.6845526076470588,0.48424764705882356,0.04307117647058828,-0.28638718537870306,-0.21990559328241238,1.0068491175343448,1.7831031571176414
RF_bivariate_simulated,Team (home or away),Mallorca,38,False,20,0.5263157894736842,0.4736842105263158,1.0283968829351635,0.6146665744421053,0.4871273684210527,-0.039188421052631484,0.0395583780210052,0.4565685864488649,0.8496340720599871,1.0794358980737062
RF_bivariate_simulated,Team (home or away),Manchester City,38,False,28,0.7368421052631579,0.26315789473684215,0.7173165161977466,0.39832876734736844,0.6520121052631579,-0.08482999999999996,-0.22545929612400925,0.10464760776774307,0.9155849141548739,1.3382576891074798
RF_bivariate_simulated,Team (home or away),Manchester United,38,False,26,0.6842105263157895,0.3157894736842105,0.8562941647841144,0.495598173831579,0.5503736842105263,-0.13383684210526314,-0.23007893568499785,0.4390131985276309,0.9426685206992647,1.5784896761115628
RF_bivariate_simulated,Team (home or away),Milan,38,False,18,0.47368421052631576,0.5263157894736843,0.9965217046312729,0.6006127727789474,0.5643105263157896,0.09062631578947383,-0.12649746054660624,0.13733410207780458,0.8633239331581865,1.3566797364999024
RF_bivariate_simulated,Team (home or away),Monza,38,False,15,0.39473684210526316,0.6052631578947368,1.0785372082906726,0.650681598905263,0.49581684210526317,0.10108,-0.0050949514558973575,0.031461531706659225,0.8223254093197845,1.06128346638674
RF_bivariate_simulated,Team (home or away),Napoli,38,False,27,0.7105263157894737,0.2894736842105263,0.8097684043726775,0.466131238168421,0.5822810526315788,-0.12824526315789486,0.18644223614628644,-0.05913900527204365,0.9036491278592377,1.3437865613651232
RF_bivariate_simulated,Team (home or away),Newcastle United,38,False,21,0.5526315789473685,0.4473684210526315,0.9943892856902504,0.5977519350526315,0.5174194736842106,-0.03521210526315788,0.10009578700603014,0.055959278374717536,1.0064595804403331,1.7504941002321
RF_bivariate_simulated,Team (home or away),Nottingham Forest,38,False,18,0.47368421052631576,0.5263157894736843,0.9845642657667948,0.5878959416421052,0.5496652631578949,0.07598105263157912,-0.3268713905978013,0.34497414286163525,0.8326660593041905,1.2093585421329613
RF_bivariate_simulated,Team (home or away),Osasuna,38,False,23,0.6052631578947368,0.39473684210526316,0.9494360570702336,0.5619545918526315,0.48885263157894737,-0.11641052631578946,0.2830289196024478,0.27019975752962266,0.7500288852469342,0.8215510448884632
RF_bivariate_simulated,Team (home or away),RB Leipzig,34,False,21,0.6176470588235294,0.38235294117647056,0.9246754251075354,0.5421877188235296,0.5733382352941176,-0.04430882352941179,-0.18966113953152255,0.01828672165394006,0.968107880012438,1.4695685307009605
RF_bivariate_simulated,Team (home or away),Rayo Vallecano,38,False,15,0.39473684210526316,0.6052631578947368,1.0802408597964541,0.6545159938947368,0.4784836842105263,0.08374684210526312,-0.1056529283101197,0.1613061858221237,0.8044904062121594,1.1237733262640084
RF_bivariate_simulated,Team (home or away),Real Madrid,38,False,26,0.6842105263157895,0.3157894736842105,0.8283436761442154,0.48081411656842105,0.6208063157894737,-0.06340421052631584,-0.02637420702062436,0.07368177525591517,0.7720564617325092,1.0836850434961456
RF_bivariate_simulated,Team (home or away),Real Sociedad,38,False,23,0.6052631578947368,0.39473684210526316,0.9890239483857958,0.5907275813473685,0.49404684210526323,-0.11121631578947361,0.2966821745130222,0.12630164357836926,0.8001193232363949,1.0361861131489152
RF_bivariate_simulated,Team (home or away),Roma,38,False,22,0.5789473684210527,0.42105263157894735,0.9397886752657724,0.5532236831789475,0.5255147368421051,-0.05343263157894751,0.14626961188102214,0.2841225790770173,0.745381451745043,0.9128286723002969
RF_bivariate_simulated,Team (home or away),Salernitana,38,False,16,0.42105263157894735,0.5789473684210527,1.0980193071429416,0.6741326549263157,0.5266494736842104,0.1055968421052631,-0.27913521871210634,0.0985511549868888,0.9466019591205872,1.6554666190603318
RF_bivariate_simulated,Team (home or away),Sampdoria,38,False,21,0.5526315789473685,0.4473684210526315,0.8921163773551086,0.5230029375157894,0.5326036842105262,-0.0200278947368423,0.022491880493366017,0.1832231241153563,0.8208995467559458,1.0662341832354287
RF_bivariate_simulated,Team (home or away),Sassuolo,38,False,18,0.47368421052631576,0.5263157894736843,1.0124754871648831,0.6021030024,0.5051373684210527,0.03145315789473696,-0.1353170666363126,0.029620289689352163,0.8640178298405334,1.3575815470244719
RF_bivariate_simulated,Team (home or away),Schalke 04,34,False,19,0.5588235294117647,0.4411764705882353,0.9373745479205507,0.5551471438352942,0.5405529411764706,-0.01827058823529415,-0.18585040943692047,-0.15345913391640859,1.0526639063130367,1.9541570456529285
RF_bivariate_simulated,Team (home or away),Sevilla,38,False,17,0.4473684210526316,0.5526315789473684,1.0255939610229072,0.6149067279578947,0.4933257894736843,0.04595736842105269,0.12460457431177686,-0.06658728114543262,0.7429207654767411,0.9513762702600941
RF_bivariate_simulated,Team (home or away),Southampton,38,False,23,0.6052631578947368,0.39473684210526316,0.9849215258815911,0.5898677673052631,0.5341157894736842,-0.07114736842105263,0.07875048659293148,-0.16723226312750997,0.9268519628273058,1.2832090849948583
RF_bivariate_simulated,Team (home or away),Spezia,39,False,19,0.48717948717948717,0.5128205128205128,0.977317845066097,0.5772469185435897,0.5232384615384615,0.03605897435897437,0.18878063475391466,0.12470191654426002,0.7910618009137048,0.865890862518966
RF_bivariate_simulated,Team (home or away),Stuttgart,34,False,15,0.4411764705882353,0.5588235294117647,1.0346676464246785,0.6242525555294118,0.49107058823529415,0.04989411764705887,-0.1901009154106914,-0.07996752228482547,0.7589994193499598,1.0094933037578981
RF_bivariate_simulated,Team (home or away),Torino,38,False,16,0.42105263157894735,0.5789473684210527,1.0613642297312984,0.6411469119789472,0.485243157894737,0.06419052631578964,0.4999566104614295,-0.04401150243818875,0.7418180124362027,0.8950738177685914
RF_bivariate_simulated,Team (home or away),Tottenham Hotspur,38,False,25,0.6578947368421053,0.3421052631578947,0.9095055590333029,0.528262049873684,0.5307610526315789,-0.1271336842105264,-0.40849163593594456,-0.23393901066094247,1.0207246725252943,1.7266518802311348
RF_bivariate_simulated,Team (home or away),Udinese,38,False,20,0.5263157894736842,0.4736842105263158,1.0456520571273193,0.6332867853473685,0.5038468421052632,-0.022468947368420977,-0.0346727761475593,0.24920154786447798,0.8884474226437405,1.0900025529614572
RF_bivariate_simulated,Team (home or away),Union Berlin,34,False,18,0.5294117647058824,0.47058823529411764,1.0381216618053641,0.629668790564706,0.47965941176470595,-0.049752352941176414,-0.2068317659345381,0.24326134748823952,0.9560223626054136,1.581891633183649
RF_bivariate_simulated,Team (home or away),Valencia,38,False,18,0.47368421052631576,0.5263157894736843,1.0198448911451203,0.6118511755578947,0.47883000000000003,0.00514578947368427,0.07039878993484883,0.30026697107840233,0.7167712406831811,0.8145397153715325
RF_bivariate_simulated,Team (home or away),Valladolid,38,False,22,0.5789473684210527,0.42105263157894735,0.9556211728901036,0.5606934551578948,0.50713,-0.07181736842105269,-0.047920057896142856,0.20120203338888584,0.927437549716821,1.352893534426908
RF_bivariate_simulated,Team (home or away),Villarreal,38,False,20,0.5263157894736842,0.4736842105263158,1.0316952110975048,0.6135081820421054,0.5233352631578947,-0.002980526315789489,0.009660867323933132,0.15822998186738535,0.8771593089927349,1.222774182082028
RF_bivariate_simulated,Team (home or away),Werder Bremen,34,False,19,0.5588235294117647,0.4411764705882353,0.9836171189963461,0.5850704621647059,0.505874705882353,-0.05294882352941177,-0.2744783312010737,-0.3413359577788891,0.8745560360656982,1.6449988247070295
RF_bivariate_simulated,Team (home or away),West Ham United,38,False,21,0.5526315789473685,0.4473684210526315,0.9331652110033154,0.5481274944631579,0.5028136842105264,-0.04981789473684206,0.03669185321734556,0.19593376525069015,0.8408971334692872,1.1938233176493735
RF_bivariate_simulated,Team (home or away),Wolfsburg,34,False,15,0.4411764705882353,0.5588235294117647,1.0570740442246727,0.6370598306588235,0.48864647058823535,0.04747000000000007,-0.13033066917186384,-0.18938474490527096,1.1217228840601168,2.035513634735944
RF_bivariate_simulated,Team (home or away),Wolverhampton Wanderers,38,False,21,0.5526315789473685,0.4473684210526315,0.9276010846557677,0.5430979298105264,0.49494526315789483,-0.05768631578947364,-0.00741615080997191,0.39594234990827953,0.856014802375073,1.2747715190609226
RF_vector,Team (home or away),AFC Bournemouth,38,False,22,0.5789473684210527,0.42105263157894735,0.9163372113943454,0.5364123435783393,0.559927441511102,-0.01901992690995069,-0.07539895283521497,0.06802997922393031,0.9970288634621505,1.6821964897381103
RF_vector,Team (home or away),Almería,38,False,23,0.6052631578947368,0.39473684210526316,0.9037098626429773,0.5290453281389758,0.5219623900028645,-0.08330076789187235,-0.3589414476579105,0.0739425494050731,0.7902292311083458,1.102371677707187
RF_vector,Team (home or away),Arsenal,38,False,26,0.6842105263157895,0.3157894736842105,0.834285049409886,0.4819137608017236,0.5689200828502703,-0.1152904434655192,-0.27259978918965666,-0.2616648605764685,0.9975599547948626,1.4757427581516422
RF_vector,Team (home or away),Aston Villa,38,False,19,0.5,0.5,1.0088557650394918,0.6041459351018633,0.4968638826173856,-0.0031361173826143784,-0.015125294240036677,0.20318420871006881,0.8668230612282943,1.1832771798573858
RF_vector,Team (home or away),Atalanta,38,False,22,0.5789473684210527,0.42105263157894735,0.9408121451763731,0.5537106000679541,0.5229594693409911,-0.05598789908006152,-0.051513225746208056,-0.17015906352580834,0.8744593776231323,1.44264400742614
RF_vector,Team (home or away),Athletic Club,38,False,20,0.5263157894736842,0.4736842105263158,1.0296143753542017,0.6153849087365549,0.5069715389922123,-0.019344250481471925,0.19555107380547962,0.13815960969944155,0.9309286780594841,1.3716086987123095
RF_vector,Team (home or away),Atlético Madrid,38,False,25,0.6578947368421053,0.3421052631578947,0.8998059316651755,0.5260588689182992,0.5605514128397776,-0.0973433240023277,0.007158819423817242,0.08417555345570955,0.8255739912646829,1.229616380411929
RF_vector,Team (home or away),Augsburg,34,False,18,0.5294117647058824,0.47058823529411764,1.0312274180212138,0.6149922638128129,0.5325064724478491,0.00309470774196674,-0.07374286936117669,-0.2289986374205253,0.8871028911081621,1.2482492979523148
RF_vector,Team (home or away),Barcelona,38,False,29,0.7631578947368421,0.23684210526315785,0.7514585325614632,0.4280115113027232,0.631377538400977,-0.13178035633586516,0.31555948598398675,0.3412207347815373,0.9742972684409289,1.264817109417519
RF_vector,Team (home or away),Bayern Munich,34,False,21,0.6176470588235294,0.38235294117647056,0.8846099048042019,0.5222348422592775,0.7061207148985971,0.08847365607506763,-0.40175160830590223,-0.1973202954522049,1.1108247855222675,2.1822359633225825
RF_vector,Team (home or away),Betis,38,False,20,0.5263157894736842,0.4736842105263158,0.9717606095526446,0.5737656037609912,0.4857071437498806,-0.04060864572380357,0.2217280474436865,0.17681109814046986,0.8697282626645911,1.1035606239531657
RF_vector,Team (home or away),Bochum,34,False,20,0.5882352941176471,0.4117647058823529,0.9312759961820594,0.5526500670714906,0.5295031418844595,-0.05873215223318762,-0.4588406926556181,-0.05279264396154055,1.0612457376639024,1.915108420750847
RF_vector,Team (home or away),Bologna,38,False,16,0.42105263157894735,0.5789473684210527,1.0581190651190304,0.6360267090923152,0.47783770051581387,0.05678506893686652,-0.0944961951523375,0.04295494319639052,0.7834116763444282,1.066380688983787
RF_vector,Team (home or away),Brentford,38,False,16,0.42105263157894735,0.5789473684210527,1.1568876632420566,0.7012274850054732,0.4989842827761274,0.07793165119718004,-0.15930959869747852,0.13524517267833547,1.01033525500975,1.5493260145689103
RF_vector,Team (home or away),Brighton & Hove Albion,38,False,18,0.47368421052631576,0.5263157894736843,1.0685184037775202,0.6472493496113901,0.5181856418140217,0.04450143128770595,-0.2611342215943681,-0.24864039115478853,1.122775879801662,1.9979948898225932
RF_vector,Team (home or away),Celta Vigo,38,False,19,0.5,0.5,0.9990447044452854,0.5980290335388024,0.4804085727288061,-0.019591427271193895,-0.029093794204125986,0.15340957630905358,0.8367677187522423,1.0997524953129505
RF_vector,Team (home or away),Chelsea,38,False,17,0.4473684210526316,0.5526315789473684,1.0829491509514275,0.6526997712913545,0.5469999372948284,0.09963151624219685,0.302163951261072,0.30896886329117484,0.8793687131877866,1.1699789277483879
RF_vector,Team (home or away),Cremonese,38,False,22,0.5789473684210527,0.42105263157894735,0.9385755587914458,0.5586401006669711,0.529658905323247,-0.04928846309780566,0.1179112206081398,-0.13217030826450457,0.850416977135583,1.0843289136983163
RF_vector,Team (home or away),Crystal Palace,38,False,21,0.5526315789473685,0.4473684210526315,0.9865860490792574,0.5902074218843076,0.5001263701681884,-0.05250520877918008,0.24448362496896114,0.10628372170403788,0.9241955328939717,1.2893852550467073
RF_vector,Team (home or away),Cádiz,38,False,18,0.47368421052631576,0.5263157894736843,0.9962170493596773,0.5939331512408101,0.5150522545462275,0.04136804401991173,0.19282029713480997,0.29316682152666074,0.890698138548778,1.2347796267231175
RF_vector,Team (home or away),Dortmund,34,False,23,0.6764705882352942,0.32352941176470584,0.8405652100183176,0.4848519548511275,0.5816347352273383,-0.09483585300795583,-0.7587846230394634,-0.02406711268037296,1.1023714367258002,1.9416013813385713
RF_vector,Team (home or away),Eint Frankfurt,34,False,16,0.47058823529411764,0.5294117647058824,1.0303898343704612,0.623033562683975,0.4922654126178992,0.02167717732378155,-0.4845595386707122,0.034155621898643906,0.9161457019280893,1.535253260917506
RF_vector,Team (home or away),Elche,38,False,22,0.5789473684210527,0.42105263157894735,0.9330688406167461,0.5467796237066801,0.5610436975173133,-0.017903670903739344,0.09369408207684024,0.1356800129546504,0.7083721747810927,0.9056871635565784
RF_vector,Team (home or away),Empoli,38,False,20,0.5263157894736842,0.4736842105263158,1.0332941947646843,0.6208422512271008,0.5124192236687126,-0.013896565804971561,0.2102116987230703,0.22979499234080833,0.6891918099057455,0.8268339298998197
RF_vector,Team (home or away),Espanyol,38,False,20,0.5263157894736842,0.4736842105263158,1.0408363956647642,0.6278046665360667,0.473649623530543,-0.05266616594314116,-0.1581316613714185,-0.40080206119683526,0.7949297612945141,0.9415372138815049
RF_vector,Team (home or away),Everton,38,False,16,0.42105263157894735,0.5789473684210527,1.0503050957653703,0.632720681013617,0.5092113364532098,0.08815870487426247,0.2878029503374793,0.03925328347267796,0.8592799966542621,1.2356224180116084
RF_vector,Team (home or away),Fiorentina,38,False,20,0.5263157894736842,0.4736842105263158,0.9961536507099881,0.5944181186949871,0.49985424731097167,-0.026461542162712515,0.15949423072519,0.019434372343342315,0.8074846300038981,1.0637634129641143
RF_vector,Team (home or away),Freiburg,34,False,23,0.6764705882352942,0.32352941176470584,0.888816340250939,0.5141881789304207,0.4865887488249702,-0.18988183941032394,-0.22221730800441036,0.1573609012614059,0.9288812003393397,1.5625110661082566
RF_vector,Team (home or away),Fulham,38,False,21,0.5526315789473685,0.4473684210526315,0.927000366236504,0.5485103699022345,0.5075242567115069,-0.04510732223586156,0.05469326396422014,-0.15371927173605424,0.8758421269926542,1.2030606623286262
RF_vector,Team (home or away),Getafe,38,False,18,0.47368421052631576,0.5263157894736843,1.0629090081056576,0.6466425607970542,0.48498064106898364,0.011296430542667879,0.2259773027939382,0.30277070116611576,0.8784623032860983,1.1313512819090097
RF_vector,Team (home or away),Girona,38,False,21,0.5526315789473685,0.4473684210526315,1.0470989730504487,0.6338245511873333,0.48882032127763114,-0.06381125766973733,-0.20353156197648134,-0.1152954604859281,0.813125356428764,1.262421915180304
RF_vector,Team (home or away),Gladbach,34,False,13,0.38235294117647056,0.6176470588235294,1.101504089088829,0.6744480356375143,0.4915003549247415,0.10914741374827092,-0.5019451588853402,0.1405285189564141,1.0723279753826314,1.8273946054467187
RF_vector,Team (home or away),Hellas Verona,39,False,24,0.6153846153846154,0.3846153846153846,0.9244431089689024,0.5433227919607424,0.4907530183848135,-0.12463159699980192,0.22893721221605937,0.1117554806157455,0.7501343899085037,1.0208805838195458
RF_vector,Team (home or away),Hertha BSC,34,False,21,0.6176470588235294,0.38235294117647056,0.9016244859136096,0.5250939020445972,0.5173047007621779,-0.1003423580613515,-0.40350009731960745,-0.10117154516547709,0.919820000999434,1.4633913695189193
RF_vector,Team (home or away),Hoffenheim,34,False,21,0.6176470588235294,0.38235294117647056,0.948269428094328,0.5618085413013565,0.4871696016692867,-0.13047745715424275,-0.10095901411095844,-0.21572415922615507,0.9499834196731625,1.425635002929903
RF_vector,Team (home or away),Inter,38,False,23,0.6052631578947368,0.39473684210526316,0.9110843910811403,0.5309962665741793,0.5975288746005498,-0.0077342832941870165,-0.12069971053507655,0.06905837440119285,0.9591419530629326,1.551503133266045
RF_vector,Team (home or away),Juventus,38,False,24,0.631578947368421,0.368421052631579,0.8886029898276789,0.5171322841282173,0.543296373502335,-0.08828257386608607,0.04521115917610558,0.40234025015779623,0.9342129290097747,1.2857282308216014
RF_vector,Team (home or away),Köln,34,False,13,0.38235294117647056,0.6176470588235294,1.1038525170440125,0.6724638591665328,0.48754138456524554,0.10518844338877498,-0.3267583970712544,0.018820853697278737,1.1188922679163031,2.2629968156506766
RF_vector,Team (home or away),Lazio,38,False,21,0.5526315789473685,0.4473684210526315,0.9860784454653384,0.586531063537425,0.5210372026462726,-0.03159437630109585,0.3516319100430321,0.05089265984775673,0.9177708144640512,1.2315822979578155
RF_vector,Team (home or away),Lecce,38,False,16,0.42105263157894735,0.5789473684210527,1.0544440225676779,0.6382104914187714,0.505865525108155,0.08481289352920762,0.40839956748713035,0.17844820553461008,0.6685436551972205,0.6348078187537388
RF_vector,Team (home or away),Leeds United,38,False,23,0.6052631578947368,0.39473684210526316,0.9864933177829751,0.5832688592753944,0.5049029930729465,-0.10036016482179033,-0.2539670998822453,-0.3056288791603026,1.0171299643039375,1.8254071598371497
RF_vector,Team (home or away),Leicester City,38,False,18,0.47368421052631576,0.5263157894736843,0.9613736742416107,0.5703067514821728,0.5031706175279496,0.029486407001633796,-0.13896747519152008,-0.21307359772464163,1.0281938425012522,1.732678291275161
RF_vector,Team (home or away),Leverkusen,34,False,16,0.47058823529411764,0.5294117647058824,1.0878907552823307,0.6577771887934134,0.5213330703617617,0.050744835067644045,-0.1983103953440206,-0.06385022785246311,1.025090836613561,1.589866390529979
RF_vector,Team (home or away),Liverpool,38,False,19,0.5,0.5,1.0566727484115577,0.6407673018319106,0.611977913099162,0.11197791309916205,-0.34733323007515116,0.13268056676148193,1.1956783980283041,2.5532731325743856
RF_vector,Team (home or away),Mainz 05,34,False,15,0.4411764705882353,0.5588235294117647,1.1255004276917955,0.685900571528099,0.48214639446747526,0.04096992387923998,-0.2785108274593511,-0.21318752023465162,1.0158630015834218,1.7886433164818865
RF_vector,Team (home or away),Mallorca,38,False,20,0.5263157894736842,0.4736842105263158,1.0275412927814387,0.6145339061728903,0.4842385223407699,-0.042077267132914264,0.04759541930411286,0.4501979688238672,0.8460921622092311,1.0744559705469556
RF_vector,Team (home or away),Manchester City,38,False,28,0.7368421052631579,0.26315789473684215,0.705573395588182,0.3901068283595644,0.6712501216545121,-0.06559198360864571,-0.19991903014196274,0.06423492305900808,0.9140768012128772,1.3300490613634457
RF_vector,Team (home or away),Manchester United,38,False,26,0.6842105263157895,0.3157894736842105,0.858913418204836,0.4976661977411533,0.5493972691402981,-0.13481325717549142,-0.23135409171974225,0.4286127402222336,0.9470376104844768,1.5899715321847743
RF_vector,Team (home or away),Milan,38,False,18,0.47368421052631576,0.5263157894736843,0.9880835796620783,0.5947415040622372,0.5584022376331442,0.08471802710682846,-0.12604076852155258,0.13286828346505092,0.8572380755702074,1.352166101364652
RF_vector,Team (home or away),Monza,38,False,16,0.42105263157894735,0.5789473684210527,1.0802245714010283,0.6533817435108393,0.4941740715071994,0.07312143992825204,-0.001794898211556738,0.021920161149393273,0.8276549009837187,1.069094250017874
RF_vector,Team (home or away),Napoli,38,False,27,0.7105263157894737,0.2894736842105263,0.8101839163681699,0.46592490552261934,0.5809759147233897,-0.12955040106608395,0.1855497827468515,-0.06509198416532772,0.9018609336631557,1.344643859241269
RF_vector,Team (home or away),Newcastle United,38,False,21,0.5526315789473685,0.4473684210526315,0.9984369287533896,0.6010436825348483,0.5180606339218986,-0.03457094502546987,0.09203110429612975,0.045119394787904554,1.0050047606550387,1.7672922982244192
RF_vector,Team (home or away),Nottingham Forest,38,False,18,0.47368421052631576,0.5263157894736843,0.985671745971948,0.5887215876553448,0.5488113216662611,0.07512711113994536,-0.32942930901287437,0.3310086913000711,0.8297972467047677,1.2022645564942354
RF_vector,Team (home or away),Osasuna,38,False,22,0.5789473684210527,0.42105263157894735,0.9510681269800556,0.5629305065647912,0.4862425002199715,-0.09270486820108115,0.2833776719558534,0.2516182658140536,0.7478258318262704,0.8181952391806794
RF_vector,Team (home or away),RB Leipzig,34,False,21,0.6176470588235294,0.38235294117647056,0.921025820959954,0.5393203629914611,0.5747596540302675,-0.04288740479326192,-0.18351489026062517,-0.01084793824009052,0.9620118923155654,1.4652278676338488
RF_vector,Team (home or away),Rayo Vallecano,38,False,14,0.3684210526315789,0.631578947368421,1.0739235354697911,0.6500496081032738,0.4782631816683819,0.10984212903680296,-0.10809210312140069,0.1460613793836528,0.7978829677605601,1.111979388683143
RF_vector,Team (home or away),Real Madrid,38,False,26,0.6842105263157895,0.3157894736842105,0.833472456124074,0.4838656187497518,0.6165684797051025,-0.06764204661068696,-0.019860899539616818,0.07571296447106132,0.7791343582473061,1.098184019850228
RF_vector,Team (home or away),Real Sociedad,38,False,21,0.5526315789473685,0.4473684210526315,0.9985272922376702,0.5975473098315035,0.4892812011281001,-0.06335037781926839,0.29447749703376475,0.10476465151096627,0.8031419032782675,1.0517672577555333
RF_vector,Team (home or away),Roma,38,False,23,0.6052631578947368,0.39473684210526316,0.940673705982959,0.554221942062562,0.5185508282216192,-0.0867123296731176,0.14315514828911274,0.2743965339560339,0.7435946623733769,0.9080391443917867
RF_vector,Team (home or away),Salernitana,38,False,17,0.4473684210526316,0.5526315789473684,1.0976483405551885,0.6737823943166772,0.5274404118404089,0.08007199078777733,-0.2765968579455458,0.10104735181089777,0.947197055560045,1.6543020304532214
RF_vector,Team (home or away),Sampdoria,38,False,22,0.5789473684210527,0.42105263157894735,0.8952814255841145,0.5244307375481074,0.52929965604375,-0.0496477123773027,0.03131622457435892,0.18633171945859275,0.8232452272610096,1.072315898767433
RF_vector,Team (home or away),Sassuolo,38,False,17,0.4473684210526316,0.5526315789473684,1.0126372886804575,0.6016760365322587,0.502542054935085,0.05517363388245339,-0.1378195741788478,0.01474168644295211,0.8664402608055902,1.3585137274159316
RF_vector,Team (home or away),Schalke 04,34,False,19,0.5588235294117647,0.4411764705882353,0.9341363004322462,0.5525792467552282,0.5392286639218193,-0.01959486548994538,-0.1655486158801222,-0.15984244537212716,1.0525924143165069,1.937944165836421
RF_vector,Team (home or away),Sevilla,38,False,16,0.42105263157894735,0.5789473684210527,1.0230696036115479,0.613555260382423,0.4901055395177532,0.06905290793880586,0.1252531377832022,-0.07645139249983665,0.7415310126102312,0.9476973401936171
RF_vector,Team (home or away),Southampton,38,False,22,0.5789473684210527,0.42105263157894735,0.9882583720247089,0.5929766315472158,0.5291646439628789,-0.04978272445817378,0.07946502554958171,-0.17292450611414073,0.9201286031904944,1.271822590739353
RF_vector,Team (home or away),Spezia,39,False,20,0.5128205128205128,0.4871794871794872,0.9809367191654541,0.5799457196449409,0.518343278006992,0.005522765186479206,0.19837434009914776,0.1202287186176753,0.7922902981226401,0.8647133469548902
RF_vector,Team (home or away),Stuttgart,34,False,14,0.4117647058823529,0.5882352941176471,1.0385877355174409,0.627288814972963,0.49089974307282785,0.07913503719047493,-0.18401748647122784,-0.08966005437345907,0.7601366350965303,1.0104182594116953
RF_vector,Team (home or away),Torino,38,False,17,0.4473684210526316,0.5526315789473684,1.0654210008123683,0.6446456504433588,0.4854277033997202,0.03805928234708861,0.49998996400460183,-0.060995634493977866,0.745633575559885,0.8976525838741294
RF_vector,Team (home or away),Tottenham Hotspur,38,False,25,0.6578947368421053,0.3421052631578947,0.9056869616090126,0.5260804399389726,0.5303878430410404,-0.12750689380106495,-0.40372768852574825,-0.24847591513422482,1.0206961260265615,1.7228293683017093
RF_vector,Team (home or away),Udinese,38,False,19,0.5,0.5,1.0522244107597942,0.6378697694943493,0.5017958054460264,0.0017958054460264217,-0.04006361109370698,0.23823889064688872,0.8934810844664716,1.0980083072578921
RF_vector,Team (home or away),Union Berlin,34,False,17,0.5,0.5,1.0391961918960277,0.6307642239564056,0.479123304968716,-0.020876695031283976,-0.2056397103221014,0.24373621736370374,0.9607937608179713,1.5904810705843901
RF_vector,Team (home or away),Valencia,38,False,18,0.47368421052631576,0.5263157894736843,1.0138555698183294,0.6070319181460618,0.47722111522732796,0.0035369047010122,0.06501510122251608,0.2807875044084952,0.713055138808264,0.8072488619562046
RF_vector,Team (home or away),Valladolid,38,False,21,0.5526315789473685,0.4473684210526315,0.9503182569228912,0.5578853993340221,0.5049426883900451,-0.04768889055732339,-0.03996305867746443,0.19295525479995945,0.9230999769937841,1.3487250756307756
RF_vector,Team (home or away),Villarreal,38,False,19,0.5,0.5,1.0327298759614383,0.615287204390586,0.5193915315426548,0.019391531542654827,0.010632573957997672,0.14796658612747252,0.8790740311524256,1.2304095309791336
RF_vector,Team (home or away),Werder Bremen,34,False,18,0.5294117647058824,0.47058823529411764,0.9859106447228099,0.5875275635570657,0.5042739673899916,-0.02513779731589072,-0.2669252784842578,-0.3424414383449832,0.878884477573243,1.6372944472041187
RF_vector,Team (home or away),West Ham United,38,False,21,0.5526315789473685,0.4473684210526315,0.9243500486295959,0.5422735354129774,0.502736533503673,-0.049895045443695496,0.029532097816715994,0.1705934479310294,0.8314860365312612,1.1798608472229997
RF_vector,Team (home or away),Wolfsburg,34,False,15,0.4411764705882353,0.5588235294117647,1.0514103916298114,0.6340629109200633,0.48573483233066644,0.04455836174243116,-0.14013693556571838,-0.19021889508891413,1.11876939411449,2.031931651465294
RF_vector,Team (home or away),Wolverhampton Wanderers,38,False,21,0.5526315789473685,0.4473684210526315,0.9309515802248064,0.5452102249520439,0.4957169882173042,-0.056914590730064274,-0.019045761144191032,0.38111742688942507,0.8514604881003062,1.2685303281163431
Market,Team (home or away),AFC Bournemouth,38,False,23,0.6052631578947368,0.39473684210526316,0.9104157853392446,0.5324143070762807,0.5619413808495223,-0.04332177704521456,,,,
Market,Team (home or away),Almería,38,False,23,0.6052631578947368,0.39473684210526316,0.8991014101524512,0.5264638029639643,0.5232860329235806,-0.08197712497115628,,,,
Market,Team (home or away),Arsenal,38,False,27,0.7105263157894737,0.2894736842105263,0.826580318987179,0.47593092870273707,0.5841013385343424,-0.12642497725513124,,,,
Market,Team (home or away),Aston Villa,38,False,19,0.5,0.5,1.007084559409441,0.6017075457189518,0.49613518982669863,-0.0038648101733013696,,,,
Market,Team (home or away),Atalanta,38,False,22,0.5789473684210527,0.42105263157894735,0.9678000309702742,0.5699218640930044,0.5282147317479007,-0.050732636673151976,,,,
Market,Team (home or away),Athletic Club,38,False,20,0.5263157894736842,0.4736842105263158,1.0369133567125552,0.6182099523020586,0.5043810396575757,-0.021934749816108434,,,,
Market,Team (home or away),Atlético Madrid,38,False,25,0.6578947368421053,0.3421052631578947,0.9097734776708851,0.5341723248312739,0.5425567373436762,-0.11533799949842916,,,,
Market,Team (home or away),Augsburg,34,False,17,0.5,0.5,1.0507429613560402,0.623586795058122,0.5411274960719763,0.0411274960719763,,,,
Market,Team (home or away),Barcelona,38,False,29,0.7631578947368421,0.23684210526315785,0.7406900090392246,0.4208195216858122,0.6332961464189353,-0.12986174831790687,,,,
Market,Team (home or away),Bayern Munich,34,False,21,0.6176470588235294,0.38235294117647056,0.9213531878334805,0.54108939660932,0.7295336277276627,0.11188656890413329,,,,
Market,Team (home or away),Betis,38,False,20,0.5263157894736842,0.4736842105263158,0.9885707566719075,0.5852463108329004,0.4809010352627346,-0.04541475421094959,,,,
Market,Team (home or away),Bochum,34,False,20,0.5882352941176471,0.4117647058823529,0.9281252341135989,0.5498442777158299,0.5378454846452818,-0.050389809472365266,,,,
Market,Team (home or away),Bologna,38,False,16,0.42105263157894735,0.5789473684210527,1.0536313018002743,0.631781479581022,0.4740723586113877,0.053019727032440345,,,,
Market,Team (home or away),Brentford,38,False,15,0.39473684210526316,0.6052631578947368,1.1444163559618985,0.6925795168892585,0.49677688471159603,0.10204004260633287,,,,
Market,Team (home or away),Brighton & Hove Albion,38,False,19,0.5,0.5,1.0682724288995322,0.6438899841151104,0.526485333552675,0.026485333552675017,,,,
Market,Team (home or away),Celta Vigo,38,False,18,0.47368421052631576,0.5263157894736843,0.9923444792418767,0.594562340587733,0.47401975438908417,0.000335543862768406,,,,
Market,Team (home or away),Chelsea,38,False,18,0.47368421052631576,0.5263157894736843,1.0475840443709268,0.6286808368012158,0.5372766798321365,0.06359246930582069,,,,
Market,Team (home or away),Cremonese,38,False,21,0.5526315789473685,0.4473684210526315,0.9305833685396745,0.5564428993081101,0.5339246370173801,-0.01870694192998834,,,,
Market,Team (home or away),Crystal Palace,38,False,22,0.5789473684210527,0.42105263157894735,0.98348257841156,0.5922135109926089,0.502516513375792,-0.0764308550452607,,,,
Market,Team (home or away),Cádiz,38,False,17,0.4473684210526316,0.5526315789473684,0.9975640337640591,0.5954952939273767,0.513747839199574,0.06637941814694243,,,,
Market,Team (home or away),Dortmund,34,False,23,0.6764705882352942,0.32352941176470584,0.8485288591062748,0.48925132003837035,0.5711334683052877,-0.1053371199300065,,,,
Market,Team (home or away),Eint Frankfurt,34,False,15,0.4411764705882353,0.5588235294117647,1.0404952300850447,0.6291189453847326,0.49235842338790914,0.05118195279967386,,,,
Market,Team (home or away),Elche,38,False,22,0.5789473684210527,0.42105263157894735,0.9390597001211773,0.5471028756331103,0.5650179828415581,-0.013929385579494524,,,,
Market,Team (home or away),Empoli,38,False,20,0.5263157894736842,0.4736842105263158,1.0258652787510243,0.618801638568743,0.5116392504939193,-0.014676538979764842,,,,
Market,Team (home or away),Espanyol,38,False,20,0.5263157894736842,0.4736842105263158,1.0416513986450706,0.6288805332209833,0.470275471881187,-0.05604031759249717,,,,
Market,Team (home or away),Everton,38,False,15,0.39473684210526316,0.6052631578947368,1.071750425285036,0.6444662080045787,0.5125699771105445,0.11783313500528136,,,,
Market,Team (home or away),Fiorentina,38,False,19,0.5,0.5,0.9814741984285138,0.5878397473280355,0.5014295973563319,0.0014295973563318576,,,,
Market,Team (home or away),Freiburg,34,False,24,0.7058823529411765,0.2941176470588235,0.8856932254190402,0.5142055981599506,0.48665743915946796,-0.21922491378170855,,,,
Market,Team (home or away),Fulham,38,False,22,0.5789473684210527,0.42105263157894735,0.9375954278424871,0.5553427107758248,0.506084925496357,-0.07286244292469568,,,,
Market,Team (home or away),Getafe,38,False,17,0.4473684210526316,0.5526315789473684,1.0597503463037163,0.6488792942629251,0.47647070455165863,0.02910228349902705,,,,
Market,Team (home or away),Girona,38,False,22,0.5789473684210527,0.42105263157894735,1.0510399233662915,0.6383253884343923,0.483148347640779,-0.09579902078027364,,,,
Market,Team (home or away),Gladbach,34,False,13,0.38235294117647056,0.6176470588235294,1.1029142213155696,0.6732590418878457,0.4943510352199258,0.11199809404345523,,,,
Market,Team (home or away),Hellas Verona,39,False,24,0.6153846153846154,0.3846153846153846,0.9179598169331555,0.5400326346174094,0.48421382553433273,-0.1311707898502827,,,,
Market,Team (home or away),Hertha BSC,34,False,21,0.6176470588235294,0.38235294117647056,0.8978703953080561,0.521376585346254,0.5186740050874932,-0.09897305373603626,,,,
Market,Team (home or away),Hoffenheim,34,False,20,0.5882352941176471,0.4117647058823529,0.9646338913110251,0.5725777842759673,0.49074377320226376,-0.09749152091538332,,,,
Market,Team (home or away),Inter,38,False,22,0.5789473684210527,0.42105263157894735,0.9376929590138341,0.5469280705908351,0.586515783910586,0.007568415489533353,,,,
Market,Team (home or away),Juventus,38,False,24,0.631578947368421,0.368421052631579,0.9077980011573814,0.529352852785629,0.5286452478759432,-0.10293369949247777,,,,
Market,Team (home or away),Köln,34,False,13,0.38235294117647056,0.6176470588235294,1.1061730444010807,0.6738043123199886,0.485213981505039,0.10286104032856846,,,,
Market,Team (home or away),Lazio,38,False,19,0.5,0.5,1.0011903833131306,0.5955814907149706,0.5077218562781862,0.007721856278186223,,,,
Market,Team (home or away),Lecce,38,False,16,0.42105263157894735,0.5789473684210527,1.0566513442248315,0.6395418563931191,0.5004059872242145,0.07935335564526713,,,,
Market,Team (home or away),Leeds United,38,False,23,0.6052631578947368,0.39473684210526316,0.9921234491458744,0.5888341288148022,0.5083467882060496,-0.09691636968868722,,,,
Market,Team (home or away),Leicester City,38,False,18,0.47368421052631576,0.5263157894736843,0.9592476465671972,0.569001657656852,0.5053674788844598,0.031683268358144,,,,
Market,Team (home or away),Leverkusen,34,False,16,0.47058823529411764,0.5294117647058824,1.0990745358526448,0.6628005216342154,0.5089046836557921,0.03831644836167447,,,,
Market,Team (home or away),Liverpool,38,False,19,0.5,0.5,1.0634184376328806,0.6435670178289501,0.612820483962845,0.11282048396284505,,,,
Market,Team (home or away),Mainz 05,34,False,15,0.4411764705882353,0.5588235294117647,1.115539235500721,0.6782632519565734,0.48336285243538457,0.04218638184714929,,,,
Market,Team (home or away),Mallorca,38,False,17,0.4473684210526316,0.5526315789473684,1.0402185430313193,0.6201653524894352,0.47712146750450374,0.029753046451872156,,,,
Market,Team (home or away),Manchester City,38,False,28,0.7368421052631579,0.26315789473684215,0.6968211812701697,0.3864688120486378,0.7113914428832494,-0.02545066237990845,,,,
Market,Team (home or away),Manchester United,38,False,26,0.6842105263157895,0.3157894736842105,0.8746309730458677,0.508302241484726,0.546551424067478,-0.13765910224831146,,,,
Market,Team (home or away),Milan,38,False,18,0.47368421052631576,0.5263157894736843,0.9899653783551667,0.5978554194064132,0.5507228130451586,0.07703860251884281,,,,
Market,Team (home or away),Monza,38,False,16,0.42105263157894735,0.5789473684210527,1.0839340675155065,0.6541617935030395,0.4945503003085488,0.07349766872960145,,,,
Market,Team (home or away),Napoli,38,False,27,0.7105263157894737,0.2894736842105263,0.8120900616637589,0.46755679146844686,0.5881490872536229,-0.12237722853585076,,,,
Market,Team (home or away),Newcastle United,38,False,20,0.5263157894736842,0.4736842105263158,0.989351254248075,0.6005304782838247,0.525292100518068,-0.0010236889556162199,,,,
Market,Team (home or away),Nottingham Forest,38,False,19,0.5,0.5,0.9981101813092418,0.5953882628042967,0.5544801585028839,0.0544801585028839,,,,
Market,Team (home or away),Osasuna,38,False,22,0.5789473684210527,0.42105263157894735,0.9480174488217232,0.5615172822213238,0.47814010133125484,-0.10080726708979781,,,,
Market,Team (home or away),RB Leipzig,34,False,21,0.6176470588235294,0.38235294117647056,0.9197111713435763,0.5400255144748086,0.5653247669926933,-0.05232229183083614,,,,
Market,Team (home or away),Rayo Vallecano,38,False,15,0.39473684210526316,0.6052631578947368,1.0863954901852146,0.6588560987048699,0.4773329340063284,0.08259609190106526,,,,
Market,Team (home or away),Real Madrid,38,False,26,0.6842105263157895,0.3157894736842105,0.8270336233843143,0.4801650050342391,0.6072113421654614,-0.07699918415032814,,,,
Market,Team (home or away),Real Sociedad,38,False,22,0.5789473684210527,0.42105263157894735,0.992671733663798,0.5942050189166825,0.48004345931551756,-0.09890390910553509,,,,
Market,Team (home or away),Roma,38,False,22,0.5789473684210527,0.42105263157894735,0.9342963566068704,0.5500082268010754,0.5128993256069972,-0.06604804281405541,,,,
Market,Team (home or away),Salernitana,38,False,15,0.39473684210526316,0.6052631578947368,1.0874218666141398,0.6708589635748125,0.5372929248030234,0.1425560826977602,,,,
Market,Team (home or away),Sampdoria,38,False,21,0.5526315789473685,0.4473684210526315,0.8705443886440245,0.5100921598441057,0.5369155702605596,-0.01571600868680889,,,,
Market,Team (home or away),Sassuolo,38,False,19,0.5,0.5,1.0239399223386894,0.6079094590424423,0.5000738426041447,7.384260414466937e-05,,,,
Market,Team (home or away),Schalke 04,34,False,19,0.5588235294117647,0.4411764705882353,0.9298819460869497,0.5503213539188415,0.5370464783933426,-0.02177705101842209,,,,
Market,Team (home or away),Sevilla,38,False,17,0.4473684210526316,0.5526315789473684,1.0284860275171706,0.6170837507912172,0.4755808718606191,0.02821245080798751,,,,
Market,Team (home or away),Southampton,38,False,23,0.6052631578947368,0.39473684210526316,0.9923748549589175,0.5965280878046553,0.5310612770670579,-0.07420188082767898,,,,
Market,Team (home or away),Spezia,39,False,19,0.48717948717948717,0.5128205128205128,0.9675774861950325,0.5737581821126937,0.5200082373170978,0.03282875013761061,,,,
Market,Team (home or away),Stuttgart,34,False,15,0.4411764705882353,0.5588235294117647,1.0503771496848295,0.6345989396009406,0.4898660556687566,0.04868958508052129,,,,
Market,Team (home or away),Torino,38,False,16,0.42105263157894735,0.5789473684210527,1.0676280630416182,0.6467239922412146,0.4763704466274054,0.05531781504845806,,,,
Market,Team (home or away),Tottenham Hotspur,38,False,25,0.6578947368421053,0.3421052631578947,0.9149114443694417,0.5332966771673876,0.5179519711948245,-0.1399427656472808,,,,
Market,Team (home or away),Udinese,38,False,18,0.47368421052631576,0.5263157894736843,1.0495924490230175,0.63875308052774,0.49504475631642353,0.021360545790107766,,,,
Market,Team (home or away),Union Berlin,34,False,18,0.5294117647058824,0.47058823529411764,1.0270581061689514,0.622173923134642,0.4808371395187789,-0.04857462518710348,,,,
Market,Team (home or away),Valencia,38,False,18,0.47368421052631576,0.5263157894736843,1.0399602577243139,0.623500705721387,0.4712159617199671,-0.0024682488063486607,,,,
Market,Team (home or away),Valladolid,38,False,22,0.5789473684210527,0.42105263157894735,0.9500509354708547,0.5572623003280405,0.5026761799687461,-0.07627118845230652,,,,
Market,Team (home or away),Villarreal,38,False,20,0.5263157894736842,0.4736842105263158,1.0256174056043008,0.6110312601961884,0.5053911191853496,-0.020924670288334557,,,,
Market,Team (home or away),Werder Bremen,34,False,18,0.5294117647058824,0.47058823529411764,0.9910772728778383,0.5909722814823861,0.5054314238102833,-0.023980340895599084,,,,
Market,Team (home or away),West Ham United,38,False,23,0.6052631578947368,0.39473684210526316,0.9226179306933989,0.5426561558901981,0.5007483693224098,-0.10451478857232699,,,,
Market,Team (home or away),Wolfsburg,34,False,15,0.4411764705882353,0.5588235294117647,1.059873598078461,0.6387409740028518,0.4852505956193914,0.0440741250311561,,,,
Market,Team (home or away),Wolverhampton Wanderers,38,False,22,0.5789473684210527,0.42105263157894735,0.9223761310242714,0.5381714634070607,0.4936818972177976,-0.08526547120325506,,,,
